experiment_id,track_id,algorithm,seed,num_agents,case_dir,status,target_agent,episode_steps,warmup_steps,race_speed_mean,race_speed_p10,race_speed_p50,race_speed_p90,race_lat_mean,race_lat_p90,target_speed_mean,target_speed_p10,target_speed_p50,target_speed_p90,target_speed_std,target_lat_mean,target_lat_p90,target_lat_max,target_grass_fraction,target_backward_fraction,episode_min_pair_gap,target_contact_steps,guard_fraction_episode,neighbor_steps,neighbor_admitted_mean,neighbor_churn_rate,neighbor_distinct_total,neighbor_residence_mean,best_lead_any,worst_lead_any,lead_margin_to_pass_gate
M10_scale,procedural,dlc_individual_transition,21,10,M10_scale_n10_seed21,ok,9,2200,300,16.827838933805975,9.606055368841439,18.509553898912152,23.070151850520187,0.5991029026029565,0.8864104211330416,17.335500697235098,9.665735210533919,20.122585712019188,23.04096031403678,5.391425698191546,0.5508785298638031,0.8658949315547944,0.9490336179733276,0.0,0.0,3.287361800018323,0,0.0,0,nan,nan,nan,nan,237.9999966332207,-217.00000080735924,233.9999966332207
M10_scale,procedural,dlc_joint_transition,21,10,M10_scale_n10_seed21,ok,9,2200,300,16.203782549728853,11.6148357391001,14.389604468005913,22.980039260472175,0.6418292025123772,0.9895406484603883,16.540653741596373,11.671741650443478,15.816095612731644,22.94246454128403,4.541252594995492,0.6119535830274055,0.9867909371852875,1.0397816896438599,0.017272727272727273,0.0,3.07271884428305,449,0.0,0,nan,nan,nan,nan,196.000002400752,-217.00000080735924,192.000002400752
M10_scale,procedural,dlc_joint_transition_observer,21,10,M10_scale_n10_seed21,ok,9,2200,300,13.334088670285519,11.830432293180866,12.69965743556711,16.345254303726243,0.4425361538060947,1.0175038695335388,13.08904320407712,11.52011408987421,12.619920117442152,16.312774549474387,2.0114568882720922,0.4383718395045699,1.005093252658844,1.256280541419983,0.10772727272727273,0.0,2.3940991993400647,1496,0.0,0,nan,nan,nan,nan,31.500002189260158,-220.5000043099633,27.500002189260158
M10_scale,procedural,ppo_continuous,21,10,M10_scale_n10_seed21,ok,9,2200,300,15.474672963677614,1.679628897101978e-07,0.3104891016585361,47.150668666233635,9.115036201363576,11.624408721923828,17.163907666811962,2.0713906049729439e-07,0.7544428187115471,46.581352298824605,19.413111025769577,8.107212912447073,11.624408721923828,13.555838584899902,0.9159090909090909,0.24681818181818183,7.199564828205868,0,0.0,0,nan,nan,nan,nan,0.0,-1288.0000035700866,-4.0
M10_scale,procedural,rule_expert_gate,21,10,M10_scale_n10_seed21,ok,9,2200,300,12.411592879230314,6.946590704810829,10.054446581423777,25.125412858831286,2.805085627362287,6.154793977737428,13.354830664432251,7.218159098834408,10.080383131766041,26.27348052881095,6.6597168548885435,2.460439085465175,6.023010015487672,7.088518142700195,0.6354545454545455,0.03727272727272727,2.802573890156196,1620,0.0,0,nan,nan,nan,nan,133.00000158440696,-269.5000036807887,129.00000158440696
M10_scale,procedural,sac_continuous,21,10,M10_scale_n10_seed21,ok,9,2200,300,2.002314508334047,1.4646501664540234e-13,0.00010925700088847473,4.878055013307051,2.046648466440261,4.375671863555908,1.901138381858884,7.333520201432232e-14,6.964030410544882e-05,4.875135069420171,4.170263460325175,1.8308330636896955,4.37533860206604,4.446143627166748,0.40545454545454546,0.018636363636363635,7.222429594640221,0,0.0,0,nan,nan,nan,nan,-7.000000661987315,-735.000001975646,-11.000000661987315
M10_scale,procedural,td3_continuous,21,10,M10_scale_n10_seed21,ok,9,2200,300,13.58529686163152,11.48912279661711,13.248945212667959,15.675270568576924,8.258729743455586,9.953474044799805,13.8462100354469,11.09207761705244,13.277287105935564,16.257800939307593,3.6734162483746693,7.709402233511209,9.903504943847656,10.549002647399902,0.97,0.46636363636363637,7.213083272863502,0,0.0,0,nan,nan,nan,nan,-3.4999999146259597,-700.000003213921,-7.49999991462596
M10_scale,procedural,dlc_individual_transition,22,10,M10_scale_n10_seed22,ok,9,2200,300,6.685057806116063,0.48324943851842045,1.0461870766628458,21.578698842782924,1.4110445568906633,2.1948481082916262,8.34906394911494,0.4911885173692845,1.4754196707389957,21.40745647857309,9.124082155080384,1.2577019547111228,2.1716549396514893,2.2645533084869385,0.5804545454545454,0.3245454545454545,3.0211006178240973,1371,0.0,0,nan,nan,nan,nan,136.5000048681194,-398.99999972413366,132.5000048681194
M10_scale,procedural,dlc_joint_transition,22,10,M10_scale_n10_seed22,ok,9,2200,300,17.04857544686351,11.52254760512042,19.149533079447174,21.47810615293173,0.7411852277162191,0.9919540286064148,17.39639577944199,11.929920650999822,19.830823360135568,21.44909793049724,4.243611195105363,0.7020454272569623,0.9904209911823273,1.0644822120666504,0.038636363636363635,0.0,2.7109793222581864,40,0.0,0,nan,nan,nan,nan,248.5000021105643,-213.50000217183674,244.5000021105643
M10_scale,procedural,dlc_joint_transition_observer,22,10,M10_scale_n10_seed22,ok,9,2200,300,17.475877149176302,12.693156044601015,17.938823797797237,21.862465819264322,4.227389583394933,10.275144386291505,17.680841773083483,12.773037575077922,18.229426968814206,21.29580456658782,3.274020293126561,3.755722916359651,10.149203968048097,10.849276542663574,0.5768181818181818,0.15318181818181817,3.013890804381932,120,0.0,0,nan,nan,nan,nan,245.0000037518671,-213.50000217183674,241.0000037518671
M10_scale,procedural,ppo_continuous,22,10,M10_scale_n10_seed22,ok,9,2200,300,35.1407653281694,21.737222999816737,37.27229423495572,45.76170957504325,5.61528002569746,8.983470916748047,33.95322394024779,21.447045569387303,35.74170991790128,45.45283447773351,9.217763809481959,5.2871350227990614,8.846734428405762,10.173717498779297,0.9572727272727273,0.43863636363636366,7.154030149999502,0,0.0,0,nan,nan,nan,nan,7.00000169679447,-640.5000008118122,3.0000016967944703
M10_scale,procedural,rule_expert_gate,22,10,M10_scale_n10_seed22,ok,9,2200,300,15.972531872128066,12.39084603321303,14.534310288757622,22.243256898888863,0.794119236166834,1.848812353610993,17.01502461109539,12.505487573897376,14.816477367208513,26.51041326018738,5.0179435986908345,0.7222964878227371,1.7938076734542847,2.858883857727051,0.3322727272727273,0.11409090909090909,2.578048649676959,945,0.0,0,nan,nan,nan,nan,150.5000082959566,-213.50000217183674,146.5000082959566
M10_scale,procedural,sac_continuous,22,10,M10_scale_n10_seed22,ok,9,2200,300,2.093182539662116,4.384526025233066e-19,2.964956648911048e-06,5.486295211559941,1.6780903604861936,3.451399803161621,2.217559739626986,3.507915073930843e-18,1.5006151361636336e-05,4.986775210889669,3.620991164912402,1.5086779670620507,3.451399803161621,3.6208293437957764,0.4122727272727273,0.0,6.12544831379996,0,0.0,0,nan,nan,nan,nan,3.500001739327672,-654.4999988782131,-0.4999982606723279
M10_scale,procedural,td3_continuous,22,10,M10_scale_n10_seed22,ok,9,2200,300,1.5162523622230837,1.435236904229542e-12,9.15589355897459e-07,5.529955861631104,2.5717501091329673,2.858644723892212,2.4687221395800103,1.1313572246515362e-12,1.6508496693087596e-06,5.754647020406452,5.5307086332161655,2.678100910322233,4.31669707298279,4.691627502441406,0.9668181818181818,0.9372727272727273,6.213180648333078,0,0.0,0,nan,nan,nan,nan,7.000003478655344,-759.4999967717608,3.0000034786553442
M10_scale,procedural,dlc_individual_transition,23,10,M10_scale_n10_seed23,ok,9,2200,300,21.538496461414997,18.748390825035745,22.54193086517491,23.78191448078887,0.8931414511171706,0.9882275819778442,21.135121664815955,18.357704347758744,21.39212505870206,23.775108128678188,2.5899798114452985,0.8091180657101623,0.9860866367816925,3.398465394973755,0.07181818181818182,0.0,2.889087774774859,12,0.0,0,nan,nan,nan,nan,346.4999986707294,-213.5000068647097,342.4999986707294
M10_scale,procedural,dlc_joint_transition,23,10,M10_scale_n10_seed23,ok,9,2200,300,18.349027476635126,14.04007203398736,15.524427608139021,28.469660854884825,0.8232057498043134,0.9996274411678314,18.401259970001462,14.099913044786005,16.165280774835345,28.317543430798946,5.401435744728705,0.7746312346307043,0.999006587266922,1.031659722328186,0.07818181818181819,0.0,2.93059280332748,15,0.0,0,nan,nan,nan,nan,290.5000003516832,-213.5000068647097,286.5000003516832
M10_scale,procedural,dlc_joint_transition_observer,23,10,M10_scale_n10_seed23,ok,9,2200,300,14.479653839078757,7.896003094521862,15.245624978495519,19.119778191611566,1.0152103023792505,3.0508214473724378,15.038271643932953,8.208653913117015,15.476161727783936,19.4737701119332,3.9834039928815064,0.9966103580503246,2.9069969177246104,4.663999080657959,0.35909090909090907,0.0,2.669606146571753,1386,0.0,0,nan,nan,nan,nan,192.50000075701905,-213.5000068647097,188.50000075701905
M10_scale,procedural,ppo_continuous,23,10,M10_scale_n10_seed23,ok,9,2200,300,33.60024889267669,18.622206611118358,34.212297744281216,44.596960935102025,5.2739210325339805,8.984532070159913,32.55008807135921,18.566691147901025,32.56475207766951,44.02165838384554,9.670302494703346,5.004547736917157,8.713166332244873,10.342681884765625,0.9440909090909091,0.48363636363636364,7.136243316364641,0,0.0,0,nan,nan,nan,nan,280.00000090156595,-483.0000051730416,276.00000090156595
M10_scale,procedural,rule_expert_gate,23,10,M10_scale_n10_seed23,ok,9,2200,300,11.72271993396296,7.992831908091237,11.631694066470157,14.688128291156112,1.924737418293953,2.6508821487426766,12.675536296010712,8.222698754186409,11.68532486122535,15.747244124841515,4.583117593003202,1.7093578426960052,2.5581398725509645,3.399832010269165,0.8472727272727273,0.5109090909090909,4.143631098320521,415,0.0,0,nan,nan,nan,nan,52.49999847951153,-612.4999965534539,48.49999847951153
M10_scale,procedural,sac_continuous,23,10,M10_scale_n10_seed23,ok,9,2200,300,0.6136415284946962,3.01310243656432e-23,4.212700333065549e-12,3.3981267627373994,0.16850717170350865,0.3334769964218155,1.1194241979418291,1.8518934308072357e-22,4.262782816024758e-11,4.875954584502687,2.4274531011410874,0.19344806699497646,0.417450875043869,0.4953240156173706,0.0,0.0,4.799725078912633,0,0.0,0,nan,nan,nan,nan,6.99999666939209,-699.9999985560903,2.9999966693920896
M10_scale,procedural,td3_continuous,23,10,M10_scale_n10_seed23,ok,9,2200,300,1.4362192982354678,1.3871522598656083,1.387155400220248,1.387201602662077,5.216891357145811,8.025080871582032,3.054949449927766,1.387153316534102,1.3871556723617422,5.615532932949941,5.069833635080213,4.674266238302755,7.924021005630494,8.650158882141113,0.9304545454545454,0.015454545454545455,3.584243462161906,1989,0.0,0,nan,nan,nan,nan,10.500004136937491,-679.0000098610701,6.500004136937491
M10_scale,procedural,dlc_individual_transition,24,10,M10_scale_n10_seed24,ok,9,2200,300,13.880732229905165,5.592275448469533,12.243302890378093,23.22314082913463,0.8984634623749451,2.197937059402467,14.015894678682715,5.703413819980552,12.690743955795412,22.274294672550052,6.633991201099613,0.8435574016545963,2.0215600013732917,3.321790933609009,0.27045454545454545,0.02090909090909091,2.8537459677053367,487,0.0,0,nan,nan,nan,nan,143.49999277858979,-364.00000063757943,139.49999277858979
M10_scale,procedural,dlc_joint_transition,24,10,M10_scale_n10_seed24,ok,9,2200,300,14.171949195299064,6.1385286827643055,14.32416146328476,19.708407354904,1.4248838533696375,4.179339075088502,14.147169240075854,6.140405521284264,14.329433291698233,19.71636782706531,5.008661082581971,1.2901589734852315,4.00370216369629,5.504689693450928,0.2381818181818182,0.0,2.902944928756354,320,0.0,0,nan,nan,nan,nan,392.0000023605637,-213.50000731867067,388.0000023605637
M10_scale,procedural,dlc_joint_transition_observer,24,10,M10_scale_n10_seed24,ok,9,2200,300,19.11716730472087,16.84040865440634,20.16445753071265,21.106663582982073,1.5719818943207255,3.277166295051575,18.897858780042828,15.988543193093616,20.15140375494248,21.048467569958767,2.431488937833201,1.4678909959591295,3.153757476806642,4.788479328155518,0.5245454545454545,0.004090909090909091,5.180990918583773,37,0.0,0,nan,nan,nan,nan,430.50000542344674,-213.5000052061223,426.50000542344674
M10_scale,procedural,ppo_continuous,24,10,M10_scale_n10_seed24,ok,9,2200,300,24.840590546708384,20.59093754526393,25.437335790713302,27.136073991161012,14.1342417094582,17.343436813354494,26.07194536764418,20.232620230337076,25.579440341770848,35.108154821105735,5.976051437906599,13.316377307132564,17.372715568542482,18.82717514038086,0.9690909090909091,0.5045454545454545,6.722140137794346,0,0.0,0,nan,nan,nan,nan,24.500006628229016,-797.9999984594441,20.500006628229016
M10_scale,procedural,rule_expert_gate,24,10,M10_scale_n10_seed24,ok,9,2200,300,11.940656099199336,10.002140360689292,12.151185125700465,13.033432312461926,3.036855552886662,4.16587142944336,12.63250439347557,9.243325984207091,12.190706531717755,15.141202225782367,3.7159650915123352,2.6716799482779408,4.102555990219116,4.937307834625244,0.85,0.45454545454545453,3.386435517597146,338,0.0,0,nan,nan,nan,nan,38.50000248671972,-720.9999971581504,34.50000248671972
M10_scale,procedural,sac_continuous,24,10,M10_scale_n10_seed24,ok,9,2200,300,1.897069294268497,1.375780625625382,1.4542199180208422,2.7799269256681476,1.383310304825243,2.4662305116653447,1.9743765952072434,1.376429999084719,1.477589523864312,2.9606573236393765,0.9221867734813546,1.3165437578206713,2.4251907348632815,2.621730089187622,0.6745454545454546,0.20272727272727273,3.3812853759068835,2172,0.0,0,nan,nan,nan,nan,73.50000390566879,-693.0000027323083,69.50000390566879
M10_scale,procedural,td3_continuous,24,10,M10_scale_n10_seed24,ok,9,2200,300,1.5483907742931575,1.3727138135487282,1.3887038295868608,1.6165408218802366,2.1737055604081403,2.8479928016662597,1.641306744704224,1.3729112422118563,1.4123949832834803,2.312340458965507,0.6487693139228481,2.0129403103955767,2.7866823911666874,3.229158639907837,0.9354545454545454,0.5722727272727273,3.419147797155526,2174,0.0,0,nan,nan,nan,nan,101.50000449998379,-699.9999982989967,97.50000449998379
M10_scale,procedural,dlc_individual_transition,25,10,M10_scale_n10_seed25,ok,9,2200,300,14.907785690318438,6.113037103540702,13.227762574881925,21.80002244838303,0.7083160486542864,1.0007047653198242,15.318014504986223,8.130456065628577,14.686739561998277,21.78559014213181,5.195044797154903,0.6543085563664367,0.9993508517742157,1.2457162141799927,0.09636363636363636,0.0,3.152937828697877,123,0.0,0,nan,nan,nan,nan,363.9999984838655,-217.00000331278375,359.9999984838655
M10_scale,procedural,dlc_joint_transition,25,10,M10_scale_n10_seed25,ok,9,2200,300,12.407895007926134,9.120523715267856,11.142974844022188,19.781146161792172,0.8196975914310468,0.9982103765010834,13.394030593943398,9.159226911346172,11.520557387388312,20.886243430034995,4.481720508678632,0.7773556687150531,0.9975860893726349,1.0222526788711548,0.04181818181818182,0.0,3.7913053497139657,0,0.0,0,nan,nan,nan,nan,248.5000043241439,-213.50000710439826,244.5000043241439
M10_scale,procedural,dlc_joint_transition_observer,25,10,M10_scale_n10_seed25,ok,9,2200,300,20.294633635049863,13.42801756758321,19.186309706511963,27.17960506247118,6.483335754828233,11.309892559051514,20.083830532336375,13.542126873381731,19.577959260405592,27.14298224748287,4.777011752173796,5.71434298936574,11.244940948486327,11.741924285888672,0.8213636363636364,0.2290909090909091,5.595509490338771,0,0.0,0,nan,nan,nan,nan,574.0000055752266,-213.50000710439826,570.0000055752266
M10_scale,procedural,ppo_continuous,25,10,M10_scale_n10_seed25,ok,9,2200,300,24.190994753045835,12.943087831645862,23.736517662921262,34.36691645160785,16.163253703368337,19.438719749450684,24.32924771647583,13.042097949548676,25.169757127919446,34.27976519025667,8.257775928932391,14.541358257071538,19.379933166503907,19.69898223876953,0.9831818181818182,0.4577272727272727,7.176497796355472,0,0.0,0,nan,nan,nan,nan,6.999999621468874,-892.5000064222633,2.9999996214688736
M10_scale,procedural,rule_expert_gate,25,10,M10_scale_n10_seed25,ok,9,2200,300,21.298600982008026,13.129042848400871,22.64280721468633,26.315921782420745,0.19569881964996702,0.3615630805492402,21.58794602109099,13.246946183719317,22.73837598906787,26.6816775262712,4.745677154909775,0.20451639746970138,0.36055915951728834,2.204191207885742,0.02909090909090909,0.0,3.165873584432443,376,0.0,0,nan,nan,nan,nan,378.0000035903106,-213.50000710439826,374.0000035903106
M10_scale,procedural,sac_continuous,25,10,M10_scale_n10_seed25,ok,9,2200,300,1.2375096610457808,1.3629662066559797e-14,9.357681548925204e-08,4.874527658915291,0.7546267779577083,1.098244309425354,1.3639443773826172,4.370484261595608e-14,2.7156906521956607e-07,4.877444514780383,2.1897082327442146,0.7205373883123551,1.098244309425354,1.1653892993927002,0.24954545454545454,0.0,6.823331447976915,0,0.0,0,nan,nan,nan,nan,0.0,-696.5000064188281,-4.0
M10_scale,procedural,td3_continuous,25,10,M10_scale_n10_seed25,ok,9,2200,300,1.1219012938886657,2.0515760571421207e-12,9.814909734517396e-07,4.185890073853533,1.0897310763077908,1.1596227884292603,2.084555584630586,2.87057970341858e-12,7.77237248978242e-06,8.508373222651077,4.50310225774948,1.2296116491161626,2.143802237510682,3.9523427486419678,0.8218181818181818,0.0,6.843729194533562,0,0.0,0,nan,nan,nan,nan,0.0,-689.5000119976364,-4.0
M10_scale,procedural,dlc_individual_transition,26,10,M10_scale_n10_seed26,ok,9,2200,300,15.212150361079487,4.690739367042178,18.156078491505227,21.67947788309243,1.1863381578281864,3.1149070024490366,14.214407093843647,4.702374892690949,16.604553026868025,21.48597450170491,6.2043573310796285,1.1009080086226195,2.94256525039673,3.7718966007232666,0.25727272727272726,0.05545454545454546,2.884591040870389,590,0.0,0,nan,nan,nan,nan,164.50000017639218,-280.00000171706097,160.50000017639218
M10_scale,procedural,dlc_joint_transition,26,10,M10_scale_n10_seed26,ok,9,2200,300,7.845015745194578,4.510638008457002,8.095628284228262,11.162755655918993,1.3233777571126426,3.7323808431625367,8.106419354011587,4.512565023804981,8.530799941475227,11.191469593096391,2.6542013424420112,1.1816619515225864,3.6518168926239016,4.027500629425049,0.3522727272727273,0.05954545454545455,4.858090432363806,1417,0.0,0,nan,nan,nan,nan,3.5000045956228405,-402.50000059208605,-0.4999954043771595
M10_scale,procedural,dlc_joint_transition_observer,26,10,M10_scale_n10_seed26,ok,9,2200,300,12.614619004450207,9.73200426169337,11.206301554269366,18.12802229838595,0.406177467593926,1.0074433088302612,12.215100521578481,9.283565759812564,10.986795739265444,17.851724174040694,3.0677997729467377,0.3947532555083874,0.9936629474163056,1.1064876317977905,0.09272727272727273,0.0,4.797779403905102,1323,0.0,0,nan,nan,nan,nan,48.99999896576719,-231.00000344384011,44.99999896576719
M10_scale,procedural,ppo_continuous,26,10,M10_scale_n10_seed26,ok,9,2200,300,20.89603977549793,15.777349852665912,21.10372931189281,25.33115012843153,8.04465319784064,12.704049682617192,21.623765891886652,15.827981351371884,21.69764213937591,28.04536312534347,4.339964735155694,7.403024352992123,12.423914241790772,14.289271354675293,0.9740909090909091,0.3704545454545455,6.189820621655409,0,0.0,0,nan,nan,nan,nan,10.500002922273438,-773.4999922096597,6.500002922273438
M10_scale,procedural,rule_expert_gate,26,10,M10_scale_n10_seed26,ok,9,2200,300,16.182992562499216,10.350649505798014,13.636680604210802,25.509010972127804,0.22476018776620837,0.41092888712883013,15.884509902374756,10.003046691356454,13.658356231418246,24.7304459707625,5.681893006388259,0.3076974568157113,0.8284188747406006,2.115992546081543,0.07954545454545454,0.041363636363636366,2.9018001685345514,1333,0.0,0,nan,nan,nan,nan,136.50000359625483,-245.00000341329542,132.50000359625483
M10_scale,procedural,sac_continuous,26,10,M10_scale_n10_seed26,ok,9,2200,300,0.9434550216802762,2.0143685461441004e-12,3.939854886202563e-06,2.2655216859688694,1.1061562250711416,4.453314971923828,1.005331163096059,5.083994585760865e-13,2.854114149657864e-06,3.559857264044792,3.0078193869731873,0.9713101095360682,4.451559352874756,4.582722187042236,0.145,0.0,7.206297769536173,0,0.0,0,nan,nan,nan,nan,-7.00000403953743,-668.4999989665091,-11.00000403953743
M10_scale,procedural,td3_continuous,26,10,M10_scale_n10_seed26,ok,9,2200,300,0.15648024425093784,2.3522013999214748e-36,2.448875452584618e-19,6.572653266245539e-11,2.628753054769416,2.6790544986724854,1.1167147622835272,1.389458845873227e-35,1.759370655759178e-17,3.5983284279240886,3.6270179203516193,2.376583723749923,2.6790544986724854,2.6790544986724854,0.8977272727272727,0.8213636363636364,7.240959097758093,0,0.0,0,nan,nan,nan,nan,-6.999999000676894,-654.4999997859245,-10.999999000676894
M10_scale,procedural,dlc_individual_transition,27,10,M10_scale_n10_seed27,ok,9,2200,300,7.539803129356618,4.705855356534692,6.533935304922716,11.897454488255294,1.7768234143469874,3.830355763435364,9.116328478623364,4.715537769426162,8.077345726213556,17.28953326143323,4.995056184909897,1.5583746856974638,3.802211308479309,4.470366477966309,0.4781818181818182,0.04909090909090909,3.848957917166126,899,0.0,0,nan,nan,nan,nan,48.99999797437749,-434.0000075108708,44.99999797437749
M10_scale,procedural,dlc_joint_transition,27,10,M10_scale_n10_seed27,ok,9,2200,300,16.6433008100714,7.138575441181036,19.093094752828982,22.562785362244394,0.6053620981212742,0.8230118453502655,16.942951450042994,7.301507893953572,19.875504967872736,22.557525567301596,5.649267098953505,0.5821390537437401,0.821977299451828,1.5012288093566895,0.01818181818181818,0.0,2.8617797911931664,351,0.0,0,nan,nan,nan,nan,255.50000354181225,-213.50000149948278,251.50000354181225
M10_scale,procedural,dlc_joint_transition_observer,27,10,M10_scale_n10_seed27,ok,9,2200,300,14.721050073493222,7.37678210607268,18.875124312727777,20.914681953998155,1.1872159720787405,1.938823938369751,15.181522568556554,7.394445046345882,18.934155959610298,20.7536661607265,5.986309339482342,1.1613707823108812,1.9581317424774172,3.722627878189087,0.6518181818181819,0.0022727272727272726,6.2910655630491945,0,0.0,0,nan,nan,nan,nan,262.5000024632866,-213.50000149948278,258.5000024632866
M10_scale,procedural,ppo_continuous,27,10,M10_scale_n10_seed27,ok,9,2200,300,16.926419108893924,12.00589017578728,15.496586917127516,24.669755625165912,7.03134452267697,8.139964485168457,18.135515213753745,12.068030572987277,16.277024634405993,27.14789831600489,5.923760402216319,6.627536932473833,8.120116996765137,8.249016761779785,0.9790909090909091,0.46,7.0235551885922725,0,0.0,0,nan,nan,nan,nan,10.50000183379882,-833.0000034289634,6.5000018337988195
M10_scale,procedural,rule_expert_gate,27,10,M10_scale_n10_seed27,ok,9,2200,300,17.29294513885601,10.485490391974897,15.366242110494266,26.462035413056967,0.4211778368377418,1.2282166004180919,18.067253288945604,10.748506571725766,16.67804256272408,26.767738836430475,6.354046835412329,0.39563828722663114,1.1220251202583322,2.2622461318969727,0.11090909090909092,0.05272727272727273,2.463409013736675,1021,0.0,0,nan,nan,nan,nan,213.5000039735728,-213.4999983805925,209.5000039735728
M10_scale,procedural,sac_continuous,27,10,M10_scale_n10_seed27,ok,9,2200,300,2.389118092986181,6.724336914467672e-16,0.1580613866654462,5.327210819324383,0.9466732367716337,1.2812518358230593,2.9771699937423812,2.826589381234116e-15,2.5910578703612446,6.047758941428798,3.4228651711485356,0.8807841529493983,1.258608412742615,1.426965355873108,0.20909090909090908,0.0,3.646927159756417,0,0.0,0,nan,nan,nan,nan,7.000002442054324,-626.4999936855962,3.000002442054324
M10_scale,procedural,td3_continuous,27,10,M10_scale_n10_seed27,ok,9,2200,300,0.8031709224734823,1.0023492955612027e-37,3.557568998537284e-18,4.899680910951191e-06,3.1288305443035145,3.237659454345703,2.2059622385287274,4.376688418483882e-37,6.0961957298382385e-15,11.072216274001777,5.734177353248889,2.9947970023327932,3.237659454345703,3.774611234664917,0.9590909090909091,0.0,7.016973774613646,0,0.0,0,nan,nan,nan,nan,10.49999999588465,-703.5000030135783,6.49999999588465
M10_scale,procedural,dlc_individual_transition,28,10,M10_scale_n10_seed28,ok,9,2200,300,7.4215685397227436,4.333064919743429,5.227244387379201,11.975363904472692,1.7806405682699435,3.806950616836549,9.02209831631902,4.336488690290085,7.537611658316006,18.82367593648486,5.347883783515396,1.5635221983272773,3.640387678146362,4.323546886444092,0.49818181818181817,0.049545454545454545,3.3771175686597656,739,0.0,0,nan,nan,nan,nan,49.00000606937931,-433.99999833700053,45.00000606937931
M10_scale,procedural,dlc_joint_transition,28,10,M10_scale_n10_seed28,ok,9,2200,300,15.755705890857538,10.563788880437924,14.384014420138831,22.157049227931438,0.7498921548509603,0.9983945369720459,16.273881757188654,10.858535380826464,14.516771858413,21.525916587447554,4.5413336216181115,0.7076719815163233,0.9973841488361359,1.101244330406189,0.04681818181818182,0.0,2.519152391812977,158,0.0,0,nan,nan,nan,nan,272.99999915678154,-213.50000070939745,268.99999915678154
M10_scale,procedural,dlc_joint_transition_observer,28,10,M10_scale_n10_seed28,ok,9,2200,300,18.033774627823774,15.307965086125769,17.81966517445542,20.65075431936341,1.2347843318815668,2.456289005279541,18.126887349934254,15.510252379922296,17.902021732776074,20.482254891267818,1.9533486931171111,1.1804055785591614,2.4333055496215823,3.511521816253662,0.5740909090909091,0.0018181818181818182,5.327947869989644,0,0.0,0,nan,nan,nan,nan,416.50000349785387,-213.50000070939745,412.50000349785387
M10_scale,procedural,ppo_continuous,28,10,M10_scale_n10_seed28,ok,9,2200,300,16.855928984359426,12.23300976563284,15.142050688726219,23.751026274347094,6.590829776462756,7.703192663192749,18.129845377445058,12.338846336302836,16.092767409464248,27.501827740535017,5.593939186134696,6.252789144028317,7.6922046661376955,7.919570446014404,0.9768181818181818,0.47954545454545455,7.163602794613566,0,0.0,0,nan,nan,nan,nan,10.500001791070758,-801.4999988091222,6.500001791070758
M10_scale,procedural,rule_expert_gate,28,10,M10_scale_n10_seed28,ok,9,2200,300,13.813316571635909,5.72023654875766,10.466178238958385,26.329761123192807,1.967048166597432,5.843111228942872,15.084278214626776,5.847245724411602,11.704770786120697,26.624942408350407,8.21197528671053,1.732213381126818,5.633124208450318,6.687379837036133,0.3836363636363636,0.08272727272727273,3.3594876100429762,1310,0.0,0,nan,nan,nan,nan,213.50000281309076,-213.50000070939745,209.50000281309076
M10_scale,procedural,sac_continuous,28,10,M10_scale_n10_seed28,ok,9,2200,300,1.4542182616496397,3.507266835502045e-28,4.822723724678348e-12,4.87977708640204,1.5494879533718096,2.122577071189881,1.3875396827195516,1.4717206078390496e-27,3.784222009925155e-11,4.878812861627575,2.877249431567212,1.3933812328745527,2.0972766876220703,2.2125086784362793,0.6104545454545455,0.0,6.564008043026323,0,0.0,0,nan,nan,nan,nan,3.5000007283711057,-693.0000003530047,-0.49999927162889435
M10_scale,procedural,td3_continuous,28,10,M10_scale_n10_seed28,ok,9,2200,300,0.6067624954865358,1.4996359125844656e-14,1.383315370285367e-10,2.926828690981605,2.5156676136192524,4.102716064453126,2.198553588017252,2.824827072062484e-14,1.9298793657222016e-07,7.766262388049552,4.933029521458136,2.377583964145319,4.261909484863282,5.2825517654418945,0.9090909090909091,0.865909090909091,2.954775292224191,47,0.0,0,nan,nan,nan,nan,3.5000031253446195,-710.4999938108203,-0.49999687465538045
M10_scale,procedural,dlc_individual_transition,29,10,M10_scale_n10_seed29,ok,9,2200,300,16.327479548853375,8.981128468536536,13.13910277865331,25.014536616930176,0.3663080068868677,0.6713820397853852,16.89741009429438,9.068043534548071,17.57844775968421,24.69502546865356,6.295259356312385,0.3638599502175533,0.6522323548793795,0.8886760473251343,0.0,0.0,2.863843841474812,472,0.0,0,nan,nan,nan,nan,318.49999881859003,-213.49999812251247,314.49999881859003
M10_scale,procedural,dlc_joint_transition,29,10,M10_scale_n10_seed29,ok,9,2169,300,24.348195376946972,22.588289560618936,24.26896820094259,27.45490899703808,0.49479069146498345,0.815208625793457,23.481740583214506,17.942059092160143,24.24217439960086,27.3524673662276,3.761039709122051,0.49061681445873284,0.804827606678009,1.019805908203125,0.00599354541263255,0.0,3.140143958838425,0,0.0,0,nan,nan,nan,nan,594.9999955510307,-213.49999812251247,590.9999955510307
M10_scale,procedural,dlc_joint_transition_observer,29,10,M10_scale_n10_seed29,ok,9,2200,300,20.012485951348758,15.856045212299232,20.572933735784318,22.39993041295198,3.6352015067139445,10.053416824340822,19.744305275553092,15.925976825505852,19.67043681507095,22.370375217686302,2.550571374235924,3.2170508157344804,9.889212799072267,11.012032508850098,0.5840909090909091,0.07,2.8055691788499892,3,0.0,0,nan,nan,nan,nan,430.49999926326745,-213.49999812251247,426.49999926326745
M10_scale,procedural,ppo_continuous,29,10,M10_scale_n10_seed29,ok,9,2200,300,24.723639532150727,13.151995608970207,21.3307037248899,40.81919406104475,25.388221891804747,28.279455375671386,25.2614919802659,13.242925075005177,23.194763885186212,40.54093573771123,10.221906417657829,22.66124264507131,28.255743789672852,28.998306274414062,0.9777272727272728,0.47,7.106688232853453,0,0.0,0,nan,nan,nan,nan,14.0000011120095,-784.0000000612215,10.0000011120095
M10_scale,procedural,rule_expert_gate,29,10,M10_scale_n10_seed29,ok,9,2200,300,9.501864262584618,5.573651983633004,10.108022517625459,12.513312603184804,1.2866236470463743,3.653958106040955,10.711405216972116,5.654368552273844,10.403810075362928,13.116692478344795,4.949462490533453,1.1593957333198375,3.5111427545547484,5.042924404144287,0.3527272727272727,0.08272727272727273,4.8369787650632405,2001,0.0,0,nan,nan,nan,nan,52.500008162046015,-280.0000007736103,48.500008162046015
M10_scale,procedural,sac_continuous,29,10,M10_scale_n10_seed29,ok,9,2200,300,1.4029750388623703,5.929529132496197e-15,1.0002459019693485e-05,4.878036598676219,0.14332893886968362,0.2550947964191437,1.6838261276422806,2.5380789057605594e-14,0.00010707798152022278,4.8780445704134126,2.6598901636208487,0.15145424866983045,0.2666449904441833,0.41243577003479004,0.0,0.0,3.3375048162785492,0,0.0,0,nan,nan,nan,nan,7.000001032570822,-619.4999984120155,3.0000010325708217
M10_scale,procedural,td3_continuous,29,10,M10_scale_n10_seed29,ok,9,2200,300,11.992294691133687,11.15829616561859,11.93362918087319,12.935565493588378,9.222949656436318,9.598665237426758,12.987407388776283,11.102277787808445,11.98995974610406,13.679873369022479,4.797831198890532,8.493759191266514,9.571409797668457,9.866673469543457,0.9836363636363636,0.43772727272727274,6.77756503875697,0,0.0,0,nan,nan,nan,nan,10.499998316319875,-623.0000009206734,6.499998316319875
M10_scale,procedural,dlc_individual_transition,30,10,M10_scale_n10_seed30,ok,9,2200,300,7.6098202833772515,4.501439293596714,6.3212423726960125,12.078748389148313,1.6489502410597734,3.6405956268310558,9.143275734180973,4.502559035083493,8.237395228704774,19.624662758265796,5.12568151564615,1.4442457404816609,3.4414160251617445,4.333164215087891,0.4690909090909091,0.04,4.966961966047877,772,0.0,0,nan,nan,nan,nan,45.500009425036296,-349.999998993752,41.500009425036296
M10_scale,procedural,dlc_joint_transition,30,10,M10_scale_n10_seed30,ok,9,2052,300,23.02545533570969,22.230574557284324,23.348695551113053,26.06155630680664,0.5503998840883955,0.8029149770736694,22.443967051555582,18.96381030025807,22.729275061628087,25.803828401754135,3.1720315434421535,0.5388166075184321,0.7946088731288911,0.8666186928749084,0.0,0.0,3.6518305365974624,0,0.0,0,nan,nan,nan,nan,486.50000173818125,-213.5000026056814,482.50000173818125
M10_scale,procedural,dlc_joint_transition_observer,30,10,M10_scale_n10_seed30,ok,9,2200,300,20.239217815341828,16.680031349093827,21.46568916008208,22.346016651056516,2.8569244117760344,8.26053409576416,20.044827766252475,16.680031349093827,20.476413866481636,22.318247568108784,2.433457708858532,2.5331211286471014,7.993707990646364,10.953577995300293,0.5977272727272728,0.05272727272727273,2.8616213481846797,9,0.0,0,nan,nan,nan,nan,370.9999956496604,-213.5000026056814,366.9999956496604
M10_scale,procedural,ppo_continuous,30,10,M10_scale_n10_seed30,ok,9,2200,300,32.0190409394943,21.99831722919028,26.082806002374,54.809924747707974,6.593656089341538,9.02954626083374,31.77463909469537,21.842903953896165,26.378249986044345,52.78116367008068,12.621119718619433,6.089317017474783,8.86718168258667,14.049822807312012,0.9477272727272728,0.6263636363636363,7.117449625184961,0,0.0,0,nan,nan,nan,nan,6.999999277328129,-1109.5000009072983,2.999999277328129
M10_scale,procedural,rule_expert_gate,30,10,M10_scale_n10_seed30,ok,9,2153,300,21.1780995511218,15.210860567207325,22.520099861970422,26.310595794570546,0.13258617564009129,0.345841771364212,21.58826956138638,15.849571568551378,22.675598090970464,26.7772588689859,4.278030960627466,0.1530120421719912,0.354201340675354,1.0173094272613525,0.004644681839294009,0.0,2.7165405343637055,544,0.0,0,nan,nan,nan,nan,504.0000051449331,-213.5000026056814,500.0000051449331
M10_scale,procedural,sac_continuous,30,10,M10_scale_n10_seed30,ok,9,2200,300,2.3608998289368692,2.9202164982445573e-10,0.0003260918938309279,8.77081405158515,3.778437099311942,7.215559005737305,2.822960673909283,3.3146645709568175e-10,0.3579218511761463,8.939380693368749,4.379410453158944,3.3296972217446785,7.215558052062988,7.215562343597412,0.5136363636363637,0.0,4.256306634608577,0,0.0,0,nan,nan,nan,nan,6.999999277328129,-588.0000013365302,2.999999277328129
M10_scale,procedural,td3_continuous,30,10,M10_scale_n10_seed30,ok,9,2200,300,13.113190287558492,11.21529294236107,12.720229404425861,15.299382067695381,6.056433281647531,7.489514589309692,13.572609255441847,11.070943108895046,12.759318209756987,17.423249997795722,3.7065276788148,5.714305517429655,7.443632411956787,8.06920337677002,0.9827272727272728,0.47909090909090907,6.5033911632522,0,0.0,0,nan,nan,nan,nan,7.000003957404601,-661.4999957094485,3.0000039574046014
M10_scale,procedural,dlc_individual_transition,31,10,M10_scale_n10_seed31,ok,9,2200,300,16.0101894775762,8.574986836655103,16.533131147230606,22.87279950559643,0.4961860643390039,0.8032710492610932,16.43482044227055,8.874938666967147,18.095608477823923,22.86379278264928,5.6689795996163355,0.45524399275380845,0.7853823482990266,0.8947087526321411,0.0,0.0,2.866862335341677,146,0.0,0,nan,nan,nan,nan,213.5000046020109,-217.0000017323971,209.5000046020109
M10_scale,procedural,dlc_joint_transition,31,10,M10_scale_n10_seed31,ok,9,2200,300,15.973717802811874,13.807792446560295,15.577735687649767,18.272777347747443,0.774485371013656,0.9931645393371582,16.487199679380186,13.868131918998005,15.922277644386973,21.08318653171725,2.8315910445421015,0.730979529910705,0.9920738935470581,1.0099557638168335,0.009545454545454546,0.0,4.284655620694368,0,0.0,0,nan,nan,nan,nan,223.99999898568876,-216.9999997977916,219.99999898568876
M10_scale,procedural,dlc_joint_transition_observer,31,10,M10_scale_n10_seed31,ok,9,2200,300,14.82517079236471,9.083840568312159,10.56643761226467,20.588666524151584,3.7954871555942256,10.117005825042725,15.321919722593924,9.16283904530816,18.830703004886843,20.565385329773836,5.079177187437762,3.409019270226021,9.900769519805909,10.806233406066895,0.7559090909090909,0.12045454545454545,4.405562827512637,0,0.0,0,nan,nan,nan,nan,238.0000058814819,-216.9999997977916,234.0000058814819
M10_scale,procedural,ppo_continuous,31,10,M10_scale_n10_seed31,ok,9,2200,300,23.02640670145236,18.773106029535423,22.514838137033276,27.1257186282396,8.568480613357142,13.468761253356934,23.53879063994561,18.716544087303955,23.336681382222686,28.197000141953243,3.966159602477975,7.833967389206995,13.314982509613037,14.073944091796875,0.9740909090909091,0.445,7.183018313390738,0,0.0,0,nan,nan,nan,nan,10.500004250796565,-801.4999957829687,6.5000042507965645
M10_scale,procedural,rule_expert_gate,31,10,M10_scale_n10_seed31,ok,9,2200,300,13.240105623000066,6.305913999525849,12.261707253388433,24.984926874997033,1.1328890411788597,3.1932526350021373,14.873598832352549,6.4311285080395475,12.729018830116555,26.62830632119226,7.010161775031652,1.0097845875739055,2.9136327743530295,4.550966262817383,0.31772727272727275,0.05409090909090909,2.7663802536158655,1448,0.0,0,nan,nan,nan,nan,157.5000102975048,-216.9999997977916,153.5000102975048
M10_scale,procedural,sac_continuous,31,10,M10_scale_n10_seed31,ok,9,2200,300,0.2720552891925622,6.98978466931546e-22,6.921902725087092e-11,0.1728582652262448,0.5395360777253212,1.0070594549179077,0.4180351940100173,2.8262784835247987e-21,5.3656296410212824e-11,0.8279561090245708,1.3521991105557045,0.5207174677165246,1.0070589780807495,1.0070605278015137,0.1190909090909091,0.0,7.220559629164518,0,0.0,0,nan,nan,nan,nan,-3.500002899048013,-748.9999931988614,-7.500002899048013
M10_scale,procedural,td3_continuous,31,10,M10_scale_n10_seed31,ok,9,2200,300,0.7374213195954277,4.780843078438133e-20,2.037744920435084e-13,0.00012528924476657826,3.121435261340199,3.259206533432007,0.7681565862367511,1.2458720233376756e-19,9.024112671692683e-13,1.0140645002786726,2.9090666478184617,2.7638531370214396,3.259206533432007,3.259206771850586,0.8313636363636364,0.015909090909090907,7.220559629164518,0,0.0,0,nan,nan,nan,nan,-3.500002859375286,-745.4999961777561,-7.500002859375286
M10_scale,procedural,dlc_individual_transition,32,10,M10_scale_n10_seed32,ok,9,2200,300,8.129741063488124,1.4959462122479938,5.859522365946141,21.27672578583489,1.484087776006207,3.0128803014755268,9.729707898210254,1.5013727875782494,5.921995937099274,22.835136749521986,7.81533402130458,1.3288235613663577,2.7847463607788088,3.8805110454559326,0.5713636363636364,0.0,2.8877928501172834,1403,0.0,0,nan,nan,nan,nan,122.5000134960303,-290.50000232889295,118.5000134960303
M10_scale,procedural,dlc_joint_transition,32,10,M10_scale_n10_seed32,ok,9,2200,300,13.774748571541304,3.696298581558915,14.663359632048593,21.897354887636997,0.8349378456739023,1.9730766654014595,14.408957671137,3.7197100405199968,14.745906479760855,21.774318150666133,5.45582426278529,0.7782141687081259,1.843710124492646,2.3619205951690674,0.14772727272727273,0.0,3.006319591209206,351,0.0,0,nan,nan,nan,nan,210.00000252792415,-213.50000386062413,206.00000252792415
M10_scale,procedural,dlc_joint_transition_observer,32,10,M10_scale_n10_seed32,ok,9,2200,300,15.539960763673887,5.000803012846111,20.311539945746755,23.51908345144942,0.9138419580655662,1.8342613697052004,15.866666287708858,5.00379951080384,18.919859659567067,23.425948659705274,7.719889268921454,0.87199535662647,1.7784960985183715,2.1617801189422607,0.42272727272727273,0.0,2.887066013237055,157,0.0,0,nan,nan,nan,nan,259.0000074781103,-213.50000386062413,255.00000747811032
M10_scale,procedural,ppo_continuous,32,10,M10_scale_n10_seed32,ok,9,2200,300,13.90930925019123,8.697068359953496,12.671971726395391,21.41753210507627,7.680869038481461,8.756118965148925,15.56554345627565,8.745155584398509,13.680276790643344,25.957889745741433,6.475847489481805,7.3619356825642965,8.753414821624755,9.060941696166992,0.975909090909091,0.48954545454545456,6.931156015350006,0,0.0,0,nan,nan,nan,nan,13.999998634795247,-731.5000106684182,9.999998634795247
M10_scale,procedural,rule_expert_gate,32,10,M10_scale_n10_seed32,ok,9,2200,300,11.662145122729289,3.456440851028217,9.439810440924589,26.19023058962498,3.214519741474712,6.293831729888916,12.573287417309562,3.63792456384679,9.67962654970156,26.569540789552917,7.48444557956236,2.8162949349951867,6.2454848289489755,7.5264434814453125,0.5904545454545455,0.2922727272727273,2.7904239577401246,1650,0.0,0,nan,nan,nan,nan,136.5000076755607,-322.000000334676,132.5000076755607
M10_scale,procedural,sac_continuous,32,10,M10_scale_n10_seed32,ok,9,2200,300,1.5392465200976053,2.726755745207607e-11,0.00022979065450526125,4.877918283808056,1.3960522601344487,3.9150807857513428,2.6986837322929578,4.505895543283334e-11,0.3562506716092293,5.874471385480458,4.044392138696955,1.3125382096509037,3.9150807857513428,4.129297256469727,0.38772727272727275,0.0,4.273379992408879,44,0.0,0,nan,nan,nan,nan,7.000002727589958,-528.500015914313,3.0000027275899583
M10_scale,procedural,td3_continuous,32,10,M10_scale_n10_seed32,ok,9,2200,300,15.744919139840503,4.642020180705637,15.376099581321906,22.06265121730064,7.543688999100735,9.509747314453126,14.466246514880144,1.3928841903462623,15.001628123728079,21.61012801055101,9.080114785907512,6.892242638851431,9.44890899658203,10.705641746520996,0.9818181818181818,0.35363636363636364,6.536669268677099,0,0.0,0,nan,nan,nan,nan,10.500003992334086,-511.0000062952738,6.500003992334086
M4_sparse,procedural,dlc_individual_transition,21,4,M4_sparse_n4_seed21,ok,3,2200,300,12.255223174001916,7.467963803636252,11.228390898422159,18.943321442424203,2.412408639255323,3.4733843088150027,14.03322967973115,7.558514381873818,12.194348790469359,23.882652366312474,6.228270875275173,2.3619162833487444,3.4775211811065674,3.597928524017334,0.9740909090909091,0.48863636363636365,4.084087598115365,0,0.0,0,nan,nan,nan,nan,14.000000403942977,-500.4999964947385,10.000000403942977
M4_sparse,procedural,dlc_joint_transition,21,4,M4_sparse_n4_seed21,ok,3,2200,300,15.004662890960715,9.401060901790842,13.683842334939087,23.069276823274706,2.3799530861252234,3.5154190063476562,16.764632929630135,9.494853293912925,14.777549020948111,29.228305206504277,6.734129728580869,2.1683057109943844,3.5049327850341796,3.6385486125946045,0.8868181818181818,0.43727272727272726,3.1649210059889077,0,0.0,0,nan,nan,nan,nan,80.49999395756845,-336.0000035237698,76.49999395756845
M4_sparse,procedural,dlc_joint_transition_observer,21,4,M4_sparse_n4_seed21,ok,3,2200,300,14.883851224763392,8.831617653034801,13.126304396539778,24.226034256285004,2.641737179442456,3.740216588973999,16.44591568946495,8.909671974475247,14.351936487235463,26.47556137207722,6.959353619761529,2.363494457900524,3.7228167533874514,3.874778985977173,0.8772727272727273,0.42772727272727273,2.860941282260232,4,0.0,0,nan,nan,nan,nan,73.49999107913095,-367.49999359476226,69.49999107913095
M4_sparse,procedural,ppo_continuous,21,4,M4_sparse_n4_seed21,ok,3,2200,300,1.2026684824090765e-10,8.617056283986128e-18,3.3459740850556737e-13,4.046444170237691e-10,2.5075063705444336,2.5075063705444336,0.693059310093867,1.3085722581821451e-17,2.1075825354660546e-12,8.602850267279846e-10,2.7072112494892164,2.4276546720161356,2.5075063705444336,2.5129923820495605,0.97,0.9663636363636363,4.310662893326094,25,0.0,0,nan,nan,nan,nan,-3.4999969897313576,-545.9999978113955,-7.499996989731358
M4_sparse,procedural,rule_expert_gate,21,4,M4_sparse_n4_seed21,ok,3,2200,300,18.707569660423967,6.289145256819909,22.35506829202201,26.283673122946944,1.6467082174349037,5.9849140644073495,18.921043473133857,6.421275327049039,22.408851711629744,26.763933880293603,7.545003376098165,1.4616954496398102,5.793557167053224,6.859933376312256,0.2909090909090909,0.05909090909090909,2.5464938674062605,586,0.0,0,nan,nan,nan,nan,370.9999985851782,-98.00000792491505,366.9999985851782
M4_sparse,procedural,sac_continuous,21,4,M4_sparse_n4_seed21,ok,3,2200,300,0.6494205049705611,1.981735293180747e-45,2.108447147783165e-27,2.11665483439911,8.35514764258736,8.533385276794434,1.849766136808984,3.880463390024985e-45,2.540319646661187e-23,5.140161243069901,4.411452886268874,7.577763550752272,8.533385276794434,8.764657974243164,0.9409090909090909,0.026818181818181817,7.22734162169652,0,0.0,0,nan,nan,nan,nan,-6.999995417794594,-514.5000042534574,-10.999995417794594
M4_sparse,procedural,td3_continuous,21,4,M4_sparse_n4_seed21,ok,3,2200,300,2.3501250230423416,1.7517398899746149e-28,5.427663346058133e-12,10.294505672223062,1.6074298857230889,2.200044870376587,2.764608490625803,7.954401811339365e-28,7.265327278425793e-10,9.29182402482065,4.2141194951741205,1.4350439009273595,2.200044870376587,2.2986416816711426,0.6018181818181818,0.6004545454545455,7.236186498236253,0,0.0,0,nan,nan,nan,nan,-6.999995417794594,-489.9999967207568,-10.999995417794594
M4_sparse,procedural,dlc_individual_transition,22,4,M4_sparse_n4_seed22,ok,3,2200,300,0.13629121719661116,0.09689696752278947,0.13281741587549767,0.18206992895813706,0.3994710246826473,0.4269323170185089,0.8291649876260837,0.09811110197356702,0.14129343407242317,0.20207491384271184,2.50811542709103,0.3901221768600358,0.4271167814731598,0.647063672542572,0.0,0.9359090909090909,3.8588500382558824,164,0.0,0,nan,nan,nan,nan,3.5000060384575136,-574.0000021476709,-0.49999396154248643
M4_sparse,procedural,dlc_joint_transition,22,4,M4_sparse_n4_seed22,ok,3,2200,300,15.042749644323163,9.340877260873587,13.8769369218536,23.902239098784374,2.0580185195896163,3.3845539093017583,14.050827405317118,6.391558580963649,12.87321454500961,23.247868022266818,5.848306812700453,1.856042309879611,3.357757616043091,3.4964663982391357,0.8036363636363636,0.4577272727272727,4.739664167486223,184,0.0,0,nan,nan,nan,nan,3.4999974240689653,-507.50000218557454,-0.5000025759310347
M4_sparse,procedural,dlc_joint_transition_observer,22,4,M4_sparse_n4_seed22,ok,3,2200,300,13.96366383888645,1.6152275167364245,16.641436691771936,29.157990663882337,1.7102927982616607,3.4668255090713513,12.88416616875141,1.635556170879523,8.471113606056038,29.13672652113395,11.555129876355748,1.5140302304246738,3.359922194480897,3.9123282432556152,0.6377272727272727,0.335,3.8869685615118175,164,0.0,0,nan,nan,nan,nan,6.9999991290018215,-423.50000650958634,2.9999991290018215
M4_sparse,procedural,ppo_continuous,22,4,M4_sparse_n4_seed22,ok,3,2200,300,32.47590622448638,31.861531873926488,33.285519758707736,34.618405857593594,12.786231522354003,22.03292407989502,30.552238767414615,19.133118192524577,33.004468098745065,34.55548269709457,5.854291398498464,11.350004148428033,21.738735389709475,24.993837356567383,0.9531818181818181,0.5722727272727273,5.289730163732113,0,0.0,0,nan,nan,nan,nan,-3.4999964671258113,-720.9999982764161,-7.499996467125811
M4_sparse,procedural,rule_expert_gate,22,4,M4_sparse_n4_seed22,ok,3,2200,300,10.853533745439668,5.475454799500526,8.321954423505517,21.55574999368139,2.3041128370751576,6.058641147613527,11.576737516483206,5.532981389657618,9.294064741227574,22.765864595008807,6.496180419150907,2.0592744695627534,5.854804754257202,6.847468376159668,0.505,0.15363636363636363,2.7457361847008905,1544,0.0,0,nan,nan,nan,nan,101.50000164539756,-174.99999791049174,97.50000164539756
M4_sparse,procedural,sac_continuous,22,4,M4_sparse_n4_seed22,ok,3,2200,300,0.7578649976422053,4.782777058343364e-28,2.174902494872391e-16,2.9268329000715565,8.076688506728724,8.402242660522461,1.8631984727721105,2.134532495857066e-27,3.942116120859115e-15,5.1590796621561354,4.379160210542772,7.368136242814151,8.402242660522461,8.630301475524902,0.9472727272727273,0.031818181818181815,7.220846720629346,0,0.0,0,nan,nan,nan,nan,-7.000000266206598,-580.9999986233116,-11.000000266206598
M4_sparse,procedural,td3_continuous,22,4,M4_sparse_n4_seed22,ok,3,2200,300,0.8762018156338585,4.7235754416253205e-25,1.463127848250357e-12,2.241064139371019,2.3811795690342,2.9062501430511474,1.4792085820950431,2.1241214540649716e-24,4.1216572152548635e-11,6.261659803231575,2.937950177009471,2.099916785156185,2.872224807739258,2.9131903648376465,0.7995454545454546,0.3890909090909091,7.239983693269287,0,0.0,0,nan,nan,nan,nan,-7.000000266206598,-539.0000002929847,-11.000000266206598
M4_sparse,procedural,dlc_individual_transition,23,4,M4_sparse_n4_seed23,ok,3,2200,300,12.248429287754663,7.46512535618294,11.222985402644436,18.930025774812805,2.41050510255914,3.472478246688843,14.021571185178889,7.555620453289273,12.188213331637325,23.905290936346304,6.2130344048297745,2.3525059475546533,3.4748548746109007,3.6094322204589844,0.9718181818181818,0.4818181818181818,3.43025614091135,0,0.0,0,nan,nan,nan,nan,13.999998150493411,-566.9999939391279,9.999998150493411
M4_sparse,procedural,dlc_joint_transition,23,4,M4_sparse_n4_seed23,ok,3,2200,300,12.881908033766866,8.092877375608664,11.874828771840056,19.535665066909992,2.2983602564585834,3.378326416015625,14.508541306979808,8.180724055199876,12.832540692708882,24.340724809677585,5.8927641257608245,2.139405334359141,3.367977428436279,3.475935935974121,0.9213636363636364,0.45954545454545453,2.6849764090140344,12,0.0,0,nan,nan,nan,nan,45.49999685152602,-510.99999729121123,41.49999685152602
M4_sparse,procedural,dlc_joint_transition_observer,23,4,M4_sparse_n4_seed23,ok,3,2200,300,15.136549138572917,9.881474655442364,13.44338410698592,23.263718658456238,4.097573815521441,7.56830930709839,16.373333631578397,9.972321875479418,14.485419778669417,26.96975574559332,5.940335624216518,3.611224355314943,7.427684926986695,8.086108207702637,0.8636363636363636,0.3427272727272727,3.051957997975636,13,0.0,0,nan,nan,nan,nan,73.50000453946313,-507.499996462989,69.50000453946313
M4_sparse,procedural,ppo_continuous,23,4,M4_sparse_n4_seed23,ok,3,2200,300,21.00323326980755,17.433117845886464,20.821687741132692,24.88616726911605,7.751028725933039,13.692352294921877,19.620346496125396,10.332540261205583,20.54922511965227,24.750230445146133,5.007438051382916,6.870249256455043,13.538628482818604,16.05432891845703,0.9068181818181819,0.5445454545454546,4.968608705280159,15,0.0,0,nan,nan,nan,nan,-3.4999968599530575,-647.5000027998342,-7.4999968599530575
M4_sparse,procedural,rule_expert_gate,23,4,M4_sparse_n4_seed23,ok,3,2200,300,13.48805725500111,6.080044065353283,9.42438796947567,25.73549187308641,1.0168590716986097,2.4795709133148196,13.841529200208035,6.15983271903803,10.300534934033237,25.51092154434491,7.336898190356069,0.9369582167670226,2.390832042694092,3.054168462753296,0.3881818181818182,0.15954545454545455,3.51411844964826,1210,0.0,0,nan,nan,nan,nan,101.49999974423554,-185.4999980304367,97.49999974423554
M4_sparse,procedural,sac_continuous,23,4,M4_sparse_n4_seed23,ok,3,2200,300,0.6320196048934885,6.26679724599271e-45,6.305296359181951e-26,0.2533544418304399,7.41888586169795,7.4496941566467285,1.7806034048235357,2.1933790360974485e-44,4.476072034843212e-22,5.045209055235432,4.456928828451275,6.794978161074158,7.4496941566467285,7.868917942047119,0.9454545454545454,0.03636363636363636,7.223718785221979,0,0.0,0,nan,nan,nan,nan,-6.999997056936877,-587.9999937658059,-10.999997056936877
M4_sparse,procedural,td3_continuous,23,4,M4_sparse_n4_seed23,ok,3,2200,300,1.3959618381796228,3.297505552970485e-27,1.5126182955986192e-15,5.933440590446057,2.55585469526686,3.035707473754883,1.9448418974703814,2.8888005402841843e-26,3.121271594923978e-14,6.642192847091168,4.070782659859999,2.253452536362192,3.035707473754883,3.0357134342193604,0.7813636363636364,0.7763636363636364,7.238113517128257,0,0.0,0,nan,nan,nan,nan,-6.999997056936877,-545.9999981391072,-10.999997056936877
M4_sparse,procedural,dlc_individual_transition,24,4,M4_sparse_n4_seed24,ok,3,2200,300,11.660156079153293,7.816471830334231,10.99580269083625,16.73520023164003,2.1962072176054903,3.331042242050171,12.329851089016206,7.819768145359445,11.469976605371118,18.589903930906463,4.008514077130121,2.076552215110172,3.3199085712432863,3.3941872119903564,0.9309090909090909,0.44681818181818184,6.1125382608747065,0,0.0,0,nan,nan,nan,nan,3.5000039696193426,-524.9999980060646,-0.49999603038065743
M4_sparse,procedural,dlc_joint_transition,24,4,M4_sparse_n4_seed24,ok,3,2200,300,10.693436881731667,7.383614656807579,10.187186395713837,14.940594564236214,2.277758534268329,3.3742149829864503,11.396144597981518,7.416268376475852,10.729056252108638,16.637383669858103,3.4240216429949806,2.1793739184737206,3.365670347213745,3.428532361984253,0.9486363636363636,0.5209090909090909,6.540674754904609,0,0.0,0,nan,nan,nan,nan,0.0,-545.9999939224065,-4.0
M4_sparse,procedural,dlc_joint_transition_observer,24,4,M4_sparse_n4_seed24,ok,3,2200,300,10.418087708056323,6.699259574395633,9.91259590593188,15.096996696137396,2.3530728867806885,3.3370182991027835,11.334211570928444,6.7485263395559425,10.653561722213924,17.34101683130899,3.911240949356026,2.2953131573308596,3.341151738166809,3.4578874111175537,0.9636363636363636,0.5786363636363636,6.765349016918315,0,0.0,0,nan,nan,nan,nan,0.0,-552.999992693287,-4.0
M4_sparse,procedural,ppo_continuous,24,4,M4_sparse_n4_seed24,ok,3,2200,300,0.4548415676254941,1.840189678652021e-07,1.5112740845407067e-05,4.080725797577933e-05,0.2989709305920099,0.2953443229198456,3.144638229324273,2.4070892016316437e-07,3.571031774597219e-05,15.811532940643364,7.439235481363551,0.430435180825139,0.6572296500206002,3.121779441833496,0.07,0.9718181818181818,6.800219996353518,0,0.0,0,nan,nan,nan,nan,0.0,-640.4999922412089,-4.0
M4_sparse,procedural,rule_expert_gate,24,4,M4_sparse_n4_seed24,ok,3,2200,300,12.178026052889182,8.245634415507334,12.39087653334989,14.926530017731348,1.563923364618401,2.5027273178100593,13.346975672036512,8.433256524174782,12.665105061832447,20.157629370032073,4.686833601331395,1.3902426138004045,2.4394843816757206,3.094343662261963,0.7190909090909091,0.26,2.5412459065968234,743,0.0,0,nan,nan,nan,nan,160.99999314151933,-238.00000439891085,156.99999314151933
M4_sparse,procedural,sac_continuous,24,4,M4_sparse_n4_seed24,ok,3,2200,300,1.4090288778556892,5.3219968155301256e-24,3.29019892030057e-11,3.2856179236655683,3.279959141721851,5.820439338684082,1.2168887303127511,7.271244687305109e-24,1.842669015910398e-12,3.2856175389356372,1.695235101377,2.9063190623711455,5.820439338684082,5.822559356689453,0.5872727272727273,0.0,7.197797267151994,0,0.0,0,nan,nan,nan,nan,6.999999321780933,-384.9999927322094,2.9999993217809333
M4_sparse,procedural,td3_continuous,24,4,M4_sparse_n4_seed24,ok,3,2200,300,0.49390771298852026,3.702959526135279e-41,3.433120190370788e-22,8.44932038469224e-07,2.027167835172854,2.499131917953491,0.42655832737395155,1.4653128645649809e-40,2.2379580753256362e-20,7.073556198367946e-06,1.7037100616145628,1.8243629948659377,2.499131917953491,2.4991321563720703,0.6668181818181819,0.6545454545454545,7.197797267151994,0,0.0,0,nan,nan,nan,nan,0.0,-559.9999941375207,-4.0
M4_sparse,procedural,dlc_individual_transition,25,4,M4_sparse_n4_seed25,ok,3,2200,300,11.768219030844595,1.8791778736665914,12.584318303547299,22.274072725063338,1.7149675459703921,3.256189727783203,10.962277664764411,1.8981378717915498,11.654247142275448,21.649190783059122,7.545288668867417,1.5359279607191936,3.209284520149231,3.4239554405212402,0.649090909090909,0.47,4.07526992240603,172,0.0,0,nan,nan,nan,nan,7.000003101938319,-542.5000032292703,3.0000031019383187
M4_sparse,procedural,dlc_joint_transition,25,4,M4_sparse_n4_seed25,ok,3,2200,300,15.411276900100686,5.028486899637758,14.081875133364196,25.995828718080013,1.7516304004953647,3.388170742988587,14.808673769633863,6.237016319443126,13.076791523389645,25.176377674479937,6.696625961624653,1.5264525997486305,3.3351928472518924,3.5872159004211426,0.6463636363636364,0.2786363636363636,4.886543159524588,616,0.0,0,nan,nan,nan,nan,24.5000041552546,-402.49999592252686,20.5000041552546
M4_sparse,procedural,dlc_joint_transition_observer,25,4,M4_sparse_n4_seed25,ok,3,2200,300,11.522927043858541,9.516037666864252,11.08381915233142,12.433638252073496,0.22614125096629753,0.6660470306873324,11.025082393383213,5.5617305261609875,10.950371134542353,12.397938173004881,4.470901664714144,0.2788398064600187,0.834532588720322,1.6298545598983765,0.07045454545454545,0.09909090909090909,4.741668714650676,1781,0.0,0,nan,nan,nan,nan,3.499994917877075,-168.0000008349274,-0.5000050821229252
M4_sparse,procedural,ppo_continuous,25,4,M4_sparse_n4_seed25,ok,3,2200,300,34.82187104937562,34.64872550988949,35.858273270953944,36.462756601685875,11.656364101106055,19.678495979309087,32.54864631455651,18.907693545329593,35.75620254861073,36.428655613711754,6.8234375642914245,10.372460673775482,19.31237049102783,23.162092208862305,0.9572727272727273,0.5718181818181818,5.630638695492736,0,0.0,0,nan,nan,nan,nan,-3.4999956495234983,-679.0000077623997,-7.499995649523498
M4_sparse,procedural,rule_expert_gate,25,4,M4_sparse_n4_seed25,ok,3,2200,300,10.775660208874337,10.101340400772644,10.710892143294647,11.49135225576184,0.10630864079591304,0.1828067421913147,10.785089167361855,10.026296856388466,10.732264300357436,11.592423944973625,0.9949951559595603,0.113773109114078,0.1942964151501656,0.4282826781272888,0.0,0.0,4.96363368269402,2164,0.0,0,nan,nan,nan,nan,0.0,-133.00000267498126,-4.0
M4_sparse,procedural,sac_continuous,25,4,M4_sparse_n4_seed25,ok,3,2200,300,0.8396010947137311,3.146991832552314e-15,0.1391847686618652,2.9268289334839994,9.741848501657184,10.849007606506348,1.9225882625898645,4.639454952913259e-15,0.5889871034131204,4.018456340704024,3.6521222474656176,8.812108246148776,10.849007606506348,10.849007606506348,0.9490909090909091,0.0,7.219672988702408,0,0.0,0,nan,nan,nan,nan,-6.999998261117298,-581.0000053430905,-10.999998261117298
M4_sparse,procedural,td3_continuous,25,4,M4_sparse_n4_seed25,ok,3,2200,300,1.6521245514315088,2.284944190869917e-14,0.5636631435801578,6.789110999966701,2.2028257881595117,2.6403180837631224,2.161706011320043,9.747268628221692e-14,0.6003892634006276,6.792230862124398,3.628430184503627,1.9434004471061581,2.6341933727264406,2.6582345962524414,0.7581818181818182,0.7522727272727273,7.240968361861008,0,0.0,0,nan,nan,nan,nan,-7.000005558363682,-549.5000027995646,-11.000005558363682
M4_sparse,procedural,dlc_individual_transition,26,4,M4_sparse_n4_seed26,ok,3,2200,300,0.19101459505457466,0.1383621799201516,0.18662057246707975,0.25174170798388945,0.14276741854575736,0.24171922355890277,0.863400604994417,0.13989641048470425,0.19774778175383323,0.27791835190613096,2.465353082295437,0.16255835378880212,0.2517206400632858,0.6511875987052917,0.0,0.9336363636363636,3.753043992710254,168,0.0,0,nan,nan,nan,nan,6.9999976442173875,-521.4999990425465,2.9999976442173875
M4_sparse,procedural,dlc_joint_transition,26,4,M4_sparse_n4_seed26,ok,3,2200,300,16.154094407735922,9.860021968272488,14.71371775443816,26.313838353725643,2.182620011329847,3.4899793386459352,15.009372026235294,5.767169658620431,13.612889737653385,25.579090755679072,6.8085885193754185,1.9652066749984145,3.465368962287903,3.6214921474456787,0.8095454545454546,0.4809090909090909,4.63194970160838,185,0.0,0,nan,nan,nan,nan,3.4999953615448476,-465.49999741142193,-0.5000046384551524
M4_sparse,procedural,dlc_joint_transition_observer,26,4,M4_sparse_n4_seed26,ok,3,2200,300,11.1954808340735,1.1438042471386207,1.513420412565301,30.774147911774087,1.6554610589847862,3.521727943420413,10.464250758495679,1.1565311431930434,1.5976126684565188,29.59411904855892,12.938787281728464,1.465783313654379,3.2448929548263554,4.959555625915527,0.605909090909091,0.2909090909090909,3.838542124970015,158,0.0,0,nan,nan,nan,nan,6.9999976442173875,-381.50000315477837,2.9999976442173875
M4_sparse,procedural,ppo_continuous,26,4,M4_sparse_n4_seed26,ok,3,2200,300,6.961004859962856,8.093367096714447e-08,3.5498671221974002e-06,26.132670693942142,1.0047736311591182,3.6812381267547645,8.521095902920365,9.576646434962182e-08,7.263574051667643e-06,24.636288303189293,10.762340687168647,1.1724316967604682,3.902984285354615,7.350919246673584,0.3054545454545455,0.9145454545454546,3.6637546592476125,21,0.0,0,nan,nan,nan,nan,97.9999999657457,-308.00000388118474,93.9999999657457
M4_sparse,procedural,rule_expert_gate,26,4,M4_sparse_n4_seed26,ok,3,2200,300,23.04650771608919,22.066316135761564,22.96150527687369,23.874316998613693,0.06019720032643435,0.15867179185152055,22.082124230976074,20.70682535907515,22.818194520727957,23.83076891612277,3.2766173798986946,0.12587716750200673,0.24565781056880973,2.0257205963134766,0.025454545454545455,0.004090909090909091,3.8833476255341197,90,0.0,0,nan,nan,nan,nan,465.5000013797344,-70.00000405316473,461.5000013797344
M4_sparse,procedural,sac_continuous,26,4,M4_sparse_n4_seed26,ok,3,2200,300,0.5632820728103606,4.847523103345005e-35,8.176946155090907e-19,1.3926630512106766,8.359893293631703,8.597495079040527,1.724946485033934,2.1700359437480872e-34,7.375390736512752e-17,5.384545510298881,4.303569662459592,7.6220678232394325,8.597495079040527,8.602831840515137,0.9468181818181818,0.769090909090909,7.221291137395858,0,0.0,0,nan,nan,nan,nan,-6.9999952415040525,-486.50000034489887,-10.999995241504053
M4_sparse,procedural,td3_continuous,26,4,M4_sparse_n4_seed26,ok,3,2200,300,0.8735791122978371,0.0,4.25704396721371e-28,2.824859086646616,2.6289954539976623,2.8957111835479736,1.4583428381630321,1.981735293180747e-45,3.191249598790219e-24,5.950780480938487,3.3643026715823563,2.315897230336612,2.8957111835479736,2.8957114219665527,0.7713636363636364,0.7622727272727273,7.239659362140822,0,0.0,0,nan,nan,nan,nan,-7.000000633798209,-447.99999919441257,-11.000000633798209
M4_sparse,procedural,dlc_individual_transition,27,4,M4_sparse_n4_seed27,ok,3,2200,300,13.17756373645119,8.605896566766988,12.27036418533627,19.43050259379199,2.3555844236675063,3.400637984275818,14.77199207491072,8.688292437791421,13.18485080130095,23.791020453681934,5.717196108900646,2.304274658452381,3.3978431940078737,3.6197433471679688,0.975,0.2759090909090909,5.002864658753148,0,0.0,0,nan,nan,nan,nan,10.500000187519618,-633.5000050474104,6.500000187519618
M4_sparse,procedural,dlc_joint_transition,27,4,M4_sparse_n4_seed27,ok,3,2200,300,12.686642478264295,7.802838901079515,11.631464752800074,19.523995106149027,2.3317742591155204,3.4010497570037845,14.455533553487244,7.8912218580326705,12.615593089661434,24.638995908795163,6.250653240442944,2.2308914532580157,3.3969728231430056,3.503359079360962,0.9390909090909091,0.4740909090909091,4.528221143071262,0,0.0,0,nan,nan,nan,nan,38.49999798689669,-538.9999994884344,34.49999798689669
M4_sparse,procedural,dlc_joint_transition_observer,27,4,M4_sparse_n4_seed27,ok,3,2200,300,16.243272511747243,9.599210350788491,14.378324824802242,26.408058637902602,2.8646469410469657,3.9454257249832154,17.550400677498672,9.707400325648916,15.566262620565611,26.98751783682066,7.008398473759201,2.564908794381402,3.9294749021530153,4.102363586425781,0.8727272727272727,0.4359090909090909,4.238051917129154,0,0.0,0,nan,nan,nan,nan,77.00000512427368,-496.9999991686078,73.00000512427368
M4_sparse,procedural,ppo_continuous,27,4,M4_sparse_n4_seed27,ok,3,2200,300,4.727876931407242,3.0217535255483035,4.306085355431657,5.931173572665795,2.7240173682413604,3.823231554031373,4.743159114980716,2.4897665393717348,4.2963227753034605,5.966627804783045,2.602823532756068,2.4208054714448304,3.7664371967315673,6.775078296661377,0.7913636363636364,0.2636363636363636,3.234750463290813,2109,0.0,0,nan,nan,nan,nan,73.49999636010955,-671.9999963403826,69.49999636010955
M4_sparse,procedural,rule_expert_gate,27,4,M4_sparse_n4_seed27,ok,3,2200,300,10.922655738473816,6.036772119634679,11.143689181051801,15.887106621053487,11.362032884265247,14.684423160552978,12.235693891395021,6.1449060239019655,11.145110477101857,20.026091221794204,5.59326251124315,9.856656278287568,14.666056919097901,14.837836265563965,0.8481818181818181,0.43227272727272725,2.5658603179483244,713,0.0,0,nan,nan,nan,nan,49.00000245486626,-458.4999960839664,45.00000245486626
M4_sparse,procedural,sac_continuous,27,4,M4_sparse_n4_seed27,ok,3,2200,300,0.6106598807819242,0.0,8.181204910939028e-31,1.0925203642075934e-11,7.456277106184708,7.5061492919921875,1.7970318585758298,0.0,4.3866351771711085e-27,5.095385844437544,4.5190530880466415,6.746980412553742,7.5061492919921875,7.886607646942139,0.9322727272727273,0.031818181818181815,7.231064254932511,0,0.0,0,nan,nan,nan,nan,-3.500001255588927,-591.4999983762407,-7.500001255588927
M4_sparse,procedural,td3_continuous,27,4,M4_sparse_n4_seed27,ok,3,2200,300,1.7101991805070516,2.0319943860248127e-21,9.05466934800701e-06,7.824067845271351,2.507813827591507,2.9651424646377564,2.238244599676964,9.341905029233496e-21,0.8622309747397031,7.062022191450444,3.835101410476262,2.21830948904834,2.953024077415466,3.0021145343780518,0.7804545454545454,0.7745454545454545,7.231064254932511,0,0.0,0,nan,nan,nan,nan,-6.999994797534441,-552.9999983820977,-10.999994797534441
M4_sparse,procedural,dlc_individual_transition,28,4,M4_sparse_n4_seed28,ok,3,2200,300,11.96513554415088,7.336241602233012,10.998166113616922,18.385083914724984,2.2759770068369414,3.3020439147949223,13.65403656348451,7.424763141288982,11.939771092365689,23.026799607217093,5.937387915425607,2.2370260568911378,3.3147006750106813,3.524423360824585,0.9754545454545455,0.2877272727272727,5.211310750868042,0,0.0,0,nan,nan,nan,nan,10.500002243249241,-577.5000050356458,6.5000022432492415
M4_sparse,procedural,dlc_joint_transition,28,4,M4_sparse_n4_seed28,ok,3,2200,300,12.311743392668124,7.493634353503149,11.273178989941345,19.053194773761767,2.3165606794231817,3.3621213912963865,14.071800644187253,7.584578227843005,12.245141629863937,24.106104319305132,6.190291886517605,2.2251656599342824,3.3600616216659547,3.456914186477661,0.9440909090909091,0.48409090909090907,4.858510509263447,0,0.0,0,nan,nan,nan,nan,34.999998706649876,-538.999999401992,30.999998706649876
M4_sparse,procedural,dlc_joint_transition_observer,28,4,M4_sparse_n4_seed28,ok,3,2200,300,15.83471812788622,9.316278765533518,13.97510417057125,25.829467365488256,2.938359300023631,4.020714521408081,17.194494122437966,9.409793236529516,15.030683596548972,26.399875857826625,7.075025851947075,2.627436324425719,4.006039237976074,4.143980026245117,0.8713636363636363,0.4172727272727273,4.420338759014509,0,0.0,0,nan,nan,nan,nan,80.5000025834895,-444.5000043037164,76.5000025834895
M4_sparse,procedural,ppo_continuous,28,4,M4_sparse_n4_seed28,ok,3,2200,300,4.176664444322218,3.002558340608836,4.310346282674651,5.293564886284165,2.962804351260788,3.7973875761032105,4.381599148635503,2.9398666358919354,4.394155780892561,5.426890275721854,1.5903412341288687,2.650308361816728,3.7493993043899536,4.8652448654174805,0.8868181818181818,0.26227272727272727,3.6888726358373587,2170,0.0,0,nan,nan,nan,nan,87.50000719003651,-647.5000026913831,83.50000719003651
M4_sparse,procedural,rule_expert_gate,28,4,M4_sparse_n4_seed28,ok,3,2200,300,12.007443743118072,6.7374326775433016,7.460044804150732,23.236211403949188,3.987052379005901,9.133062458038331,13.175838153905284,6.759806322893076,8.006871396522632,23.86064496818776,7.694016389458508,3.488324620437528,8.93078317642212,10.031721115112305,0.6031818181818182,0.395,2.6941391600891733,1430,0.0,0,nan,nan,nan,nan,216.9999946400833,-315.00000186474426,212.9999946400833
M4_sparse,procedural,sac_continuous,28,4,M4_sparse_n4_seed28,ok,3,2200,300,0.5270573960574596,1.981735293180747e-45,1.2169009133135111e-30,1.8369881792713117e-11,6.545139314500909,6.577638626098633,1.62708807871714,2.802596928649634e-45,6.532314188885001e-27,4.910038992335213,4.403433779916949,5.94513664825872,6.577638626098633,6.915054798126221,0.9327272727272727,0.02590909090909091,7.230445698100346,0,0.0,0,nan,nan,nan,nan,-3.4999972382948954,-580.9999996648078,-7.499997238294895
M4_sparse,procedural,td3_continuous,28,4,M4_sparse_n4_seed28,ok,3,2200,300,1.4989684122393674,5.0615333314717374e-26,1.0147454531767735e-12,6.003922906599688,2.5532008336523644,3.182948589324951,2.0701866248942635,3.216017278770236e-25,1.5238082697643804e-11,6.715046512800433,3.7319330724593973,2.258509010628543,3.182948589324951,3.1829581260681152,0.7754545454545455,0.769090909090909,7.230445698100346,0,0.0,0,nan,nan,nan,nan,-3.4999972382948954,-545.9999981017661,-7.499997238294895
M4_sparse,procedural,dlc_individual_transition,29,4,M4_sparse_n4_seed29,ok,3,2200,300,3.222608554772986,2.2397007953499957,3.12327044050382,4.388314797900407,1.3597849441202063,2.504789686203003,3.787205540579884,2.2681075386756904,3.3362494499729305,4.95966831370582,1.9922835721063463,1.3530212783323474,2.5261995792388916,2.596531391143799,0.5645454545454546,0.4863636363636364,4.951571314550706,150,0.0,0,nan,nan,nan,nan,3.500001845689553,-518.0000003446293,-0.4999981543104468
M4_sparse,procedural,dlc_joint_transition,29,4,M4_sparse_n4_seed29,ok,3,2200,300,3.050330062355765,2.122634432226229,2.9574690076057717,4.148884357608382,1.0187962811212454,2.127698659896851,3.619203502944519,2.150435757662098,3.158398502680007,4.680875055392169,2.0074453608909666,1.0355485404131601,2.1456526279449464,2.2066686153411865,0.49636363636363634,0.46045454545454545,4.9830770807795615,146,0.0,0,nan,nan,nan,nan,3.500001845689553,-510.9999982845692,-0.4999981543104468
M4_sparse,procedural,dlc_joint_transition_observer,29,4,M4_sparse_n4_seed29,ok,3,2200,300,15.465203470993638,11.712541671897023,14.032205862811265,20.80367361594922,1.6387381728966093,3.23490834236145,14.324511196706995,5.4473235119026775,13.808145299767425,20.399161415506097,5.345295056913759,1.5471257604692668,3.1957685708999635,3.382122278213501,0.649090909090909,0.2927272727272727,5.032803378803836,126,0.0,0,nan,nan,nan,nan,45.50000982220308,-307.999999610867,41.50000982220308
M4_sparse,procedural,ppo_continuous,29,4,M4_sparse_n4_seed29,ok,3,2200,300,11.282133284628932,8.125337235236067e-08,6.670416207771769,28.61582784997036,4.668840495591591,5.862147808074951,12.12536961921781,1.0471026963299643e-07,16.01782462298825,27.462710748988584,11.396321189677503,4.2103651354142295,5.862147808074951,10.94708251953125,0.8918181818181818,0.39,6.468076025393103,0,0.0,0,nan,nan,nan,nan,-3.5000013625329984,-692.9999939638287,-7.500001362532998
M4_sparse,procedural,rule_expert_gate,29,4,M4_sparse_n4_seed29,ok,3,2200,300,10.545643227056,8.652163166165227,11.033252460264965,11.987385131005107,0.3742065838414802,0.7439027070999176,10.551131579270807,8.616264542259147,10.98251926396166,11.993121843452332,1.766175626484617,0.3621847379361465,0.6802482306957246,4.21025276184082,0.08227272727272728,0.06636363636363636,4.943872040870953,2152,0.0,0,nan,nan,nan,nan,3.500000963940238,-115.4999945170157,-0.49999903605976215
M4_sparse,procedural,sac_continuous,29,4,M4_sparse_n4_seed29,ok,3,2200,300,0.6694614816468507,1.9632665927439222e-37,3.4784759006723885e-18,2.081872595261327,8.502953073852941,8.80652141571045,1.8303647457429644,9.000697091778368e-37,3.682980197113948e-14,5.115529602043049,4.331634308508678,7.787834698800421,8.80652141571045,8.81838321685791,0.9540909090909091,0.024545454545454544,7.216812743690864,0,0.0,0,nan,nan,nan,nan,-6.999995739468886,-493.4999922025487,-10.999995739468886
M4_sparse,procedural,td3_continuous,29,4,M4_sparse_n4_seed29,ok,3,2200,300,1.815686185386315,3.8351127819263894e-29,7.00452928446608e-12,8.351428007621427,2.28491044840659,2.990538763999939,2.2857622902322032,1.770071712227283e-28,2.759000495422517e-06,7.228259731305305,3.5951403437941223,2.0092556868614735,2.989813756942749,3.0476014614105225,0.7318181818181818,0.725,7.243031845108168,0,0.0,0,nan,nan,nan,nan,-6.999995739468886,-454.99999817291666,-10.999995739468886
M4_sparse,procedural,dlc_individual_transition,30,4,M4_sparse_n4_seed30,ok,3,2200,300,3.313434536675714,2.3012542478953244,3.210603758945743,4.51485153233142,1.3492788112947816,2.4893599987030033,3.878514257972734,2.330472214693068,3.428452644945187,5.104992288448615,1.9895075260812516,1.3404570657178887,2.5133756160736085,2.588930606842041,0.5777272727272728,0.4990909090909091,4.911525948249084,154,0.0,0,nan,nan,nan,nan,3.5000013621587414,-514.4999974789935,-0.49999863784125864
M4_sparse,procedural,dlc_joint_transition,30,4,M4_sparse_n4_seed30,ok,3,2200,300,3.1349915418484264,2.180204161299831,3.038972464031626,4.266460363389861,0.9869082571984434,2.122767496109009,3.7061412579698065,2.207828111265287,3.2458123842209217,4.8198875999603334,2.0067010709933775,1.0043918484020105,2.1429238319396973,2.208435535430908,0.47954545454545455,0.4768181818181818,4.943320317742386,153,0.0,0,nan,nan,nan,nan,3.5000013621587414,-510.9999986494582,-0.49999863784125864
M4_sparse,procedural,dlc_joint_transition_observer,30,4,M4_sparse_n4_seed30,ok,3,2200,300,11.7736049749934,8.006393709373699,10.327276999237768,18.422324715391067,2.1525324843600884,4.721904230117801,11.144339583997454,5.73535062576068,9.80160690888733,16.46534349780916,5.345297414401177,1.989373404065819,4.003549480438235,9.263980865478516,0.6677272727272727,0.2081818181818182,4.96204673599664,133,0.0,0,nan,nan,nan,nan,45.50001163354182,-301.00000350548953,41.50001163354182
M4_sparse,procedural,ppo_continuous,30,4,M4_sparse_n4_seed30,ok,3,2200,300,39.49010974663162,17.926456993873593,37.27858067335984,64.46265858854328,41.78678408879468,77.73185806274414,36.46850552404024,17.908391555236214,35.426677187571265,63.093410176462704,17.619896976159914,36.26979332522214,77.31363677978516,79.44921875,0.8490909090909091,0.6295454545454545,6.558401944937659,0,0.0,0,nan,nan,nan,nan,-3.4999976598849116,-794.4999993192016,-7.499997659884912
M4_sparse,procedural,rule_expert_gate,30,4,M4_sparse_n4_seed30,ok,3,2200,300,10.973546235090211,9.76188320572237,11.056474583155394,11.929437344664182,0.10756697829216902,0.3118780434131626,10.998005204218424,9.836000661776957,11.04140472667494,11.929437344664182,1.0584255578256971,0.10579550614736614,0.26298851072788243,0.4148125946521759,0.0,0.0,4.958795474798799,2161,0.0,0,nan,nan,nan,nan,0.0,-66.50000454772658,-4.0
M4_sparse,procedural,sac_continuous,30,4,M4_sparse_n4_seed30,ok,3,2200,300,2.0654289398753782,6.583332680372077e-28,0.14150334430858436,2.926829811581672,7.593484256643998,8.897415161132812,2.9976579607108165,5.767373886417124e-27,2.479746151237467,8.51475789945137,4.714111641796158,6.999590303794777,8.897415161132812,8.921710968017578,0.9545454545454546,0.04909090909090909,7.216889886283323,0,0.0,0,nan,nan,nan,nan,-7.000000009250471,-486.4999985903936,-11.00000000925047
M4_sparse,procedural,td3_continuous,30,4,M4_sparse_n4_seed30,ok,3,2200,300,0.7859962684489553,0.0,2.817934802186271e-28,2.6916643809503356,2.5165725180820413,2.748414993286133,1.3428579722546057,0.0,1.4666259962120489e-24,5.082742296977045,3.067897145044687,2.211670668007044,2.748414993286133,2.748414993286133,0.7768181818181819,0.7659090909090909,7.243198898888086,0,0.0,0,nan,nan,nan,nan,-7.000000009250471,-455.0000004994405,-11.00000000925047
M4_sparse,procedural,dlc_individual_transition,31,4,M4_sparse_n4_seed31,ok,3,2200,300,12.025054970474038,7.36384267252993,11.04598267168933,18.499507238851113,2.3152272531233336,3.3623713254928593,13.732158423019072,7.45278279864391,11.987496183936436,23.17834394574789,5.996470402297473,2.273794435398145,3.369050979614258,3.5504419803619385,0.975,0.3245454545454545,5.019145388397397,0,0.0,0,nan,nan,nan,nan,10.49999814897626,-482.99999679278966,6.49999814897626
M4_sparse,procedural,dlc_joint_transition,31,4,M4_sparse_n4_seed31,ok,3,2200,300,12.747678820267343,7.859622805627705,11.69268513056763,19.588917049019553,2.332648407095357,3.406661057472229,14.515466743784808,7.948153428405363,12.677542488879618,24.703872796419756,6.251038822976644,2.2311126427487893,3.402322268486023,3.5089776515960693,0.9386363636363636,0.4727272727272727,4.55320030662661,0,0.0,0,nan,nan,nan,nan,38.50000448614924,-437.49999851136226,34.50000448614924
M4_sparse,procedural,dlc_joint_transition_observer,31,4,M4_sparse_n4_seed31,ok,3,2200,300,16.48412599870431,9.714333210686355,15.099565844922271,25.915170046627853,2.747458186651531,3.798481059074402,17.758579518334,9.82700446271185,16.299132326879928,26.616596795126608,6.720143637387457,2.4629887369275094,3.7804052352905275,6.420853614807129,0.8740909090909091,0.39590909090909093,4.201270571878132,0,0.0,0,nan,nan,nan,nan,73.50000476795753,-353.50000240424265,69.50000476795753
M4_sparse,procedural,ppo_continuous,31,4,M4_sparse_n4_seed31,ok,3,2200,300,4.116928035422434,2.957338574353707,4.217556660884459,5.269835911578447,2.5875644327856993,3.5970523834228514,4.160676414148658,2.4764318549004103,4.151771746620514,5.316634524540863,1.6337890783711082,2.2892157841240985,3.552975392341614,4.104003429412842,0.7718181818181818,0.26454545454545453,3.6340197214062955,2170,0.0,0,nan,nan,nan,nan,73.50000173309843,-538.9999994711632,69.50000173309843
M4_sparse,procedural,rule_expert_gate,31,4,M4_sparse_n4_seed31,ok,3,2200,300,19.258255983344885,6.62980460741627,22.453687609605183,25.513407369420182,0.996900012500195,4.30495743751526,19.377309772172627,6.881185542238562,22.49179191989498,26.578531077685454,7.1099279896517285,0.9044986739364818,3.9906141757965092,5.123106956481934,0.21863636363636363,0.05227272727272727,2.825728403339063,523,0.0,0,nan,nan,nan,nan,356.9999977952068,-87.5000097524844,352.9999977952068
M4_sparse,procedural,sac_continuous,31,4,M4_sparse_n4_seed31,ok,3,2200,300,0.6371523200464219,0.0,5.485776987207814e-28,1.4655734152007291,7.981173172749971,8.219276428222656,1.8010348491481014,0.0,2.9447001818249207e-24,5.112069584452383,4.351756966435447,7.189911822872025,8.219276428222656,8.283187866210938,0.9313636363636364,0.024545454545454544,7.2314507000978425,0,0.0,0,nan,nan,nan,nan,-3.500005725267556,-507.49999862550226,-7.500005725267556
M4_sparse,procedural,td3_continuous,31,4,M4_sparse_n4_seed31,ok,3,2200,300,0.8914058420587883,0.0,7.150588571399314e-29,2.7959084547656703,2.6649371424787924,2.94155216217041,1.5151036539557898,0.0,5.557345996495579e-25,5.7488515632257045,3.4440577697508945,2.3555459566414356,2.94155216217041,2.94155216217041,0.77,0.7604545454545455,7.231453696606822,0,0.0,0,nan,nan,nan,nan,-6.999998797669264,-468.9999964942007,-10.999998797669264
M4_sparse,procedural,dlc_individual_transition,32,4,M4_sparse_n4_seed32,ok,3,2200,300,0.03678929149310754,0.026515790184911563,0.03591987816293252,0.048660457401316824,0.22030654794291446,0.22307209372520448,0.7279435267140479,0.02681414711802092,0.0380628386398972,0.05371616799873734,2.5250650166504647,0.22770179530775006,0.22312669456005096,0.6639724373817444,0.0,0.9345454545454546,3.8390553249055723,163,0.0,0,nan,nan,nan,nan,6.99999717646665,-528.5000049589535,2.9999971764666498
M4_sparse,procedural,dlc_joint_transition,32,4,M4_sparse_n4_seed32,ok,3,2200,300,10.487926258400055,6.920610821602113,9.507904688310308,13.723980399642775,2.0406071771098007,3.3806488990783694,10.169359406378367,5.768086942725698,9.08806098184952,13.619194668059263,4.405624837321537,1.823358504196248,3.346246242523194,3.4786362648010254,0.8022727272727272,0.4509090909090909,4.744425233696718,240,0.0,0,nan,nan,nan,nan,0.0,-462.00000653063785,-4.0
M4_sparse,procedural,dlc_joint_transition_observer,32,4,M4_sparse_n4_seed32,ok,3,2200,300,14.77243030012611,8.844620042189357,13.169613029329348,25.116123470847025,2.2449289307155107,3.3382933378219604,15.718454013853718,8.845046083917973,13.850740771039053,25.13666136406424,6.0500927071144925,2.0046470546451483,3.3256702899932864,6.5493083000183105,0.7772727272727272,0.3322727272727273,3.4519421416332174,25,0.0,0,nan,nan,nan,nan,104.99999805277321,-255.50000564538232,100.99999805277321
M4_sparse,procedural,ppo_continuous,32,4,M4_sparse_n4_seed32,ok,3,2200,300,25.97256615073004,19.19092259310586,25.427938804922693,31.64922222593105,5.850959438995311,9.539135360717774,24.949124736478762,19.18280175945234,24.946924027813907,31.604564293336384,4.754696908510448,5.271943848049691,9.413139724731446,10.878962516784668,0.9172727272727272,0.5904545454545455,5.214151780915138,2,0.0,0,nan,nan,nan,nan,-3.499997597860556,-651.0000066836052,-7.499997597860556
M4_sparse,procedural,rule_expert_gate,32,4,M4_sparse_n4_seed32,ok,3,2200,300,23.030207352022142,22.005059238261506,22.95950676483065,23.906176850965515,0.061461689296288806,0.17516448050737382,22.197797402015397,20.83915098958521,22.867538071638066,23.946931232682893,3.3579403289450314,0.11691237903623418,0.25169464051723484,1.52510404586792,0.017727272727272727,0.0,3.860022569570559,91,0.0,0,nan,nan,nan,nan,479.4999917547834,-70.00000474562103,475.4999917547834
M4_sparse,procedural,sac_continuous,32,4,M4_sparse_n4_seed32,ok,3,2200,300,0.628312827814608,4.446687366005321e-40,1.6270706298558107e-20,1.4532308235384344,8.127334328199687,8.29743480682373,1.7993039218204618,2.5363311496398476e-39,7.198101569256744e-17,5.164340517075696,4.365967071240287,7.417878327339422,8.29743480682373,8.615470886230469,0.9468181818181818,0.026363636363636363,7.220984989110059,0,0.0,0,nan,nan,nan,nan,-6.999995645084482,-514.5000085596773,-10.999995645084482
M4_sparse,procedural,td3_continuous,32,4,M4_sparse_n4_seed32,ok,3,2200,300,2.5020063707752684,9.377200263677879e-35,1.6781382205843602e-15,8.522559589822833,1.750470961694434,2.2381813526153564,2.9034188073465064,5.852959448729659e-34,5.781448121170091e-12,7.693760537564571,3.9506099453546892,1.555252617754529,2.2381813526153564,2.4896280765533447,0.6731818181818182,0.6118181818181818,7.239529915768075,0,0.0,0,nan,nan,nan,nan,-7.000003047225164,-486.50000431222793,-11.000003047225164
M6_dense,procedural,dlc_individual_transition,21,6,M6_dense_n6_seed21,ok,5,2200,300,11.688299280712204,6.576602557479192,12.3553768814717,13.282851677836803,0.400303981752429,0.9224044978618622,12.520700941193768,7.26784140780547,12.467343658973592,18.79411376289313,3.6349603162087196,0.3842794024063253,0.9048459708690645,1.3816415071487427,0.06227272727272727,0.0,2.3713419133858857,1678,0.0,0,nan,nan,nan,nan,34.99999816795844,-122.50000621578101,30.999998167958438
M6_dense,procedural,dlc_joint_transition,21,6,M6_dense_n6_seed21,ok,5,2200,300,13.768501066761992,11.782148434184585,13.19910809079529,16.97695385894919,0.8479015548605668,0.9983269214630127,13.759202167693983,11.813893342440554,13.287674271162292,16.927592059532948,1.9100912397059941,0.8531037264520471,1.0012513637542724,1.0786373615264893,0.12363636363636364,0.0,3.9668779425359313,502,0.0,0,nan,nan,nan,nan,24.500006385409506,-111.99999530873549,20.500006385409506
M6_dense,procedural,dlc_joint_transition_observer,21,6,M6_dense_n6_seed21,ok,5,2200,300,13.85329965184233,11.007238829277963,13.864676464957725,16.613862359103344,0.9519432702660561,1.0498618483543396,14.042877852687365,11.007387950633907,14.13067529476427,16.589744366837976,2.0797016941751423,0.9346228990636088,1.0503250360488892,1.1882131099700928,0.375,0.0,2.9582632149984738,42,0.0,0,nan,nan,nan,nan,73.50000065671088,-111.99999530873549,69.50000065671088
M6_dense,procedural,ppo_continuous,21,6,M6_dense_n6_seed21,ok,5,2200,300,32.933419126659516,21.318536061353864,31.795141797773706,46.32893925172942,19.167180829227405,42.44139442443848,30.84130347299366,19.197045175741835,26.280791609807046,46.15866023792109,10.517268503120903,16.793232732597946,41.35496101379396,49.423316955566406,0.8313636363636364,0.5172727272727272,7.199757773404713,0,0.0,0,nan,nan,nan,nan,0.0,-1029.0000059628292,-4.0
M6_dense,procedural,rule_expert_gate,21,6,M6_dense_n6_seed21,ok,5,2200,300,10.92619203284433,5.60329681595802,8.370525613750344,21.646835174208206,2.134059027851581,6.042260456085206,12.146180153434418,5.680104667566345,9.130931665556165,26.080391008200337,7.051174884548178,1.8906149158987235,5.8381792545318625,6.8142409324646,0.47545454545454546,0.09363636363636364,2.8402043574241804,1608,0.0,0,nan,nan,nan,nan,76.99999183492855,-259.00000259295484,72.99999183492855
M6_dense,procedural,sac_continuous,21,6,M6_dense_n6_seed21,ok,5,2200,300,3.0628046616089435,2.7433633170125156e-37,6.6255172889200955e-18,11.01757301024932,10.151714985362794,13.657859802246094,3.221454818724404,2.2806998340057664e-36,4.703358673769092e-14,9.230545983786714,4.922948313908633,8.826820017417724,13.657859802246094,13.657859802246094,0.6986363636363636,0.0,7.18510511547628,0,0.0,0,nan,nan,nan,nan,0.0,-605.5000010891683,-4.0
M6_dense,procedural,td3_continuous,21,6,M6_dense_n6_seed21,ok,5,2200,300,12.095601407063652,11.692562281992137,12.1463239437254,12.517232526618967,7.8626807463796515,8.216309070587158,13.165065865376743,11.653653988487692,12.181583597171775,13.332877194120565,4.806069622952404,7.372415907545523,8.198405265808105,8.38481330871582,0.9831818181818182,0.5031818181818182,7.1999645050160535,0,0.0,0,nan,nan,nan,nan,0.0,-693.0000075451958,-4.0
M6_dense,procedural,dlc_individual_transition,22,6,M6_dense_n6_seed22,ok,5,2200,300,6.854074497003915,4.946032098668997,6.589396497354837,10.18837756139853,3.3144198156226623,5.307694292068482,8.659705693857356,5.00758581236155,6.852647026640591,18.087973130410024,5.03649203844811,2.9058304567812856,5.1658123493194585,6.139530181884766,0.7081818181818181,0.31681818181818183,2.864299911725486,714,0.0,0,nan,nan,nan,nan,38.50000189597597,-455.0000028800606,34.50000189597597
M6_dense,procedural,dlc_joint_transition,22,6,M6_dense_n6_seed22,ok,5,2200,300,9.846215671008103,7.6755845185482405,7.700399741031852,15.756351500136288,2.5584951801007416,4.270270776748657,10.195562762856207,7.6800172779067255,7.703302954628868,15.895687886783524,3.5505398167029005,2.3187584776598538,4.241240072250366,4.379721164703369,0.6468181818181818,0.0,2.9577217643623115,20,0.0,0,nan,nan,nan,nan,49.000007808908094,-195.99999801122738,45.000007808908094
M6_dense,procedural,dlc_joint_transition_observer,22,6,M6_dense_n6_seed22,ok,5,2200,300,13.637413285980925,10.543669377886257,12.186253312605754,20.532132784063126,0.5306646488084287,1.001030969619751,14.122538933611118,10.76166462450061,12.25382258442944,20.449301463213658,3.5479113980472707,0.5322499465491008,0.9979584753513336,1.1610301733016968,0.09045454545454545,0.0,3.215299670690806,74,0.0,0,nan,nan,nan,nan,217.0000054714667,-108.49999948641437,213.0000054714667
M6_dense,procedural,ppo_continuous,22,6,M6_dense_n6_seed22,ok,5,2200,300,31.49725133834935,24.383758386607177,27.105558976621644,47.031296697199934,5.955521130686087,16.807328796386724,29.786331741034754,18.499899900079964,24.777746012743787,46.40335336113162,10.16223694554872,5.390688282911644,16.225673294067384,19.281482696533203,0.7190909090909091,0.8572727272727273,3.0756266864945907,91,0.0,0,nan,nan,nan,nan,7.000003304151278,-1378.9999900457724,3.000003304151278
M6_dense,procedural,rule_expert_gate,22,6,M6_dense_n6_seed22,ok,5,2200,300,22.87863763101813,20.890754825094483,22.928275059024763,26.311020641046902,0.2276672789650911,0.3642878919839859,22.504952639167147,18.794581053552882,22.88951923056326,26.61469904698486,3.3905463391040325,0.25298792689364663,0.3954011887311937,3.156355381011963,0.05,0.01,2.597772157754611,128,0.0,0,nan,nan,nan,nan,420.0000005084912,-108.49999948641437,416.0000005084912
M6_dense,procedural,sac_continuous,22,6,M6_dense_n6_seed22,ok,5,2200,300,10.492825576296129,4.784051919260927,11.109684678331291,11.458674453509447,3.9976111177315836,5.005651426315308,9.637986947583324,4.653584216450045,11.044687516406412,11.427973554567249,3.571268743883392,3.4908362561328845,4.986226892471313,5.2163543701171875,0.740909090909091,0.3654545454545455,4.437607351546327,0,0.0,0,nan,nan,nan,nan,7.000003304151278,-591.4999982737224,3.000003304151278
M6_dense,procedural,td3_continuous,22,6,M6_dense_n6_seed22,ok,5,2200,300,0.8433315671058591,1.401298464324817e-45,3.780493602407002e-27,2.929309892670851,4.110285826607754,4.186063766479492,1.2277241346695156,3.133398622996355e-45,1.5595777286742854e-23,3.042033666936154,3.938056372454039,3.8399965604191477,4.186063766479492,4.885437965393066,0.9836363636363636,0.9595454545454546,7.179523043781827,0,0.0,0,nan,nan,nan,nan,7.000003304151278,-637.0000006091074,3.000003304151278
M6_dense,procedural,dlc_individual_transition,23,6,M6_dense_n6_seed23,ok,5,2200,300,14.551370180356232,11.105927720471671,13.32752195190686,19.706688348139366,0.6539768371221266,0.9811284244060516,15.047642167604254,11.139987097713911,13.58330045017009,19.917639218198534,3.6365979866088822,0.6333277423341166,0.9702212154865265,1.2706937789916992,0.06227272727272727,0.0,3.225370024475348,376,0.0,0,nan,nan,nan,nan,122.50000592255628,-108.50000041090686,118.50000592255628
M6_dense,procedural,dlc_joint_transition,23,6,M6_dense_n6_seed23,ok,5,2200,300,12.357951493582222,2.7409789490174075,14.444895103879418,17.4933061071561,0.8416043302259947,1.9807082176208497,12.804763376192101,2.776062429108482,14.508333687047227,18.31674822533886,5.074910699839292,0.8268848705427213,1.9131886363029482,2.1711649894714355,0.21545454545454545,0.0,2.7940082161402118,196,0.0,0,nan,nan,nan,nan,73.5000018571393,-122.50000092498624,69.5000018571393
M6_dense,procedural,dlc_joint_transition_observer,23,6,M6_dense_n6_seed23,ok,5,2200,300,13.005769488199439,7.635548626923818,12.09286300436547,21.621034064065363,1.0397529928531577,4.610717105865481,13.504176349467425,7.818972016863533,12.22712612650949,21.24070144317977,4.38670232204303,0.9855072954016214,4.0467009544372585,6.5618085861206055,0.17954545454545454,0.0,3.6962519350606073,986,0.0,0,nan,nan,nan,nan,101.50000313162172,-112.00000303045101,97.50000313162172
M6_dense,procedural,ppo_continuous,23,6,M6_dense_n6_seed23,ok,5,2200,300,42.31570089337198,31.22504812124563,38.633787310623404,64.55343654785845,17.397760298928418,29.72224712371827,39.55340201027079,20.03182836812784,33.24444174964813,62.5332386971515,14.458972014820764,15.262174552546666,28.72398624420167,38.256465911865234,0.8481818181818181,0.5809090909090909,7.172799254526784,0,0.0,0,nan,nan,nan,nan,7.000012308766031,-920.5000044319744,3.0000123087660313
M6_dense,procedural,rule_expert_gate,23,6,M6_dense_n6_seed23,ok,5,2200,300,15.15531825762833,10.518714097448875,12.482798784597446,25.327458173490697,0.47802268874905024,1.3716490268707275,16.219404366784563,10.743226792835067,13.403379695549898,26.116895329325292,5.889928558298922,0.45885986952978947,1.2913296580314642,3.811859130859375,0.1368181818181818,0.08409090909090909,3.5774673982847687,1234,0.0,0,nan,nan,nan,nan,108.50000538735912,-108.49999820580126,104.50000538735912
M6_dense,procedural,sac_continuous,23,6,M6_dense_n6_seed23,ok,5,2200,300,10.276589085510079,4.154843461140127,10.96588540854162,11.255667275920976,4.360360724267207,5.432212591171265,9.527993614127311,4.208999024178875,10.926308993986854,11.17563276202708,3.539034354329994,3.808148302916776,5.4173264503479,5.575454235076904,0.7386363636363636,0.36863636363636365,4.906528196056733,0,0.0,0,nan,nan,nan,nan,7.000012308766031,-598.499996096985,3.0000123087660313
M6_dense,procedural,td3_continuous,23,6,M6_dense_n6_seed23,ok,5,2200,300,11.092993464681737,9.411251126452724,11.059989104988563,12.69785447012323,8.11818610367022,8.581048774719239,11.948775973394675,8.973423695744485,11.08587150900204,14.350787383067678,5.905963280743418,7.451442007693378,8.565932655334473,8.70998764038086,0.9845454545454545,0.5209090909090909,7.167699745556503,0,0.0,0,nan,nan,nan,nan,7.000012308766031,-668.4999985610266,3.0000123087660313
M6_dense,procedural,dlc_individual_transition,24,6,M6_dense_n6_seed24,ok,5,2200,300,11.539287870273684,6.155316714544685,12.03890874027652,20.0553815268087,0.9120238927006722,1.72893602848053,12.323565144105313,6.156445461305628,12.21318480711842,19.94849789722627,5.248575635596424,0.8810805365036835,1.7136298656463622,2.2347769737243652,0.3059090909090909,0.0,2.3951059756126027,460,0.0,0,nan,nan,nan,nan,73.50000044493322,-112.00000601327338,69.50000044493322
M6_dense,procedural,dlc_joint_transition,24,6,M6_dense_n6_seed24,ok,5,2200,300,11.771177057925962,7.150264332943455,9.890619359771888,20.468113386668396,0.616568052004165,1.0065385222435,12.614655506212635,7.198877581453593,11.171071366950395,20.40415163440875,4.989672695450678,0.6269957216660789,0.9955975234508514,2.5167887210845947,0.09409090909090909,0.00909090909090909,5.193648794213851,334,0.0,0,nan,nan,nan,nan,150.49998896527654,-111.99999785299406,146.49998896527654
M6_dense,procedural,dlc_joint_transition_observer,24,6,M6_dense_n6_seed24,ok,5,2200,300,13.184459351030084,7.484832780598785,12.878756035696416,19.590240646357476,0.6167203779648499,1.0023005843162538,13.671682318261837,7.556269354707848,13.33849740751269,19.473264576022476,3.991713152021156,0.6232294286967425,0.9972020089626312,1.0931758880615234,0.07045454545454545,0.0,3.022886228115001,269,0.0,0,nan,nan,nan,nan,52.49999670873103,-111.99999785299406,48.49999670873103
M6_dense,procedural,ppo_continuous,24,6,M6_dense_n6_seed24,ok,5,2200,300,1.5349257283579027e-07,4.258032240046542e-18,2.2179677215586582e-15,7.236710985360942e-11,2.506324052810669,2.506324052810669,1.107498048306005,4.258032240046542e-18,2.2008129997892992e-14,1.0962430430867889e-07,5.282598124375029,2.468230405151844,2.506324052810669,3.688169479370117,0.9786363636363636,0.008636363636363636,7.039067611452011,0,0.0,0,nan,nan,nan,nan,7.000003303441986,-717.4999986816264,3.0000033034419857
M6_dense,procedural,rule_expert_gate,24,6,M6_dense_n6_seed24,ok,5,2200,300,10.439872304188238,6.283617744424468,9.926572345125702,12.52424042073937,1.3534360390411395,4.058747959136964,12.267333487411799,6.373083040562647,10.719643077805081,25.968424989616356,6.482086250245722,1.2092010707789185,3.817001461982727,5.713428974151611,0.3431818181818182,0.07681818181818181,4.923403091846693,1774,0.0,0,nan,nan,nan,nan,294.00000604329716,-210.00000372912314,290.00000604329716
M6_dense,procedural,sac_continuous,24,6,M6_dense_n6_seed24,ok,5,2200,300,2.745793703450273,2.657548865656085e-29,8.171964726076691e-08,4.879427117251345,3.4883808779873346,5.435028553009033,2.539317901687868,1.1328468072302776e-28,4.912184467867795e-07,4.879427117259756,3.84145277196893,3.086150462370027,5.435028553009033,5.435831069946289,0.5522727272727272,0.42772727272727273,7.162057173279878,0,0.0,0,nan,nan,nan,nan,119.00000311282793,-314.9999903551525,115.00000311282793
M6_dense,procedural,td3_continuous,24,6,M6_dense_n6_seed24,ok,5,2200,300,0.4411323419658342,8.48540412519353e-30,5.44133359509078e-20,2.846617984098921e-10,2.2187440421079336,3.0255014896392822,2.2411212778508642,2.2483402102219726e-29,4.130543181070889e-18,9.283111760726124,5.644916006378338,1.9842347989891211,3.0255014896392822,3.139749526977539,0.8831818181818182,0.435,4.964082730314191,25,0.0,0,nan,nan,nan,nan,7.000002579320267,-545.9999939224065,3.0000025793202667
M6_dense,procedural,dlc_individual_transition,25,6,M6_dense_n6_seed25,ok,5,2200,300,13.489742163526865,11.073507132381119,12.335136933631548,20.515632162465902,0.3954317660170215,0.5970122456550598,14.320702087768344,11.168078449415235,12.44808021315145,21.65001643952475,4.122592457187272,0.38313801601941866,0.5909115850925446,0.6522647738456726,0.0,0.0,3.591677186101229,258,0.0,0,nan,nan,nan,nan,182.00000516711702,-108.5000106103189,178.00000516711702
M6_dense,procedural,dlc_joint_transition,25,6,M6_dense_n6_seed25,ok,5,2200,300,9.595049645005316,7.710991125294748,8.020289003685384,14.795155091090544,2.8907681843548962,4.370264959335327,10.006187829963201,7.711295323827251,8.021631672767189,15.946178891396672,3.583604810504588,2.595889416532485,4.3560949802398685,4.509310722351074,0.6709090909090909,0.0,4.7550272391060115,23,0.0,0,nan,nan,nan,nan,80.50000571623195,-196.00000089332696,76.50000571623195
M6_dense,procedural,dlc_joint_transition_observer,25,6,M6_dense_n6_seed25,ok,5,2200,300,13.171319465459325,9.383155590836731,11.25771922600623,21.608287869532383,0.7346406905479288,1.6180970549583442,13.796526702144272,9.925329670163345,11.540348949313017,21.696305849153465,4.478103429559512,0.7016808487805114,1.4427854657173174,1.9483741521835327,0.225,0.0,2.958680564444879,294,0.0,0,nan,nan,nan,nan,182.0000071513316,-108.5000106103189,178.0000071513316
M6_dense,procedural,ppo_continuous,25,6,M6_dense_n6_seed25,ok,5,2200,300,37.883838941918484,24.0418162038755,32.062641631271276,60.74116555474155,37.11785006520553,83.20689926147462,35.3357012867106,19.003013787948742,26.494667522721464,59.70009122625855,15.273215665084246,32.30579238900296,80.75573806762696,95.68209838867188,0.8427272727272728,0.6590909090909091,7.093707519649038,0,0.0,0,nan,nan,nan,nan,7.000001362445801,-917.0000084968175,3.0000013624458006
M6_dense,procedural,rule_expert_gate,25,6,M6_dense_n6_seed25,ok,5,2200,300,14.112016306183907,9.481640832939908,12.533736520971976,21.90293889496474,0.3791932763557844,1.2810830116271998,15.369213624185974,9.74301069260016,12.971680226784883,25.445127394420787,5.629776383224048,0.36183577699134317,1.0036212563514713,2.398958683013916,0.10045454545454545,0.07545454545454545,3.5985428907014363,1430,0.0,0,nan,nan,nan,nan,98.00000032935031,-108.5000106103189,94.00000032935031
M6_dense,procedural,sac_continuous,25,6,M6_dense_n6_seed25,ok,5,2200,300,10.809903301784491,6.250568809331143,10.802304814553768,13.277172092942877,4.870021789975857,6.148035621643066,9.995184382257774,4.878048544648298,10.750896996346023,11.775514268669212,3.5317734924168964,4.240776005197655,6.13910140991211,6.182589530944824,0.7790909090909091,0.3640909090909091,4.124297998744412,0,0.0,0,nan,nan,nan,nan,6.999998195980879,-595.0000014382196,2.9999981959808792
M6_dense,procedural,td3_continuous,25,6,M6_dense_n6_seed25,ok,5,2200,300,10.985277449820433,7.289639721482206,11.343978033913569,14.50149333653087,7.127598418687519,8.161039638519288,10.14299819757431,2.9288221085513033,11.084217261535768,14.47832544960462,4.42542747865019,6.460981056744402,8.126833820343018,8.555298805236816,0.9827272727272728,0.5640909090909091,7.156658329641208,0,0.0,0,nan,nan,nan,nan,7.000001362445801,-612.5000096765416,3.0000013624458006
M6_dense,procedural,dlc_individual_transition,26,6,M6_dense_n6_seed26,ok,5,2200,300,11.402345424827256,4.7614164751610515,11.590101846292855,14.300121015005265,0.5963058104724501,1.1294901609420778,12.605745759279074,4.826895707222561,11.629446736659208,22.274105145029537,5.025837579464703,0.5599222942311,1.0334620237350471,1.5470823049545288,0.10909090909090909,0.0,2.808020910526114,1335,0.0,0,nan,nan,nan,nan,66.50000317036711,-112.00000465465428,62.50000317036711
M6_dense,procedural,dlc_joint_transition,26,6,M6_dense_n6_seed26,ok,5,2200,300,13.76317021855205,11.165610578028376,13.833263494882598,16.964330229479867,0.593488224053106,0.9802072882652283,13.581215398225666,9.899797511303452,13.720033749966756,17.013952114914513,2.5866337368936763,0.6225390765193152,0.9860445976257325,1.3987895250320435,0.10045454545454545,0.0,3.1850900045947115,234,0.0,0,nan,nan,nan,nan,430.49999871985733,-115.49999671758337,426.49999871985733
M6_dense,procedural,dlc_joint_transition_observer,26,6,M6_dense_n6_seed26,ok,5,2200,300,13.108475349461203,9.743032204127031,11.949374629467293,20.13830736487075,0.41763389153053715,1.1892480373382572,13.673241385539104,10.00427490846497,12.094293842438933,20.091354903243072,3.6884495468315177,0.4410103764295292,1.1078071117401125,1.7371197938919067,0.10545454545454545,0.0,2.445566532375725,1092,0.0,0,nan,nan,nan,nan,160.99999942098657,-108.500006637144,156.99999942098657
M6_dense,procedural,ppo_continuous,26,6,M6_dense_n6_seed26,ok,5,2200,300,32.72335495881842,23.91565912479015,27.170003406837072,48.77283400675838,16.68257248356338,32.143577957153326,30.82650467146442,18.813327781821165,25.79571257994284,47.84924526380575,10.202997968613372,14.653682757629324,31.569417572021486,35.03730392456055,0.8436363636363636,0.7054545454545454,7.13277531806624,0,0.0,0,nan,nan,nan,nan,6.999999400581714,-934.4999975110674,2.9999994005817143
M6_dense,procedural,rule_expert_gate,26,6,M6_dense_n6_seed26,ok,5,2200,300,22.57659580798455,21.008720928566383,22.818335501458684,23.82233881603159,0.17417014907944434,0.3156884223222742,22.26315133038775,19.679011541504224,22.78570851031883,23.957222229801506,2.9148323526351883,0.20585586982437895,0.39128004014492035,2.94555401802063,0.045,0.006818181818181818,2.787227274486728,116,0.0,0,nan,nan,nan,nan,465.5000048657389,-108.500006637144,461.5000048657389
M6_dense,procedural,sac_continuous,26,6,M6_dense_n6_seed26,ok,5,2200,300,10.510245676275904,4.81817343574422,11.180423362823717,11.621457419403194,3.941450148385606,4.963134336471557,9.647308543705178,4.64853859888968,11.102910579990091,11.570845576527208,3.5728432030172645,3.443184616460719,4.940218687057495,5.20062780380249,0.7386363636363636,0.3659090909090909,4.522980775087813,0,0.0,0,nan,nan,nan,nan,6.9999965013219025,-524.9999948217459,2.9999965013219025
M6_dense,procedural,td3_continuous,26,6,M6_dense_n6_seed26,ok,5,2200,300,0.8578644229886968,0.0,3.211238766042026e-28,2.929600926662729,4.055081783972288,4.146330833435059,1.221426971527797,1.401298464324817e-45,1.5040995262160013e-24,3.030761134261996,3.92276732519338,3.788998574032025,4.146330833435059,4.822878360748291,0.9840909090909091,0.9590909090909091,7.184593800110592,0,0.0,0,nan,nan,nan,nan,6.999999400581714,-570.5000008926194,2.9999994005817143
M6_dense,procedural,dlc_individual_transition,27,6,M6_dense_n6_seed27,ok,5,2200,300,12.131370207128473,6.772045203778507,11.826156434767928,21.419226844144998,1.2545944959847648,5.041281795501711,13.0373371887208,6.913118882380022,12.04290697457196,21.854070929449907,4.838716164626586,1.1058655998738323,4.825025033950807,6.674367904663086,0.22636363636363635,0.04727272727272727,3.964814979526353,1431,0.0,0,nan,nan,nan,nan,175.00000568718679,-157.49999538202212,171.00000568718679
M6_dense,procedural,dlc_joint_transition,27,6,M6_dense_n6_seed27,ok,5,2200,300,4.672389086231818,3.2083547838274695,4.504725033202151,6.4722764223639775,2.2939451664176427,3.4911110401153564,5.3424482458431095,3.2467646120557543,4.771115464140346,7.373571747216088,2.504140385298413,2.115382181382315,3.4647106647491457,3.571355104446411,0.8531818181818182,0.49227272727272725,2.8013562287446936,67,0.0,0,nan,nan,nan,nan,10.500006681405239,-616.0000018797008,6.500006681405239
M6_dense,procedural,dlc_joint_transition_observer,27,6,M6_dense_n6_seed27,ok,5,2200,300,12.939946598251549,10.125548430826035,11.352499695323672,21.066426315329895,0.7021280909661207,1.0106559634208678,13.416323445508688,10.140495414494872,11.800343081071365,20.995930522508036,3.980453626674695,0.6468107722410258,1.0099225878715514,1.0325716733932495,0.3040909090909091,0.0,4.974730127830727,90,0.0,0,nan,nan,nan,nan,119.00000630176419,-108.50000627898226,115.00000630176419
M6_dense,procedural,ppo_continuous,27,6,M6_dense_n6_seed27,ok,5,2200,300,32.12740751159721,21.8480852122799,24.086396946438597,52.38403670928475,13.0964447429873,28.502632713317873,30.352343931134143,19.386559556671035,23.799014380874816,51.450471458959605,12.340541224701873,11.569497939709214,28.276069068908694,33.864742279052734,0.8354545454545454,0.7659090909090909,6.905180397470351,0,0.0,0,nan,nan,nan,nan,7.000007686003073,-1070.9999986043385,3.000007686003073
M6_dense,procedural,rule_expert_gate,27,6,M6_dense_n6_seed27,ok,5,2200,300,13.786072439658627,11.589870135332458,12.535123057934172,19.352310563734903,0.309739162968104,0.5593044281005869,15.19857174249487,11.61573030659258,12.735328837687035,25.614276555756273,5.131728241606105,0.3020324553721002,0.517919808626175,3.7592039108276367,0.06363636363636363,0.03681818181818182,3.177256965153276,1572,0.0,0,nan,nan,nan,nan,84.00000515678516,-108.50000627898226,80.00000515678516
M6_dense,procedural,sac_continuous,27,6,M6_dense_n6_seed27,ok,5,2200,300,11.533850495319715,4.8793524823230525,11.787072808606462,14.866054814127894,3.9070966623860754,5.2003932952880865,10.56049325628329,4.645375845288826,11.64257792261235,14.307447913491364,3.9484459404885044,3.4011357915553857,5.1188314914703374,6.615327835083008,0.7622727272727273,0.3781818181818182,3.298298195273146,0,0.0,0,nan,nan,nan,nan,6.9999979908043315,-612.5000006399443,2.9999979908043315
M6_dense,procedural,td3_continuous,27,6,M6_dense_n6_seed27,ok,5,2200,300,0.6140365204083579,0.0,1.2000148356945664e-30,4.486483927606046e-11,4.483475753257149,4.56438684463501,1.0516957443781574,0.0,5.732074710392102e-27,2.928638601981308,3.8327809514820044,4.143409906070341,4.56438684463501,4.874209880828857,0.9831818181818182,0.9586363636363636,6.9961736378722525,0,0.0,0,nan,nan,nan,nan,7.000007686003073,-640.4999993623895,3.000007686003073
M6_dense,procedural,dlc_individual_transition,28,6,M6_dense_n6_seed28,ok,5,2200,300,13.895924698251344,4.639401121763356,13.747758160582192,22.57253708835161,0.5522220161831664,1.2076695561409003,14.5636157835098,4.679770725199475,14.473797439288786,23.39608968864379,6.307013842853086,0.4979082087835865,1.1189251899719241,1.5590567588806152,0.16090909090909092,0.0,3.4694086495068976,414,0.0,0,nan,nan,nan,nan,101.50000264990422,-133.00000355979546,97.50000264990422
M6_dense,procedural,dlc_joint_transition,28,6,M6_dense_n6_seed28,ok,5,2200,300,15.238645374184735,13.088395933763538,15.222263486294876,18.401780808148803,0.2712421291532672,0.9188583731651306,14.828056703983181,10.934394772280475,15.038748307435245,18.142711941786576,2.6026405927634846,0.3008872746147377,0.912462490797043,1.0443434715270996,0.03272727272727273,0.0,2.7899509213808167,931,0.0,0,nan,nan,nan,nan,395.5000055446958,-112.00000448473713,391.5000055446958
M6_dense,procedural,dlc_joint_transition_observer,28,6,M6_dense_n6_seed28,ok,5,2200,300,13.141840032927302,10.731811576015525,11.212800619561266,21.01615307872657,0.7763232435616757,1.1477713108062744,13.543319511186239,10.73189585384572,11.356673484939883,20.978454898522827,3.9737288039642875,0.7252057724460742,1.1219527244567873,1.2511240243911743,0.26454545454545453,0.0,5.0510988228075915,43,0.0,0,nan,nan,nan,nan,66.50000193375581,-108.49999855551471,62.50000193375581
M6_dense,procedural,ppo_continuous,28,6,M6_dense_n6_seed28,ok,5,2200,300,31.08152956204915,21.16050628621851,28.54551419005864,46.15558317983017,19.797408048691178,45.89455680847168,29.45266212849143,19.275834162516045,28.388633705076202,45.772438169136066,9.682767350087335,17.35564392291073,45.48801956176759,63.993202209472656,0.87,0.6695454545454546,6.917968134567712,0,0.0,0,nan,nan,nan,nan,7.00000957686666,-1140.9999968608054,3.0000095768666597
M6_dense,procedural,rule_expert_gate,28,6,M6_dense_n6_seed28,ok,5,2200,300,12.638816005146698,9.062314288750565,12.241983125414876,14.91603234410135,0.4190821134725066,1.4189033031463623,14.208442425361913,9.367878478496236,12.406005785056985,25.586738654020266,5.355332152105707,0.39415294589233035,1.2586389899253847,3.216188907623291,0.11045454545454546,0.060454545454545455,2.9307135366089487,1748,0.0,0,nan,nan,nan,nan,276.50000752045503,-178.5000000991588,272.50000752045503
M6_dense,procedural,sac_continuous,28,6,M6_dense_n6_seed28,ok,5,2200,300,11.141989690142232,4.879249713101249,11.63294769367485,13.200757415299325,3.8105460144873513,4.920006132125855,10.2221109593411,4.68306873146401,11.506890762097163,12.978031633148488,3.653990990667766,3.318748346060853,4.8777289390563965,5.519612789154053,0.7627272727272727,0.37727272727272726,3.393949573177762,0,0.0,0,nan,nan,nan,nan,6.999992525022321,-602.0000032849658,2.9999925250223214
M6_dense,procedural,td3_continuous,28,6,M6_dense_n6_seed28,ok,5,2200,300,10.84715520574751,7.736143713318432,10.397031315018902,14.248367428790685,6.954945834686882,7.55334358215332,10.12092064920532,2.9275572005227084,10.174342478914262,14.268422271636558,4.107642664521616,6.375890386497432,7.5273578643798835,7.890814781188965,0.9831818181818182,0.5572727272727273,7.001845809435519,0,0.0,0,nan,nan,nan,nan,7.00000957686666,-612.4999987239065,3.0000095768666597
M6_dense,procedural,dlc_individual_transition,29,6,M6_dense_n6_seed29,ok,5,2200,300,7.751384316063664,4.183013936424536,4.785885694048151,19.911752943626222,0.9949286539833012,1.6895804047584535,9.187229521128373,4.20595985947044,4.786508642611551,20.982663069657374,6.901079029530713,0.8949970033856649,1.6838158249855042,1.7048228979110718,0.48409090909090907,0.017272727272727273,4.98144022436285,124,0.0,0,nan,nan,nan,nan,178.5000003335058,-171.50000277745744,174.5000003335058
M6_dense,procedural,dlc_joint_transition,29,6,M6_dense_n6_seed29,ok,5,2200,300,14.310258393912637,10.60485003782141,12.194253379041385,20.068083630914394,0.6085301867983913,0.9755916833877564,14.148063703849523,10.649379660850782,13.080147280850415,19.872216485889684,3.942324297925164,0.6464523358840895,0.9827003538608551,1.1671308279037476,0.05909090909090909,0.0,3.486966865044807,978,0.0,0,nan,nan,nan,nan,262.50000025526106,-112.00000610684901,258.50000025526106
M6_dense,procedural,dlc_joint_transition_observer,29,6,M6_dense_n6_seed29,ok,5,2200,300,8.016819253404236,2.59956198280903,5.509284210291971,16.64170530446704,3.00073557193342,5.795778274536135,8.856148236557774,2.769496174911764,5.820809412723123,16.563548305812382,5.330756343683385,2.723638492321426,5.345054864883423,7.177018642425537,0.7009090909090909,0.28363636363636363,3.0829941328001116,1372,0.0,0,nan,nan,nan,nan,87.49999748762684,-329.0000023880466,83.49999748762684
M6_dense,procedural,ppo_continuous,29,6,M6_dense_n6_seed29,ok,5,2200,300,37.77460948164399,23.84004697506783,32.44796552792224,55.789572447111425,25.50145627111956,47.194252777099614,34.72547789409522,18.177105993235383,28.155411569620036,55.5525249801451,14.701813917335413,22.258097893577705,46.99713973999024,53.31400680541992,0.8668181818181818,0.6472727272727272,7.19987831456889,0,0.0,0,nan,nan,nan,nan,0.0,-815.5000015607952,-4.0
M6_dense,procedural,rule_expert_gate,29,6,M6_dense_n6_seed29,ok,5,2200,300,13.754912281808494,7.5200319133270765,12.597578730041654,23.021937712346165,1.4752283980678782,3.4178469419479374,14.61943690702352,7.685044382233858,12.942027804193668,23.543446121897837,6.195360223090392,1.3179712334970364,3.3423670053482057,4.533687114715576,0.4763636363636364,0.36227272727272725,2.811921430021165,1561,0.0,0,nan,nan,nan,nan,80.50000000160026,-395.4999980352351,76.50000000160026
M6_dense,procedural,sac_continuous,29,6,M6_dense_n6_seed29,ok,5,2200,300,2.5577112835236084,1.1515685738103752e-37,2.2056776767898694e-18,10.809112200504648,7.583655997969602,10.14864730834961,2.8108472414121293,5.229119703181512e-37,2.2017775921837033e-14,8.377100131020429,4.5144882699103235,6.607658953463489,10.14864730834961,10.14864730834961,0.6831818181818182,0.0,7.209357527334515,0,0.0,0,nan,nan,nan,nan,0.0,-486.5000031592914,-4.0
M6_dense,procedural,td3_continuous,29,6,M6_dense_n6_seed29,ok,5,2200,300,12.98847710467196,10.713996739730804,10.719706579771122,11.97572768534701,13.233867693825772,14.111040401458741,12.715112665760389,10.430089358797519,10.719004219064933,18.46421113660466,8.540002787408882,11.651909647299485,14.10563793182373,14.171170234680176,0.9718181818181818,0.5622727272727273,7.199982942101233,0,0.0,0,nan,nan,nan,nan,0.0,-612.4999980555637,-4.0
M6_dense,procedural,dlc_individual_transition,30,6,M6_dense_n6_seed30,ok,5,2200,300,7.985883791879315,5.18615020950974,5.2585139986085325,14.704806745067746,1.276746710359707,2.04719135761261,9.373835507286199,5.190553515766755,5.261199223110474,20.84505731209251,6.971371493693517,1.1389959663891949,2.042996907234192,2.096989631652832,0.5863636363636363,0.0,4.707478550804144,256,0.0,0,nan,nan,nan,nan,168.00000753031804,-143.50000251966026,164.00000753031804
M6_dense,procedural,dlc_joint_transition,30,6,M6_dense_n6_seed30,ok,5,2200,300,13.345579623522761,10.671385613890374,12.449031465673002,16.76173970616961,0.6879838098524947,0.992458987236023,13.31694968808901,10.721980085680828,13.028927816798362,16.410816459801485,2.6535734849278367,0.7155811615032673,0.9974305212497712,1.1476731300354004,0.13,0.0,3.6962249182927542,171,0.0,0,nan,nan,nan,nan,213.5000068271013,-112.00000236312553,209.5000068271013
M6_dense,procedural,dlc_joint_transition_observer,30,6,M6_dense_n6_seed30,ok,5,2200,300,3.53726097465594,0.6529175391490165,0.9037686613623237,17.38590480873555,1.7435534640989805,2.7707354307174685,5.060505833543881,0.6613080594548215,0.911561483194401,17.30194170546496,6.792191840589733,1.6292592710121112,2.7114700794219972,3.1207828521728516,0.7613636363636364,0.09181818181818181,3.5299725457148403,70,0.0,0,nan,nan,nan,nan,7.000000957822408,-343.0000083681746,3.000000957822408
M6_dense,procedural,ppo_continuous,30,6,M6_dense_n6_seed30,ok,5,2200,300,30.761632398303398,23.734611398999085,25.65347607520866,45.86171739153828,7.4264405282634,18.24721126556397,28.684447151629936,19.3243254911127,25.223137638907833,45.062923434767015,10.371804225945011,6.648383184382533,17.72867164611817,23.9769287109375,0.7895454545454546,0.615909090909091,7.199887275460781,0,0.0,0,nan,nan,nan,nan,0.0,-759.5000009277128,-4.0
M6_dense,procedural,rule_expert_gate,30,6,M6_dense_n6_seed30,ok,5,2200,300,9.066795206211207,6.036729415806137,9.977817817416991,11.009469228537805,1.1608611974600507,3.7696953296661384,10.581013329118964,6.151827036535251,10.11039245733296,14.747154832587393,4.948766022057408,1.0434361582286444,3.6011199235916145,4.686184406280518,0.2872727272727273,0.10318181818181818,2.8416085099276214,1977,0.0,0,nan,nan,nan,nan,41.99999729030844,-255.50000297726933,37.99999729030844
M6_dense,procedural,sac_continuous,30,6,M6_dense_n6_seed30,ok,5,2200,300,2.6705527184464306,6.420389148661224e-38,1.1374881073852041e-18,9.09104127332004,8.069608696307007,10.859532356262207,2.9101545368068704,2.9434819728249816e-37,1.2267987301046251e-14,9.09104127332004,4.5691535119748,7.02759492771192,10.859532356262207,10.859532356262207,0.6836363636363636,0.0,7.208383867912406,0,0.0,0,nan,nan,nan,nan,0.0,-486.4999985903936,-4.0
M6_dense,procedural,td3_continuous,30,6,M6_dense_n6_seed30,ok,5,2200,300,14.445655224119616,10.70136234709474,11.949441383226963,16.654260852578467,6.6070403492450716,8.064582824707031,13.771226685825594,8.407333410840797,11.895862124880342,19.654655596712377,9.239936188957502,5.93918598418886,8.021961307525636,8.473488807678223,0.9754545454545455,0.5604545454545454,7.199990772420267,0,0.0,0,nan,nan,nan,nan,0.0,-626.5000019831712,-4.0
M6_dense,procedural,dlc_individual_transition,31,6,M6_dense_n6_seed31,ok,5,2200,300,10.426679271142199,5.629616716416471,11.141453916239975,12.99717538955212,0.5308570387464102,1.2181353569030764,11.623269337317776,5.640823732235753,11.83060422361396,16.70332933361497,4.339985678239535,0.47759818888848793,1.1686186075210576,1.4218661785125732,0.14136363636363636,0.0,2.3828202260197004,1623,0.0,0,nan,nan,nan,nan,56.00000122482584,-164.49999727371687,52.00000122482584
M6_dense,procedural,dlc_joint_transition,31,6,M6_dense_n6_seed31,ok,5,2200,300,3.812135844920483,2.5799011818172684,3.7142957058919084,5.179155684669453,2.0015271483283295,3.0249853610992434,4.320092983584518,2.511638049182905,3.7288363616291647,5.466070728190221,2.584046946846939,1.8085172822123223,3.0082130670547484,3.088855504989624,0.7831818181818182,0.4718181818181818,2.8907798610425615,28,0.0,0,nan,nan,nan,nan,10.500010906463217,-609.0000022989734,6.500010906463217
M6_dense,procedural,dlc_joint_transition_observer,31,6,M6_dense_n6_seed31,ok,5,2200,300,11.78683488240045,7.163877411490977,12.372162555355736,13.15108450112934,0.8655818842233796,1.0206315755844115,12.422422052961384,7.278303075981662,12.393607495034832,19.49591789444829,3.777004226007507,0.7853860574232584,1.018531286716461,1.0711501836776733,0.33590909090909093,0.0,4.948632544013353,199,0.0,0,nan,nan,nan,nan,101.50000073329943,-129.50000408821143,97.50000073329943
M6_dense,procedural,ppo_continuous,31,6,M6_dense_n6_seed31,ok,5,2200,300,22.613628195744223,1.9834639552307347,28.890742013755094,39.201878912521835,5.789739563084747,10.758926868438726,22.139532525843855,1.994770636665703,24.2197638524883,38.203518713365405,13.074283257691949,5.258161506640556,10.24049243927002,13.992613792419434,0.850909090909091,0.7595454545454545,2.9312216962854447,12,0.0,0,nan,nan,nan,nan,7.000002819266456,-1235.49999187611,3.000002819266456
M6_dense,procedural,rule_expert_gate,31,6,M6_dense_n6_seed31,ok,5,2200,300,9.059743184057456,5.908325615751017,9.62648420055351,11.386435422860384,1.2919783509070495,4.103709125518801,10.513526078880407,6.0199876657031135,10.148455399604313,14.423570888448817,4.921690906273241,1.164178201032866,3.86195514202118,5.4119873046875,0.33,0.11181818181818182,4.737063751465113,1972,0.0,0,nan,nan,nan,nan,45.50000280680081,-223.99999756928514,41.50000280680081
M6_dense,procedural,sac_continuous,31,6,M6_dense_n6_seed31,ok,5,2200,300,11.64490808766958,4.879245942876157,11.79612932419808,15.299230919130128,3.9518390081783656,5.2750359058380125,10.668925824848124,4.7704890906782795,11.649958379682614,14.838266568201144,4.042730485680262,3.4394569334895775,5.188453912734986,6.957553386688232,0.7645454545454545,0.38136363636363635,3.273906632679605,0,0.0,0,nan,nan,nan,nan,7.000002819266456,-615.999998111221,3.000002819266456
M6_dense,procedural,td3_continuous,31,6,M6_dense_n6_seed31,ok,5,2200,300,0.5943514585729431,0.0,1.4764859754747977e-30,4.196675427352372e-11,4.568668248904379,4.656408786773682,1.0390289697647943,0.0,7.052702635653916e-27,2.9291703844380166,3.807918432194168,4.2160169498757885,4.656408786773682,4.863513946533203,0.9831818181818182,0.9590909090909091,6.993831818668813,0,0.0,0,nan,nan,nan,nan,7.000002819266456,-643.9999994269725,3.000002819266456
M6_dense,procedural,dlc_individual_transition,32,6,M6_dense_n6_seed32,ok,5,2200,300,13.57932784810166,10.50526930195885,13.943422881369102,15.534701313398445,0.6885831051212,0.9854491293430329,14.127208711525753,10.50530194421081,13.994361277597411,17.95537348240054,2.8818334132762753,0.6358557971530933,0.9805237412452698,1.0219807624816895,0.053636363636363635,0.0,4.2178140458328155,357,0.0,0,nan,nan,nan,nan,87.50000018048559,-112.00000977415186,83.50000018048559
M6_dense,procedural,dlc_joint_transition,32,6,M6_dense_n6_seed32,ok,5,2200,300,14.180978470632464,11.809501088464375,14.04085412747552,16.777838018913574,0.6437777283991147,0.9862305521965027,14.029525466652785,11.529710283149397,13.974942572475161,16.740980003402626,1.9851168306324583,0.6599098478704267,0.9880147278308868,1.243449091911316,0.07727272727272727,0.0,2.5210983096145196,31,0.0,0,nan,nan,nan,nan,430.5000053098429,-112.00000977415186,426.5000053098429
M6_dense,procedural,dlc_joint_transition_observer,32,6,M6_dense_n6_seed32,ok,5,2200,300,11.372077645664811,9.811695392411657,10.607418041133469,14.4484952656168,0.6361261574115519,1.015511441230774,12.262751360853851,9.818454875376345,10.67200208773809,18.327726081231024,3.500565794576782,0.6016200750855337,1.0083371162414552,1.7737475633621216,0.21136363636363636,0.0,3.9675584700192426,500,0.0,0,nan,nan,nan,nan,59.50000143882016,-112.00000977415186,55.50000143882016
M6_dense,procedural,ppo_continuous,32,6,M6_dense_n6_seed32,ok,5,2200,300,4.575467490291292,0.0,0.0,23.928163293632302,9.050892238324803,10.335824012756348,6.239465421418565,0.0,0.0,23.91390977964612,10.08630994158079,8.059284965750678,10.335824012756348,10.335824012756348,0.9336363636363636,0.9018181818181819,7.199730279651463,0,0.0,0,nan,nan,nan,nan,3.5000114012407266,-710.500006822978,-0.4999885987592734
M6_dense,procedural,rule_expert_gate,32,6,M6_dense_n6_seed32,ok,5,2200,300,7.639827897204,5.577489429573704,7.294088830448537,10.757828284135412,2.1041260872001906,5.5392704010009775,9.291751941009823,5.66088491335736,7.557937009970662,12.669488806883034,5.073081756915844,1.8568552013253794,5.354676055908204,6.199459075927734,0.5418181818181819,0.3718181818181818,2.854485509184789,1973,0.0,0,nan,nan,nan,nan,38.5000028908355,-490.0000061275721,34.5000028908355
M6_dense,procedural,sac_continuous,32,6,M6_dense_n6_seed32,ok,5,2200,300,4.297331008092043,1.3831075891200746e-32,4.022655078891523e-13,16.033199272476676,14.373146578285255,20.36093521118164,4.234050543200992,1.3660397664392462e-31,0.23583926546174255,15.162179049418809,5.785063609099191,12.472380623472008,20.36093521118164,20.36093521118164,0.6959090909090909,0.0,6.9561531326270645,0,0.0,0,nan,nan,nan,nan,0.0,-542.5000056184847,-4.0
M6_dense,procedural,td3_continuous,32,6,M6_dense_n6_seed32,ok,5,2200,300,0.24510098473226413,0.0,2.350643040846652e-30,3.634880640187094e-11,2.4108926627510474,2.375673294067383,1.4827407060879785,0.0,1.324372550579449e-26,2.9268298133111106,5.097517255372021,2.4865670155937023,3.2423434734344485,3.815944194793701,0.985909090909091,0.9659090909090909,7.199949196891569,0,0.0,0,nan,nan,nan,nan,3.5000114012407266,-609.0000014842225,-0.4999885987592734
M8_scale,procedural,dlc_individual_transition,21,8,M8_scale_n8_seed21,ok,7,2200,300,14.827522976121827,11.562370266691625,13.88773367910214,22.12055276630957,0.4004476549926729,0.5679760754108429,15.672724482995566,11.669634036025856,14.14321250619534,23.07191839720005,4.0503985330484085,0.37468805272227407,0.5620470702648163,0.6786674857139587,0.0,0.0,2.683528515263696,201,0.0,0,nan,nan,nan,nan,147.0000026261839,-164.49999997760017,143.0000026261839
M8_scale,procedural,dlc_joint_transition,21,8,M8_scale_n8_seed21,ok,7,2200,300,13.389022951138303,5.011485240813692,13.050512467251782,24.083531729520303,1.122916913939323,3.2432909250259403,14.262474493693853,5.013938526037712,14.029473309647024,25.690872737962426,7.219639821897992,1.090842171315592,3.04652786254883,3.8884572982788086,0.3859090909090909,0.004090909090909091,3.13909424931451,1101,0.0,0,nan,nan,nan,nan,45.49999792759263,-164.49999997760017,41.49999792759263
M8_scale,procedural,dlc_joint_transition_observer,21,8,M8_scale_n8_seed21,ok,7,2200,300,14.934679785014097,11.07519792680824,12.950722313058767,21.932220232008483,0.4370400496389285,0.6998042047023774,15.583872017936578,11.300579628691025,13.63349594226893,22.52623248579199,4.478049896539107,0.40097549306113,0.6913931488990784,1.0032899379730225,0.0,0.0,2.837198371017151,367,0.0,0,nan,nan,nan,nan,168.0000002985762,-164.49999997760017,164.0000002985762
M8_scale,procedural,ppo_continuous,21,8,M8_scale_n8_seed21,ok,7,2200,300,3.929872711458888e-07,7.976191601693545e-11,2.947540264597737e-10,8.405643960840065e-07,3.295656442642212,3.295656442642212,0.8186714955775951,7.981168633613575e-11,5.307944447711511e-10,4.6822419929434555e-06,4.074449140895339,3.22629322769967,3.295656442642212,3.3184573650360107,0.980909090909091,0.9727272727272728,6.996201776777258,0,0.0,0,nan,nan,nan,nan,3.5000054483409713,-710.500004330987,-0.49999455165902873
M8_scale,procedural,rule_expert_gate,21,8,M8_scale_n8_seed21,ok,7,2200,300,18.26789019483133,12.40876095253572,15.642629162632272,23.852628688755917,0.13790659879282957,0.3097622513771057,19.138784082532307,12.537613209058481,21.474937423436746,26.45105303503692,5.4627948637048,0.15732129379480533,0.3324007630348206,0.539469838142395,0.0,0.0,2.5323473090064974,1008,0.0,0,nan,nan,nan,nan,300.99999919564334,-164.49999997760017,296.99999919564334
M8_scale,procedural,sac_continuous,21,8,M8_scale_n8_seed21,ok,7,2200,300,0.5198678377271939,1.5548735114017482e-17,1.7602883693385373e-14,3.831013525227129,4.283448069597545,4.383671283721924,1.8523745764568487,1.6061306475052767e-17,5.573612741774574e-13,7.575462155315369,3.8899948622210476,3.9015349019509844,4.383671283721924,4.383671283721924,0.9336363636363636,0.016363636363636365,6.896996365346077,0,0.0,0,nan,nan,nan,nan,0.0,-661.499996564665,-4.0
M8_scale,procedural,td3_continuous,21,8,M8_scale_n8_seed21,ok,7,2200,300,3.61947201803406e-07,7.77439337531125e-18,2.7830443291949816e-15,2.8947031325187113e-11,1.2263411204438461,1.2263411283493042,0.6312015440645724,7.77439337531125e-18,2.7821691238739795e-14,3.8785190194102495e-10,3.10750620736077,1.2083957233538174,1.2263411283493042,1.382751226425171,0.975909090909091,0.0,2.4435619214121744,86,0.0,0,nan,nan,nan,nan,3.5000054483409713,-696.49999776558,-0.49999455165902873
M8_scale,procedural,dlc_individual_transition,22,8,M8_scale_n8_seed22,ok,7,2200,300,14.776491773224828,11.26874542708083,12.42547902857638,23.318589385829558,0.3161801970124514,0.46495891213417095,15.278405595555967,11.314832501367743,12.696919158232655,22.83742516226388,4.72732555567668,0.2978978592787594,0.43692632317543034,0.719881534576416,0.0,0.0,2.797405363050764,65,0.0,0,nan,nan,nan,nan,192.49999879927714,-161.00000086292584,188.49999879927714
M8_scale,procedural,dlc_joint_transition,22,8,M8_scale_n8_seed22,ok,7,2200,300,12.258485721407041,10.035168111596866,10.957696387515146,21.123300248495116,1.441451573125822,2.2720827102661136,13.32688690758575,10.027176963163322,10.993193042977403,22.15511993833648,5.537677409757463,1.3244976731432094,2.244126629829407,2.5827670097351074,0.5772727272727273,0.0,2.7855639434873147,236,0.0,0,nan,nan,nan,nan,98.00000274570493,-161.00000086292584,94.00000274570493
M8_scale,procedural,dlc_joint_transition_observer,22,8,M8_scale_n8_seed22,ok,7,2200,300,11.142548699558898,7.548559555851562,10.302425984798003,16.97919519317005,0.7442172568310956,1.1096092581748964,11.78842452720869,7.689177279352267,10.972991017266313,17.554955901868606,3.8299632721506027,0.6578542022506736,1.0794366121292116,1.2688599824905396,0.1409090909090909,0.0,3.297078831529368,772,0.0,0,nan,nan,nan,nan,63.00000200972863,-189.00000122654455,59.00000200972863
M8_scale,procedural,ppo_continuous,22,8,M8_scale_n8_seed22,ok,7,2200,300,3.159435376588812e-07,6.300866733111143e-11,1.4158554495542766e-10,7.389093683153444e-07,3.2412209510803223,3.2412209510803223,0.9370394213010611,6.324839613122925e-11,6.094073438632674e-10,3.4612649819156597e-06,4.458397046058225,3.1647942923551255,3.2412209510803223,3.308779001235962,0.9777272727272728,0.9709090909090909,6.99710857478393,0,0.0,0,nan,nan,nan,nan,10.499996334987486,-682.4999934823061,6.499996334987486
M8_scale,procedural,rule_expert_gate,22,8,M8_scale_n8_seed22,ok,7,2200,300,17.224056777779634,10.5691433201958,16.514118909420016,26.652132244130215,0.6471492356310696,2.3857998371124274,17.546699068058803,9.77239220611707,16.746849426380525,26.992032271009002,6.648910915110788,0.6484235599445476,2.074275422096256,4.416398048400879,0.15954545454545455,0.04681818181818182,3.3641805312945396,1018,0.0,0,nan,nan,nan,nan,154.00000359310525,-171.50000226183738,150.00000359310525
M8_scale,procedural,sac_continuous,22,8,M8_scale_n8_seed22,ok,7,2200,300,8.707447775455886,3.2426473728126437,9.071712781451568,17.82080242023507,7.582695492656551,17.47200298309326,8.167651998191278,3.541084378191294,4.8781150752457565,17.820801994067896,5.088296517763267,6.582300666998685,17.439928436279295,17.755889892578125,0.44,0.15954545454545455,4.545389799582283,0,0.0,0,nan,nan,nan,nan,6.9999988484610185,-588.0000007473745,2.9999988484610185
M8_scale,procedural,td3_continuous,22,8,M8_scale_n8_seed22,ok,7,2200,300,4.867172311421394e-18,0.0,2.947285871917651e-40,8.224428290568714e-21,2.7792699337005615,2.7792699337005615,0.7008464292246687,0.0,1.3548241705794837e-36,2.92204122606629e-14,4.089705591812055,2.7206754611457953,2.7792699337005615,2.7792699337005615,0.98,0.0,5.383575535572536,0,0.0,0,nan,nan,nan,nan,7.000003599507863,-668.500002527407,3.0000035995078633
M8_scale,procedural,dlc_individual_transition,23,8,M8_scale_n8_seed23,ok,7,2200,300,19.881198541379582,8.132089317096284,24.433082211105923,31.064667288682877,0.7078195000775342,0.9919401645660401,19.857130766214567,8.212297276930487,23.436542209355466,31.006141992595325,8.274641443945821,0.6453826057185176,0.9843926072120667,1.6775799989700317,0.04909090909090909,0.0,4.080392795088534,0,0.0,0,nan,nan,nan,nan,297.4999998164194,-161.00000605352466,293.4999998164194
M8_scale,procedural,dlc_joint_transition,23,8,M8_scale_n8_seed23,ok,7,2200,300,15.238165434046063,12.242007045326275,15.298986841602979,17.930058963228916,0.36470883823348277,0.9160292148590088,15.97016602956336,11.75012407150816,15.344756100853903,20.705914336779784,4.1757923320456145,0.4017152867551332,0.966699492931366,1.429302453994751,0.09636363636363636,0.0,2.8298293476533263,1280,0.0,0,nan,nan,nan,nan,171.5000037857867,-161.00000605352466,167.5000037857867
M8_scale,procedural,dlc_joint_transition_observer,23,8,M8_scale_n8_seed23,ok,7,2200,300,13.840827525910553,10.780120889805348,14.309289818606974,16.566268733964126,0.4022104789106647,1.056491339206696,14.039048097120633,10.735183004779541,14.30512638998933,17.62952297879165,2.9347871211488257,0.387011023562002,1.0020930051803592,2.400721788406372,0.11727272727272728,0.00045454545454545455,3.3810233986391234,1341,0.0,0,nan,nan,nan,nan,87.50000020196512,-161.00000605352466,83.50000020196512
M8_scale,procedural,ppo_continuous,23,8,M8_scale_n8_seed23,ok,7,2200,300,1.8743871580206265e-06,6.2429875048044e-14,4.733374122753124e-10,4.561263315288134e-06,3.233773708343506,3.233773708343506,0.8927347979053718,8.714267297684668e-14,2.643862717419853e-09,3.93592104613603e-05,4.314226337278835,3.160601214007898,3.233773708343506,3.289565324783325,0.9786363636363636,0.9718181818181818,7.001504447729927,0,0.0,0,nan,nan,nan,nan,10.499994347510096,-689.5000042085803,6.499994347510096
M8_scale,procedural,rule_expert_gate,23,8,M8_scale_n8_seed23,ok,7,2200,300,16.962361000506064,7.035228639424639,15.648754017504217,26.681311844305736,1.8773399690243318,5.320086145401001,17.27844734540867,7.315025990193711,15.818290075624127,26.952065371265647,7.296782387945966,1.7187127811375964,5.172393131256105,6.171352386474609,0.40454545454545454,0.19272727272727272,2.8644385674433592,1108,0.0,0,nan,nan,nan,nan,143.5000044327005,-224.00000231884235,139.5000044327005
M8_scale,procedural,sac_continuous,23,8,M8_scale_n8_seed23,ok,7,2200,300,8.512296402669666,4.29101056584471,10.661123676879377,13.174132690147012,4.453671341417432,8.8866286277771,7.975534679077547,4.156219812085596,4.880041730731449,12.075117152975674,4.309771002206217,3.8885987232393298,8.866557407379151,9.09299373626709,0.46863636363636363,0.2431818181818182,4.79097619416619,0,0.0,0,nan,nan,nan,nan,7.000002519336704,-598.4999960969849,3.0000025193367037
M8_scale,procedural,td3_continuous,23,8,M8_scale_n8_seed23,ok,7,2200,300,1.3927727282843094e-18,0.0,6.026140556126012e-41,1.5757304373325777e-21,1.780603289604187,1.780603289604187,0.5481579787008176,0.0,2.3771234853987086e-37,8.492714927444576e-15,3.461518032429656,1.7486783536396582,1.780603289604187,1.780603289604187,0.9790909090909091,0.0,5.22544298424695,0,0.0,0,nan,nan,nan,nan,7.000002519336704,-679.0000098610702,3.0000025193367037
M8_scale,procedural,dlc_individual_transition,24,8,M8_scale_n8_seed24,ok,7,2200,300,17.128945188805034,10.537282804444848,17.569606001120924,24.697834884052767,0.6289477464668207,0.9667173683643342,17.473889218788738,10.72788336779275,17.939504671398055,22.645803477073834,5.165915117488626,0.5845672723629898,0.9616865754127503,1.0015169382095337,0.0027272727272727275,0.0,2.35007246661088,566,0.0,0,nan,nan,nan,nan,437.49999942045497,-161.00000854573477,433.49999942045497
M8_scale,procedural,dlc_joint_transition,24,8,M8_scale_n8_seed24,ok,7,2200,300,13.572188684241011,10.850499027390667,11.4152013728809,22.962302600827652,0.8505544998300703,1.415977120399475,14.400830814644157,11.009174286575796,11.59173718150966,22.66671302511229,6.1454606628186745,0.7848007634375245,1.382952964305878,1.5426616668701172,0.3327272727272727,0.0,2.3913962280365815,250,0.0,0,nan,nan,nan,nan,136.50000092764913,-161.00000854573477,132.50000092764913
M8_scale,procedural,dlc_joint_transition_observer,24,8,M8_scale_n8_seed24,ok,7,2200,300,15.403884292381626,11.942883745540996,14.686676764548992,20.89893859539603,0.7360339440170087,1.018933176994324,15.51356864108673,11.95589464533765,15.020925265925143,20.51986078564755,3.2548012526196497,0.6840863474864851,0.9969606816768647,1.4761801958084106,0.10636363636363637,0.0,2.479417810465207,266,0.0,0,nan,nan,nan,nan,63.00000760498324,-164.50000632342324,59.00000760498324
M8_scale,procedural,ppo_continuous,24,8,M8_scale_n8_seed24,ok,7,2200,300,12.414644226605764,3.8569419405932757,13.074348895151939,24.363370047499167,5.900205040841707,13.05480394363404,11.465721548417365,3.85250037048707,12.077387197648303,23.42366172775432,7.327674625912946,5.43923827141608,11.72734346389771,25.764169692993164,0.9245454545454546,0.8545454545454545,5.998796071211995,0,0.0,0,nan,nan,nan,nan,6.999997406457737,-867.999997006845,2.9999974064577373
M8_scale,procedural,rule_expert_gate,24,8,M8_scale_n8_seed24,ok,7,2200,300,19.27156202498243,13.601488373921331,19.697117157081657,25.05470623910744,0.6223794755311515,2.2125067949295056,19.639126694134166,13.339953060692046,20.244144917012164,26.210816675376854,4.879323100954222,0.5924665330151501,1.7366096019744914,4.364467620849609,0.14727272727272728,0.11681818181818182,2.7710616521869462,753,0.0,0,nan,nan,nan,nan,416.50000030931255,-195.99999435513075,412.50000030931255
M8_scale,procedural,sac_continuous,24,8,M8_scale_n8_seed24,ok,7,2200,300,11.173177388728563,10.939064243138837,11.162230047273333,11.44019515866137,5.218867692445454,5.568446683883667,11.430799690582736,10.926798476233323,11.17937690765817,11.585939502349696,1.6122213766886042,4.973618082417683,5.545532655715943,5.793474197387695,0.9754545454545455,0.475,4.6367685711057245,10,0.0,0,nan,nan,nan,nan,6.999997406457737,-657.9999917204659,2.9999974064577373
M8_scale,procedural,td3_continuous,24,8,M8_scale_n8_seed24,ok,7,2200,300,1.1431149138531662,0.0,5.000282079422324e-31,1.836976791419573e-11,3.693395511100167,3.6187400817871094,1.700888530242917,0.0,2.573540129052436e-27,7.437227372212342,4.900048845482351,3.489729212210937,3.6187400817871094,5.330852508544922,0.9881818181818182,0.955,7.181643328605876,0,0.0,0,nan,nan,nan,nan,7.000000262759613,-668.4999995892837,3.000000262759613
M8_scale,procedural,dlc_individual_transition,25,8,M8_scale_n8_seed25,ok,7,2200,300,8.990550821737308,0.2564636601861535,3.492146645567823,24.08361830837192,1.058428019254352,1.8440762639045716,10.497057833817545,0.2589585514927981,6.878376845461794,24.08258505908952,10.048151750470186,0.9438669613353572,1.8216126322746278,1.9784361124038696,0.40045454545454545,0.44181818181818183,3.8091897773675822,393,0.0,0,nan,nan,nan,nan,203.00000263428603,-241.4999955896668,199.00000263428603
M8_scale,procedural,dlc_joint_transition,25,8,M8_scale_n8_seed25,ok,7,2200,300,12.50713315759514,10.58533857912197,11.282374765350411,15.821947577932795,1.5178358573214101,2.675044107437134,13.586296920545637,10.58482103554666,11.305360283347685,16.953102353994257,4.65553468174259,1.386901806181466,2.605406188964844,3.2376503944396973,0.5036363636363637,0.0,2.81246900825191,254,0.0,0,nan,nan,nan,nan,101.50000043728153,-161.00000280480515,97.50000043728153
M8_scale,procedural,dlc_joint_transition_observer,25,8,M8_scale_n8_seed25,ok,7,2200,300,12.558021840799222,8.678631529439839,14.130780684489489,15.878048602155527,1.9405691571412362,6.98316969871521,13.080713215223824,8.794205095159139,14.374808292880033,16.537855073913494,3.9215353374558655,1.691291268451658,6.928440666198731,8.458331108093262,0.27954545454545454,0.06272727272727273,2.5203673244321996,1611,0.0,0,nan,nan,nan,nan,353.50000311934286,-318.4999999527274,349.50000311934286
M8_scale,procedural,ppo_continuous,25,8,M8_scale_n8_seed25,ok,7,2200,300,2.2801940930967763e-07,3.242744264776641e-11,1.1831702471168262e-10,5.396189521952022e-07,3.2629356384277344,3.2629356384277344,0.912522955253782,3.27442058430824e-11,3.3972095277176584e-10,2.262944090400624e-06,4.384444941069049,3.1862931968271733,3.2629356384277344,3.3091979026794434,0.9781818181818182,0.9713636363636363,7.014609842104287,0,0.0,0,nan,nan,nan,nan,10.500000460447495,-693.000007320839,6.500000460447495
M8_scale,procedural,rule_expert_gate,25,8,M8_scale_n8_seed25,ok,7,2200,300,9.096914892103175,6.999606857387069,7.802570076492616,13.399222686424078,3.932420871900272,8.567789840698243,10.531304067034485,7.024075315856335,8.302566287651265,14.382636933941338,5.31021016689256,3.483845135623229,8.270761108398439,10.226892471313477,0.6295454545454545,0.15,4.233846636089857,1990,0.0,0,nan,nan,nan,nan,276.5000077034956,-651.0000108626455,272.5000077034956
M8_scale,procedural,sac_continuous,25,8,M8_scale_n8_seed25,ok,7,2200,300,7.9680738630868895,3.2985352450547203,9.043843645863415,11.846760431319394,3.326988024504794,7.067584371566773,7.4986399929817145,3.506772312494722,4.878141951240188,11.238027535031526,4.292187909604854,2.90831569700505,7.048349666595459,7.242337703704834,0.43363636363636365,0.22136363636363637,4.025270646624712,0,0.0,0,nan,nan,nan,nan,7.000001362449325,-602.0000069965835,3.000001362449325
M8_scale,procedural,td3_continuous,25,8,M8_scale_n8_seed25,ok,7,2200,300,1.5011449859402766e-17,0.0,9.091209543628114e-40,2.5366600730929418e-20,1.8666623830795288,1.8666623830795288,0.5562329275491603,0.0,4.1790334613986875e-36,9.012049499217213e-14,3.4825513403057538,1.831914451820141,1.8666623830795288,1.8666623830795288,0.9790909090909091,0.0,5.560608458279503,0,0.0,0,nan,nan,nan,nan,7.00000136245842,-682.5000138016555,3.00000136245842
M8_scale,procedural,dlc_individual_transition,26,8,M8_scale_n8_seed26,ok,7,2200,300,10.303794124079248,2.072802228034054,10.188050068180459,19.638708526788644,0.7940393279590889,1.458354473114014,11.575268589478451,2.0748005039772255,10.30278957614847,21.98815717846885,6.7801456432070175,0.7064846289390871,1.421805238723755,1.5649880170822144,0.2722727272727273,0.0,3.163251045647731,188,0.0,0,nan,nan,nan,nan,108.49999348179858,-161.00000195043822,104.49999348179858
M8_scale,procedural,dlc_joint_transition,26,8,M8_scale_n8_seed26,ok,7,2200,300,11.29307003731496,4.117179539489526,12.678136344182047,14.665899245574664,0.5305408740726049,0.8355910778045655,12.66241481743693,4.214155999142176,13.076479568476437,18.09252609282718,5.7708663703212215,0.5346064890418281,0.8397030591964723,1.069518804550171,0.01818181818181818,0.06863636363636363,3.1607753490735524,738,0.0,0,nan,nan,nan,nan,171.50000225794315,-161.00000195043822,167.50000225794315
M8_scale,procedural,dlc_joint_transition_observer,26,8,M8_scale_n8_seed26,ok,7,2200,300,14.623828940653796,7.535905973752711,14.411611380109274,20.559796485992194,0.40497871388373347,0.7780383825302124,14.794919098643643,7.94768442530093,14.747280477754614,21.087217847575157,4.609673593658248,0.3638977789750127,0.7427134335041047,1.2849202156066895,0.04409090909090909,0.0,2.957600378945584,613,0.0,0,nan,nan,nan,nan,339.5000072279777,-161.00000195043822,335.5000072279777
M8_scale,procedural,ppo_continuous,26,8,M8_scale_n8_seed26,ok,7,2200,300,1.4364800723451406e-07,6.130118595306175e-11,9.951191292290877e-11,3.4635660276836883e-07,3.240341901779175,3.240341901779175,0.8969329566136759,6.184871727517624e-11,2.829755199475032e-10,9.961693800296467e-06,4.333690692098885,3.1657413120296867,3.240341901779175,3.2875542640686035,0.9786363636363636,0.9713636363636363,7.007430463387932,0,0.0,0,nan,nan,nan,nan,10.500004708296615,-626.4999980258035,6.500004708296615
M8_scale,procedural,rule_expert_gate,26,8,M8_scale_n8_seed26,ok,7,2200,300,12.326224755104633,7.141622300627043,12.92038290640021,14.588915136183381,1.2774180741673091,4.748628044128418,13.336659397127079,7.2707980156441945,13.004103271601618,23.533106207745334,5.629265440907664,1.188421380816726,4.464213991165163,5.849730491638184,0.27954545454545454,0.034545454545454546,4.927710935270041,1824,0.0,0,nan,nan,nan,nan,63.00000044113676,-161.00000418112484,59.00000044113676
M8_scale,procedural,sac_continuous,26,8,M8_scale_n8_seed26,ok,7,2200,300,8.543416378370816,3.6591997458913506,10.732105908257267,12.56960041520501,4.361669314477698,8.577111530303956,8.025013176238183,3.741359959919856,4.879763702387264,11.82058874157353,4.2398574293625115,3.8055935473854468,8.556835460662843,8.766332626342773,0.4740909090909091,0.2459090909090909,4.41568621430095,0,0.0,0,nan,nan,nan,nan,6.999996501319629,-535.499996042221,2.999996501319629
M8_scale,procedural,td3_continuous,26,8,M8_scale_n8_seed26,ok,7,2200,300,3.83029160391174e-15,0.0,2.515631187335944e-37,5.179560378651129e-18,1.3056119680404663,1.3056119680404663,0.4374247447055272,0.0,1.2495261210050254e-33,5.275444922215267e-11,3.0743509942054303,1.2856534977953626,1.3056119680404663,1.3056129217147827,0.9795454545454545,0.0,5.329443381592116,0,0.0,0,nan,nan,nan,nan,6.999999400585239,-619.4999986252183,2.9999994005852386
M8_scale,procedural,dlc_individual_transition,27,8,M8_scale_n8_seed27,ok,7,2200,300,15.646090738401071,7.080506184141257,12.498790818625748,27.058643488608364,0.7721891540367353,0.9861790418624878,15.992933375917426,7.222284357023145,14.062718399538332,27.052960467364706,7.616867832553104,0.692125472256501,0.9841458916664124,1.0243701934814453,0.015,0.0,4.008643676918619,19,0.0,0,nan,nan,nan,nan,248.5000049370649,-161.00000324876578,244.5000049370649
M8_scale,procedural,dlc_joint_transition,27,8,M8_scale_n8_seed27,ok,7,2200,300,15.525794711784238,10.881220403732856,13.763943997258203,22.30560515371032,0.7088073934183309,0.993769371509552,16.32572455148089,10.963592317039494,14.048068568086823,24.48462376640138,5.214546105441135,0.690355972858167,0.9929348528385162,1.0395082235336304,0.015454545454545455,0.0,2.617631485640651,52,0.0,0,nan,nan,nan,nan,392.0000057377033,-161.00000324876578,388.0000057377033
M8_scale,procedural,dlc_joint_transition_observer,27,8,M8_scale_n8_seed27,ok,7,2200,300,15.274845144038435,12.793406335747154,15.13371215381023,17.602289864123506,0.7393535691784009,1.0389156937599182,15.307276435873382,12.77147676311327,15.310487488549045,17.699474694653087,2.086797135104472,0.6588095587678253,1.0162184834480288,1.6645499467849731,0.12727272727272726,0.020454545454545454,3.0858271237505113,216,0.0,0,nan,nan,nan,nan,126.00000756976033,-161.00000324876578,122.00000756976033
M8_scale,procedural,ppo_continuous,27,8,M8_scale_n8_seed27,ok,7,2200,300,4.1415423671306685e-07,1.5663674330553097e-11,7.242335007936553e-11,9.448466709214903e-07,3.1655001640319824,3.1655001640319824,0.8858420051672513,1.8834037289496705e-11,6.992277169995133e-10,4.066275393909518e-06,4.3094019479117005,3.0900013430281117,3.1655001640319824,3.1896750926971436,0.9777272727272728,0.9718181818181818,7.029685516036133,0,0.0,0,nan,nan,nan,nan,10.500006681405239,-696.5000050227701,6.500006681405239
M8_scale,procedural,rule_expert_gate,27,8,M8_scale_n8_seed27,ok,7,2200,300,20.42326817069416,12.468788102099861,22.17300644094273,26.827593797889946,0.3980948128466384,0.8751111209392548,20.394116962421517,11.620972530055248,22.230024485619538,27.03313852614865,5.818014422902346,0.4100535057310216,0.8355682373046875,2.446599006652832,0.06136363636363636,0.07727272727272727,2.79559200716712,715,0.0,0,nan,nan,nan,nan,269.50000294240203,-230.99999880522034,265.50000294240203
M8_scale,procedural,sac_continuous,27,8,M8_scale_n8_seed27,ok,7,2200,300,8.15851375618975,3.5400485884898454,10.569350302041226,11.357152232083402,2.8808529295918524,5.741142797470093,7.622144168724021,3.4696765260006472,4.878124970314849,11.280558886169889,4.182414167599676,2.515027730372577,5.7237241744995115,5.908977031707764,0.45681818181818185,0.2409090909090909,3.222748366433755,0,0.0,0,nan,nan,nan,nan,6.999994314979176,-608.9999970221239,2.999994314979176
M8_scale,procedural,td3_continuous,27,8,M8_scale_n8_seed27,ok,7,2200,300,10.83993477570777,10.555544815473498,10.82043890477113,10.991881148736004,8.122565904667503,8.413489818572998,11.509123950551775,10.050613910525922,10.820087642829332,11.524762663791398,5.360779436066299,7.816680950481783,8.395631790161133,8.5613431930542,0.980909090909091,0.5036363636363637,6.180646625244406,0,0.0,0,nan,nan,nan,nan,7.000004676307299,-679.0000040263857,3.0000046763072987
M8_scale,procedural,dlc_individual_transition,28,8,M8_scale_n8_seed28,ok,7,2200,300,14.648984182800563,12.273630291514456,15.28458176518595,16.197470359791495,0.2060012956201497,0.5104994714260102,15.13453188467057,12.287472199299579,15.369262371845874,17.730708392875023,2.9182663555586656,0.20312794580273807,0.5066015481948852,0.6957954168319702,0.0,0.0,2.369209938930127,1768,0.0,0,nan,nan,nan,nan,238.00000250203425,-160.99999907774827,234.00000250203425
M8_scale,procedural,dlc_joint_transition,28,8,M8_scale_n8_seed28,ok,7,2200,300,15.580324440494756,11.597434816291525,14.514114346871867,22.326399316485638,0.7134017820264164,0.9709665238857269,16.37359702749002,11.597156049421676,14.740642145113487,24.28032684880382,4.89124733033047,0.6931073623260123,0.9663937330245972,1.0564438104629517,0.017727272727272727,0.0,2.585608337204994,528,0.0,0,nan,nan,nan,nan,409.50000151188124,-160.99999907774827,405.50000151188124
M8_scale,procedural,dlc_joint_transition_observer,28,8,M8_scale_n8_seed28,ok,7,2200,300,14.094985965500106,11.589927906729368,14.030164187898086,17.086376271567335,0.35454552043922255,0.9824767112731934,14.283135449260893,11.629511548416913,14.130102070661962,17.415888645287204,2.275409607645241,0.32767356569715195,0.975005692243576,1.0742979049682617,0.05227272727272727,0.0,4.944308490350184,942,0.0,0,nan,nan,nan,nan,185.50000098662895,-161.00000106012703,181.50000098662895
M8_scale,procedural,ppo_continuous,28,8,M8_scale_n8_seed28,ok,7,2200,300,3.274758398775643e-07,3.0810548600401985e-11,5.4855458747053275e-11,7.561008313769857e-07,3.1641595363616943,3.1641595363616943,0.8909689439331298,3.756220251418962e-11,5.268943391250279e-10,3.172598740504367e-06,4.320219162738673,3.089024782885205,3.1641595363616943,3.1952462196350098,0.9777272727272728,0.9718181818181818,7.0285714340430365,0,0.0,0,nan,nan,nan,nan,10.500000932793796,-689.499999183896,6.500000932793796
M8_scale,procedural,rule_expert_gate,28,8,M8_scale_n8_seed28,ok,7,2200,300,19.897424131182014,11.936221754928525,22.203040702252306,26.374326597148077,0.15295839472918918,0.3376764386892319,20.051641981820463,11.867851278599119,22.227916000427207,26.812195878978493,5.677493398922203,0.19574765365994112,0.36385268568992624,0.8758071660995483,0.0,0.0,2.7848787845829217,672,0.0,0,nan,nan,nan,nan,371.0000040906484,-160.99999907774827,367.0000040906484
M8_scale,procedural,sac_continuous,28,8,M8_scale_n8_seed28,ok,7,2200,300,8.27194044891836,3.8861766279426018,10.804923116668386,11.371621429426327,2.858632615991473,5.585529184341431,7.719872525265607,3.7006452891657533,4.878148022545588,11.315098253716315,4.126202518093063,2.496818155170966,5.567762804031372,5.7497100830078125,0.4659090909090909,0.24727272727272728,3.31445532704317,0,0.0,0,nan,nan,nan,nan,6.999996144356828,-602.000003284966,2.999996144356828
M8_scale,procedural,td3_continuous,28,8,M8_scale_n8_seed28,ok,7,2200,300,10.822448158045734,10.577025704729222,10.811978025989948,10.996661575926383,8.101225433851543,8.398084545135498,11.553905518224152,10.355234368929077,10.815255967549689,11.501620530433925,5.302667600542702,7.812980893592943,8.38227071762085,8.54052448272705,0.9813636363636363,0.4990909090909091,6.31345728133142,0,0.0,0,nan,nan,nan,nan,7.000005957542271,-675.4999934626688,3.000005957542271
M8_scale,procedural,dlc_individual_transition,29,8,M8_scale_n8_seed29,ok,7,2200,300,12.99680285050886,10.169791374873217,11.99694657255553,19.087298346093313,0.4176026579933731,0.5442180335521698,14.222125487135227,10.318286714811384,12.13046049871739,23.34055234649297,4.811837319710499,0.3806077712679557,0.5394846558570862,0.5704525113105774,0.0,0.0,2.624544724252029,128,0.0,0,nan,nan,nan,nan,290.5000014602424,-164.49999835296865,286.5000014602424
M8_scale,procedural,dlc_joint_transition,29,8,M8_scale_n8_seed29,ok,7,2200,300,12.714716258188771,9.331729885492425,12.149798674948364,19.150547948278597,0.5406479236904813,0.9115917205810548,13.86334787693551,9.325345377800021,12.308601416298206,23.167582735569372,5.44681130033631,0.5505852653991844,0.9079849064350128,0.9528706073760986,0.0,0.0,2.838730453163912,433,0.0,0,nan,nan,nan,nan,294.0000081965509,-164.49999835296865,290.0000081965509
M8_scale,procedural,dlc_joint_transition_observer,29,8,M8_scale_n8_seed29,ok,7,2200,300,13.571032341806283,10.025356243689403,14.203661651263669,16.51830612567232,0.49686518620992215,1.5548370718956008,14.119126795262638,10.041446459241907,14.379741205621805,17.844786349355296,3.5731194095136627,0.4672832539061545,1.3005710721015933,2.719146966934204,0.11954545454545455,0.0,2.3778136798096514,1286,0.0,0,nan,nan,nan,nan,227.50001156505095,-164.49999835296865,223.50001156505095
M8_scale,procedural,ppo_continuous,29,8,M8_scale_n8_seed29,ok,7,2200,300,6.320004522174096e-07,1.3007348485578844e-10,2.300928948531392e-10,1.4485213403271003e-06,3.1919753551483154,3.1919753551483154,0.6995398072331033,1.4436322966115823e-10,6.169070038244117e-10,6.061589901942084e-06,3.66690666551948,3.1310530054298313,3.1919753551483154,3.1921536922454834,0.9831818181818182,0.9754545454545455,7.110313281274958,0,0.0,0,nan,nan,nan,nan,0.0,-636.9999942646646,-4.0
M8_scale,procedural,rule_expert_gate,29,8,M8_scale_n8_seed29,ok,7,2200,300,19.43196151328195,8.270033244071108,21.965358682151535,25.18436400196219,0.7394576540109579,3.2760899305343654,19.62206250737331,8.470562506087012,22.011306354614003,26.354155931728393,6.021512440183094,0.7131865087617718,2.8729315280914336,4.830757141113281,0.1731818181818182,0.011818181818181818,2.3886549161877655,636,0.0,0,nan,nan,nan,nan,412.999999663946,-164.49999835296865,408.999999663946
M8_scale,procedural,sac_continuous,29,8,M8_scale_n8_seed29,ok,7,2200,300,0.13838162351075467,3.344787701412599e-18,1.8552109820422538e-14,0.2429712667011028,6.13258201122284,6.160844802856445,1.817621959857914,3.3618882896468997e-18,1.8580442626132955e-13,10.110689171819837,4.663071174424827,5.52842351752164,6.160844802856445,6.160844802856445,0.9290909090909091,0.0,7.120647759797704,0,0.0,0,nan,nan,nan,nan,0.0,-584.5000039903579,-4.0
M8_scale,procedural,td3_continuous,29,8,M8_scale_n8_seed29,ok,7,2200,300,0.04595956182030897,0.0,3.596193415044609e-35,1.3078125833128975e-15,2.466779610232303,2.46597957611084,1.7591071324799312,0.0,2.0191792519205755e-31,3.0999797409983127,5.7699309063966,2.481114260066639,2.589981842041016,3.536623001098633,0.985909090909091,0.9586363636363636,7.052272742410977,0,0.0,0,nan,nan,nan,nan,0.0,-647.499995341114,-4.0
M8_scale,procedural,dlc_individual_transition,30,8,M8_scale_n8_seed30,ok,7,2200,300,13.047724235012254,10.379049094930231,11.951102517156608,17.298800901454044,0.3747571111572516,0.547469413280487,14.246785637803551,10.535734368744567,12.085743806741842,23.3295886206798,4.7052829499300755,0.34381224661126575,0.5468989968299866,0.561507523059845,0.0,0.0,3.0699058110962754,84,0.0,0,nan,nan,nan,nan,255.50000955156725,-164.50000412246675,251.50000955156725
M8_scale,procedural,dlc_joint_transition,30,8,M8_scale_n8_seed30,ok,7,2200,300,7.520786644175002,7.032002957724461,7.607050996204428,8.026171549588922,21.302441669890754,36.03014869689942,9.316788312980561,7.054840729520134,7.6718549405523015,9.685092363487756,5.5584496469106375,18.522824118814686,35.661960220336915,39.603912353515625,0.905,0.0,2.9083698810054526,1974,0.0,0,nan,nan,nan,nan,38.500002527953825,-419.9999988540139,34.500002527953825
M8_scale,procedural,dlc_joint_transition_observer,30,8,M8_scale_n8_seed30,ok,7,2200,300,13.207924359226116,8.140195548318042,12.12677456062239,19.672357427295953,0.43040486114916443,0.9000238299369813,14.07207422454573,8.304777448202483,12.365177375867365,21.536060045428233,4.55964559121082,0.40690644960010763,0.8933599293231965,1.022706389427185,0.011363636363636364,0.0,2.3964859205251394,841,0.0,0,nan,nan,nan,nan,283.50000925804306,-164.50000412246675,279.50000925804306
M8_scale,procedural,ppo_continuous,30,8,M8_scale_n8_seed30,ok,7,2200,300,4.6653086450838366e-07,8.278554392402477e-11,3.168483782331144e-10,1.020518191837844e-06,3.243483304977417,3.243483304977417,0.8003449686711699,8.29606560787784e-11,5.840116140970969e-10,4.27229717912868e-06,4.037220459024694,3.175457014035095,3.243483304977417,3.256326198577881,0.9804545454545455,0.9731818181818181,6.988669638215328,0,0.0,0,nan,nan,nan,nan,3.500003117035476,-633.5000031036486,-0.49999688296452405
M8_scale,procedural,rule_expert_gate,30,8,M8_scale_n8_seed30,ok,7,2200,300,20.262894701876114,9.67641718455806,22.330963962284045,26.397228895351077,1.298525082936538,4.491850948333741,20.335361944524852,9.656353174268657,22.349067699166874,26.79537954258987,6.002224679602171,1.1920548197126932,4.363950872421265,7.8365092277526855,0.25227272727272726,0.05545454545454546,2.679202012562829,402,0.0,0,nan,nan,nan,nan,406.0000016672748,-164.50000412246675,402.0000016672748
M8_scale,procedural,sac_continuous,30,8,M8_scale_n8_seed30,ok,7,2200,300,0.2882528419924741,0.0,8.603296125469287e-28,1.4787289822710457,7.872445203379581,7.972393989562988,1.920152023914052,0.0,5.235795959165135e-24,10.192786631168367,4.651548797920704,7.115847893666518,7.972393989562988,7.972393989562988,0.94,0.8827272727272727,7.19839354271804,0,0.0,0,nan,nan,nan,nan,0.0,-591.5000044535655,-4.0
M8_scale,procedural,td3_continuous,30,8,M8_scale_n8_seed30,ok,7,2200,300,5.771485997900046e-07,0.0,1.400668448184273e-32,2.1143446890737045e-13,1.2428398119775872,1.2428398132324219,0.6943763540291781,0.0,7.365010073012549e-29,5.161363691185041e-06,3.1651875811939334,1.223072902879847,1.2428398132324219,1.4898325204849243,0.9713636363636363,0.0,2.5530312289680746,90,0.0,0,nan,nan,nan,nan,3.500003117035476,-616.0000027724818,-0.49999688296452405
M8_scale,procedural,dlc_individual_transition,31,8,M8_scale_n8_seed31,ok,7,2200,300,15.233109341477109,11.105109753014242,13.690794664553916,22.80208052447157,0.6137748449077327,0.865885978937149,15.637320666855947,11.128540705252028,13.879088186905262,22.976271816477944,4.591187656049455,0.5562695909378552,0.8645779430866242,1.2358665466308594,0.011363636363636364,0.0,2.391793416358437,470,0.0,0,nan,nan,nan,nan,111.99999788555851,-160.9999980610853,107.99999788555851
M8_scale,procedural,dlc_joint_transition,31,8,M8_scale_n8_seed31,ok,7,2200,300,13.262316306995517,10.579962661864878,11.824479686044171,20.24980085100857,0.3168262367905424,0.5398757815361024,14.313213937015869,10.56968700495203,11.946678841357041,21.85899642454521,5.0576430260821015,0.3463435348204009,0.61131352186203,1.0485810041427612,0.007272727272727273,0.0,2.8815941904426174,1406,0.0,0,nan,nan,nan,nan,101.50000678681386,-160.9999980610853,97.50000678681386
M8_scale,procedural,dlc_joint_transition_observer,31,8,M8_scale_n8_seed31,ok,7,2200,300,6.257342696491647,1.1230140258657844,1.2918974951618911,15.597898200228748,1.378672126641399,2.0985374450683594,7.521460637416369,1.1235607691730407,1.3808160263526152,16.239966516468332,6.8972967223064146,1.2071153080776673,2.082003140449524,2.1467370986938477,0.5527272727272727,0.008181818181818182,3.6759216369070202,257,0.0,0,nan,nan,nan,nan,10.500010906463217,-399.0000016222807,6.500010906463217
M8_scale,procedural,ppo_continuous,31,8,M8_scale_n8_seed31,ok,7,2200,300,4.344092393311076e-07,1.4122618877205273e-14,1.0258457630457431e-10,9.911650301637953e-07,3.174447536468506,3.174447536468506,0.8859489405465192,1.8813508238152554e-14,7.63533256553734e-10,4.166365690621144e-06,4.313676005419282,3.0984139513021165,3.174447536468506,3.1955206394195557,0.9777272727272728,0.9718181818181818,7.029109196571774,0,0.0,0,nan,nan,nan,nan,10.500004228897751,-699.9999938650636,6.500004228897751
M8_scale,procedural,rule_expert_gate,31,8,M8_scale_n8_seed31,ok,7,2200,300,14.498635902107655,8.195165262633832,11.799702355769945,24.252550530403507,0.5216820166316913,1.5582411289215097,15.294677954047753,8.543836293600364,12.257253964006264,25.83881814028414,6.511689135219346,0.5200080058535773,1.295088970661164,3.425314426422119,0.16727272727272727,0.05045454545454545,2.4212412929923013,1275,0.0,0,nan,nan,nan,nan,98.00000834414345,-160.9999980610853,94.00000834414345
M8_scale,procedural,sac_continuous,31,8,M8_scale_n8_seed31,ok,7,2200,300,8.202871739789112,3.7597886387583697,10.688595355383812,11.360843953165555,2.975696898877137,5.890064573287964,7.667425350220151,3.5727622444435925,4.878117290432588,11.301083883688642,4.188582943399463,2.596682980045258,5.874483823776245,6.059322834014893,0.46,0.24227272727272728,3.1989112620521754,0,0.0,0,nan,nan,nan,nan,7.0000028192625905,-609.0000030055684,3.0000028192625905
M8_scale,procedural,td3_continuous,31,8,M8_scale_n8_seed31,ok,7,2200,300,10.76211079316414,8.288440936627797,10.213413759899662,13.516849961138018,7.248601639647233,7.587088537216187,11.153223838735407,7.688150053059831,10.15290117664621,13.707972001148914,5.483651012551336,6.989885970462452,7.569257354736328,7.744619369506836,0.980909090909091,0.5222727272727272,6.155675286831681,0,0.0,0,nan,nan,nan,nan,7.0000028192625905,-675.4999980556584,3.0000028192625905
M8_scale,procedural,dlc_individual_transition,32,8,M8_scale_n8_seed32,ok,7,2200,300,13.659356583733139,11.188691333626005,12.410166559644843,20.57394421638861,0.3320416028600946,0.46088892221450806,14.774601742976792,11.238239510711132,12.598788825703203,22.672950721972036,4.396647017921324,0.308918221734533,0.4591433256864548,0.5520485639572144,0.0,0.0,3.5996419447989174,220,0.0,0,nan,nan,nan,nan,203.0000021982653,-164.50000426082727,199.0000021982653
M8_scale,procedural,dlc_joint_transition,32,8,M8_scale_n8_seed32,ok,7,2200,300,14.67136488412863,9.017795987590992,13.597447330485407,22.33723711073597,0.8731056438504081,2.8899758815765386,15.38324443477361,8.620298721026204,14.137998304930559,23.904069677156876,5.673746500546939,0.8689153791523793,2.7070481061935436,3.4769668579101562,0.2318181818181818,0.0,2.855537712556631,608,0.0,0,nan,nan,nan,nan,315.00000483047006,-164.50000426082727,311.00000483047006
M8_scale,procedural,dlc_joint_transition_observer,32,8,M8_scale_n8_seed32,ok,7,2200,300,12.310998168429938,8.635307959874044,11.143616318254397,18.057471383018434,0.6076262728463074,0.9472170054912569,13.20251628534312,8.889257234905713,11.360613683060421,20.05243565068693,4.18910665782768,0.5717715167289927,0.8963187098503116,1.3602508306503296,0.07727272727272727,0.0,2.8571873202429376,1374,0.0,0,nan,nan,nan,nan,125.9999991111672,-164.50000426082727,121.9999991111672
M8_scale,procedural,ppo_continuous,32,8,M8_scale_n8_seed32,ok,7,2200,300,3.353275936735481e-07,1.117670947361532e-10,2.0854819331746593e-10,6.948940519114606e-07,3.2973430156707764,3.2973430156707764,0.837924831940161,1.3617865109283328e-10,3.319076531066496e-10,1.2688161574693222e-05,4.129990073098635,3.2271914318745787,3.2973430156707764,3.3315699100494385,0.9804545454545455,0.9727272727272728,6.977542218133521,0,0.0,0,nan,nan,nan,nan,3.500003212737056,-574.0000067545129,-0.49999678726294405
M8_scale,procedural,rule_expert_gate,32,8,M8_scale_n8_seed32,ok,7,2200,300,12.631333506751146,8.567821441051791,13.095545815590231,14.515043750562752,1.9099532610491703,3.2792132854461675,13.609246888181367,8.611958450084135,13.187581584090731,15.722819372649735,4.3143956349445105,1.7351630547100847,2.973799753189088,4.45810079574585,0.889090909090909,0.3931818181818182,3.9266757791461275,325,0.0,0,nan,nan,nan,nan,35.00001079535741,-532.0000071933287,31.00001079535741
M8_scale,procedural,sac_continuous,32,8,M8_scale_n8_seed32,ok,7,2200,300,0.6154680155758626,0.00037778796616057763,0.0003806657909298711,2.927220072713403,2.152355209902713,2.2818918228149414,1.3682679152739572,0.00030308639372466446,0.0009178364351429553,2.9287089567229825,2.7442159536613784,1.9702620188456919,2.2818918228149414,2.2818918228149414,0.9240909090909091,0.0,6.729116200247516,0,0.0,0,nan,nan,nan,nan,3.500000433738478,-525.0000045130723,-0.499999566261522
M8_scale,procedural,td3_continuous,32,8,M8_scale_n8_seed32,ok,7,2200,300,12.263952294046215,2.779944333928882,13.187836502261913,14.947342584766993,5.122734035915162,7.810311651229858,11.647350953838671,2.205595237326872,13.080412240574624,15.151263211354982,6.508753918639505,4.583708292636941,7.769697427749634,8.175384521484375,0.7672727272727272,0.35409090909090907,2.9045709272029883,314,0.0,0,nan,nan,nan,nan,6.9999993995415934,-616.0000079096968,2.9999993995415934
M4_sparse,procedural,ours_dnq_dlc,21,4,/tmp/ours_ens/M4_sparse_n4_seed21,ok,3,2200,300,16.69249311174266,11.265864775718827,17.44430224457888,23.08401853705751,0.8895614409329076,1.7035111308097848,16.560065540424077,11.253987965564239,17.346231710491743,23.029988349983302,4.728545240252083,0.8586609279330482,1.6115319728851327,2.8392562866210938,0.20318181818181819,0.0,4.904209056656301,0,0.09681818181818182,2200,1.9945454545454546,0.001364256480218281,3.0,550.0,227.50000111683175,-62.9999965084329,223.50000111683175
M4_sparse,procedural,ours_dnq_dlc,22,4,/tmp/ours_ens/M4_sparse_n4_seed22,ok,3,2200,300,16.007539892378468,11.184984117952437,15.311871066857556,22.909209099049562,0.9875752226145644,2.0533040523529054,16.111991682536807,11.184984117952437,16.333011076813726,22.871438164044278,4.598571860839457,0.9460127187994394,1.9272066593170174,2.921455144882202,0.22227272727272726,0.0,4.391827844928779,0,0.10636363636363637,2200,2.294090909090909,0.0009095043201455207,3.0,733.3333333333334,280.00000167949315,-62.999997151029675,276.00000167949315
M4_sparse,procedural,ours_dnq_dlc,23,4,/tmp/ours_ens/M4_sparse_n4_seed23,ok,3,2200,300,16.892553032892593,11.281268194347103,17.857436072184242,22.93585080297413,0.7970492457512668,1.4934583187103276,16.956931161550084,11.240516880617966,17.903441932757726,23.21268673715527,4.883738528094394,0.7101158298877999,1.4101744174957276,2.3793087005615234,0.17772727272727273,0.0,2.813193516289266,170,0.07181818181818182,2200,2.255909090909091,0.001364256480218281,3.0,550.0,294.0000033843867,-62.99999775426795,290.0000033843867
M4_sparse,procedural,ours_dnq_dlc,24,4,/tmp/ours_ens/M4_sparse_n4_seed24,ok,3,2200,300,15.336919736265164,7.340978742684634,16.698383497239696,22.23541622173446,0.7141262186487745,0.8881951153278351,15.515339408415517,9.999693785860089,16.824281983164312,22.236081744591363,5.51375954546028,0.7124452475502833,0.8705601274967196,1.95292329788208,0.0659090909090909,0.07772727272727273,3.960561983437837,81,0.155,2200,2.66,0.001364256480218281,3.0,550.0,150.50000188538752,-59.50000267453629,146.50000188538752
M4_sparse,procedural,ours_dnq_dlc,25,4,/tmp/ours_ens/M4_sparse_n4_seed25,ok,3,2200,300,12.962373665634347,10.79477747965219,11.910953674702634,17.923792229010427,1.2338425004325415,2.0217215776443482,13.54355171147333,10.814869505771862,12.064557143220728,18.752553093409762,3.262873379182594,1.1554728020185774,1.960742235183716,2.888540744781494,0.4290909090909091,0.0,4.463848598094817,0,0.12136363636363637,2200,2.773181818181818,0.0009095043201455207,3.0,733.3333333333334,168.00000260034972,-63.000004284571446,164.00000260034972
M4_sparse,procedural,ours_dnq_dlc,26,4,/tmp/ours_ens/M4_sparse_n4_seed26,ok,3,2200,300,19.54442178970035,12.207474899531114,20.67172387838285,23.254241510667583,0.6364435250508158,0.8320295453071594,19.1267025564868,11.976705651019993,19.814836375871593,23.223838810794057,3.963596872007448,0.6406331533667716,0.8400243103504181,1.6385643482208252,0.038181818181818185,0.0,4.191884406960136,0,0.06818181818181818,2200,0.9545454545454546,0.001364256480218281,3.0,550.0,357.00000175943933,-63.0000005662705,353.00000175943933
M4_sparse,procedural,ours_dnq_dlc,27,4,/tmp/ours_ens/M4_sparse_n4_seed27,ok,3,2200,300,18.395356832442616,11.328445716378253,19.163322983398245,23.080290887677783,0.7712142096930429,1.1697515845298778,18.291730544303746,11.351923930915426,19.049476492206907,23.050243377624295,4.232509808199217,0.761582735451785,1.1083912253379833,2.8888871669769287,0.11,0.0,4.277823408801149,0,0.06818181818181818,2200,1.9190909090909092,0.002273760800363802,3.0,366.6666666666667,349.9999931972761,-62.99999614999399,345.9999931972761
M4_sparse,procedural,ours_dnq_dlc,28,4,/tmp/ours_ens/M4_sparse_n4_seed28,ok,3,2200,300,18.628712728027878,11.47133931320941,19.379921036275256,23.234617603286143,0.7222413817516184,1.2691844701766974,18.37128058294232,11.468655664807487,19.02981098521117,23.199862461395192,4.230246333520102,0.7189382183549672,1.1005266070365916,2.9151103496551514,0.10954545454545454,0.0,3.0559334956563435,57,0.05545454545454546,2200,1.8981818181818182,0.004092769440654843,3.0,220.0,336.00000211707015,-59.50000234684774,332.00000211707015
M4_sparse,procedural,ours_dnq_dlc,29,4,/tmp/ours_ens/M4_sparse_n4_seed29,ok,3,2200,300,15.36860990148189,10.987813325299284,12.772632613821472,22.404443137720104,1.0088065694350945,2.041490960121155,14.78778823816701,10.56318201660782,12.396559863966768,22.122345525478103,4.406128611879688,0.8881732023053337,1.9696240544319155,2.9619300365448,0.25045454545454543,0.0,4.8569308371362645,181,0.11545454545454545,2200,2.175909090909091,0.0031832651205093224,3.0,275.0,224.00000479449795,-66.50000310734231,220.00000479449795
M4_sparse,procedural,ours_dnq_dlc,30,4,/tmp/ours_ens/M4_sparse_n4_seed30,ok,3,2200,300,20.660685378898602,17.621127678557798,21.70096795878851,23.550123023194068,0.5383623544259095,0.7180841922760011,20.075828298708718,13.813475363713088,21.12145441338719,23.491713476775356,3.6576550885805115,0.5558871638580141,0.7573611259460449,0.9194538593292236,0.0,0.0,3.694591205495469,6,0.04363636363636364,2200,0.9127272727272727,0.001364256480218281,3.0,550.0,402.4999918055487,-63.0000036186259,398.4999918055487
M4_sparse,procedural,ours_dnq_dlc,31,4,/tmp/ours_ens/M4_sparse_n4_seed31,ok,3,2200,300,18.230120949880742,11.393274972109268,19.261558752456814,23.26951119754877,0.8143381376329222,1.6352739334106454,17.99502001869814,11.38565401824572,19.041165978236045,23.24562405331251,4.589729959458659,0.7981702874059027,1.4905715703964242,2.8763413429260254,0.1572727272727273,0.0,4.037086321576223,0,0.0659090909090909,2200,1.1477272727272727,0.001364256480218281,3.0,550.0,357.00000469745896,-63.000007365957345,353.00000469745896
M4_sparse,procedural,ours_dnq_dlc,32,4,/tmp/ours_ens/M4_sparse_n4_seed32,ok,3,2200,300,20.353798460155577,17.391994605001393,21.00557333652161,23.318224828316357,0.5641284231998418,0.71249218583107,20.195332131745577,17.361279646483258,20.65997414590905,23.30691984482946,3.050078708667438,0.5663539862429554,0.7015706419944764,0.8660904765129089,0.0,0.0,3.944133119306153,0,0.03363636363636364,2200,0.8740909090909091,0.001364256480218281,3.0,550.0,391.99999360836205,-63.00000435348193,387.99999360836205
M6_dense,procedural,ours_dnq_dlc,21,6,/tmp/ours_ens/M6_dense_n6_seed21,ok,5,2200,300,14.246381293212663,10.64016436144106,12.236196398221418,22.432779079394884,0.8115978351050963,1.3778156995773316,14.72009796977972,10.707878276004038,12.388815028745174,22.827684652060864,4.775090653479166,0.7918278365219753,1.3591171860694886,1.9265462160110474,0.22590909090909092,0.0,2.622783176457966,288,0.10545454545454545,2200,2.8854545454545453,0.03274215552523874,5.0,30.136986301369863,125.99999876704032,-111.99999530873549,121.99999876704032
M6_dense,procedural,ours_dnq_dlc,22,6,/tmp/ours_ens/M6_dense_n6_seed22,ok,5,2200,300,15.386671501989879,11.040675027588799,12.689145024696362,22.34955376299161,0.9620803710347727,1.8675401568412797,16.051317873620924,11.05256452923739,15.943327004683216,22.93025485627863,4.6524166656440125,0.8887921701223505,1.7503725528717045,2.9189369678497314,0.2009090909090909,0.0,3.2221319976654557,0,0.12136363636363637,2200,2.7436363636363637,0.02455661664392906,5.0,40.0,230.99999867037036,-108.49999948641437,226.99999867037036
M6_dense,procedural,ours_dnq_dlc,23,6,/tmp/ours_ens/M6_dense_n6_seed23,ok,5,2200,300,6.754688638607162,2.439072790218133,3.0069393040697525,18.942220099740272,4.648086844403297,8.904209518432618,8.182367569641206,2.439072879258993,3.0562015530578632,19.60041432650148,7.28174188115859,4.107200412563133,8.75038595199585,9.846270561218262,0.6572727272727272,0.6077272727272728,2.9893602861854847,119,0.04409090909090909,2200,1.5477272727272726,0.021828103683492497,5.0,44.89795918367347,73.50000992561763,-707.0000037017506,69.50000992561763
M6_dense,procedural,ours_dnq_dlc,24,6,/tmp/ours_ens/M6_dense_n6_seed24,ok,5,2200,300,13.140437282895915,3.1998285636536856,13.546161050320126,19.809479527794732,0.7314784954321619,1.0450578093528748,13.503968705645029,3.430481797924507,13.578293844754548,20.9014860861066,6.004464988694481,0.7295399493512443,1.016797924041748,1.947341799736023,0.10954545454545454,0.13636363636363635,2.8508278097276154,336,0.12045454545454545,2200,3.0,0.027285129604365622,5.0,36.0655737704918,94.4999989573912,-111.99999785299406,90.4999989573912
M6_dense,procedural,ours_dnq_dlc,25,6,/tmp/ours_ens/M6_dense_n6_seed25,ok,5,2200,300,13.56016742596052,10.84980530120353,12.056572354063249,18.646939528150217,1.1722671733090753,2.0396389961242676,14.471354512136605,10.923944464049967,12.1683759722204,21.34646112592848,4.057030290027505,1.0709744556275704,1.9662116646766665,2.801215648651123,0.3809090909090909,0.0,5.138004803592508,0,0.12045454545454545,2200,2.832272727272727,0.0068212824010914054,5.0,137.5,199.49999987653155,-108.5000106103189,195.49999987653155
M6_dense,procedural,ours_dnq_dlc,26,6,/tmp/ours_ens/M6_dense_n6_seed26,ok,5,2200,300,12.887317746536318,10.772684124849176,11.777507024701752,18.38833129577285,1.3567048067952456,2.4734508037567142,13.742646110377956,10.772556347711749,11.903986397933235,21.61105650462659,4.147032048291107,1.2151604371309408,2.397215533256531,3.0300304889678955,0.4777272727272727,0.0,4.875688922676197,14,0.06545454545454546,2200,2.2177272727272728,0.05320600272851296,5.0,18.64406779661017,350.0000028023569,-108.500006637144,346.0000028023569
M6_dense,procedural,ours_dnq_dlc,27,6,/tmp/ours_ens/M6_dense_n6_seed27,ok,5,2200,300,12.87922326018903,10.721070650457445,11.885917029891143,17.74201746493159,1.2064135957705346,2.0136173486709597,13.998284190520515,10.784855687776629,12.088230332744006,20.187898083956416,3.9038532436695177,1.1014776412207126,1.9518817782402038,2.9679341316223145,0.3781818181818182,0.0,4.806050589285973,0,0.155,2200,2.6772727272727272,0.010004547521600727,5.0,95.65217391304348,304.50000716312934,-108.50000627898226,300.50000716312934
M6_dense,procedural,ours_dnq_dlc,28,6,/tmp/ours_ens/M6_dense_n6_seed28,ok,5,2200,300,17.217743815093048,11.249623021969645,17.93590278023808,23.07254302473189,0.6551200889791117,0.8437785685062409,17.72205754871438,11.338808677648162,18.390169290850526,23.245453330830305,4.353781846972952,0.6214444397501278,0.8393940985202789,0.9283012747764587,0.0,0.0,2.427902347911994,81,0.14454545454545453,2200,2.382727272727273,0.008640291041382447,5.0,110.0,451.50000108367954,-108.49999855551471,447.50000108367954
M6_dense,procedural,ours_dnq_dlc,29,6,/tmp/ours_ens/M6_dense_n6_seed29,ok,5,2200,300,4.796024901434528,2.438424658935303,3.002943663981892,11.717365216466114,6.181777780040314,11.048791790008545,6.40108172414779,2.438424697382544,3.0029438717485055,18.757454635594005,6.308408220887439,5.433348333876241,10.880626296997072,12.00252914428711,0.735,0.6972727272727273,3.042115081806361,143,0.04363636363636364,2200,1.3309090909090908,0.01455206912232833,5.0,66.66666666666667,17.500001265894298,-328.99999527376076,13.500001265894298
M6_dense,procedural,ours_dnq_dlc,30,6,/tmp/ours_ens/M6_dense_n6_seed30,ok,5,2200,300,14.498605552145941,11.039419913681478,12.178122189213989,19.72222552153232,0.9509498846501504,1.4672982335090639,14.906221359647772,11.03782937552902,12.473189442314055,21.388925032076344,4.1495510892603935,0.9150254200238057,1.4332250952720642,2.6113600730895996,0.3195454545454545,0.0,2.7735131914748177,403,0.09954545454545455,2200,2.8154545454545454,0.023192360163710776,5.0,42.30769230769231,168.00000333807384,-112.00000035568382,164.00000333807384
M6_dense,procedural,ours_dnq_dlc,31,6,/tmp/ours_ens/M6_dense_n6_seed31,ok,5,2200,300,13.41781733720403,10.88558305884731,12.022891900464458,18.6706953094269,1.1619530353263805,2.075834655761719,14.125474085866331,10.895192055336496,12.15923020331631,19.659988273862204,3.760423185086859,1.0790619952394627,1.9995947957038886,2.9164419174194336,0.3340909090909091,0.0,3.222455273795132,4,0.15545454545454546,2200,2.7981818181818183,0.07548885857207822,5.0,13.173652694610778,266.000000071489,-108.49999835506082,262.000000071489
M6_dense,procedural,ours_dnq_dlc,32,6,/tmp/ours_ens/M6_dense_n6_seed32,ok,5,2200,300,20.228342340766762,17.09914315567977,20.87085079273057,23.37630257668397,0.5669992377936816,0.7287851095199586,20.2506241586075,16.965535060971963,21.05214837682145,23.450683455479616,3.282005527634073,0.5531752410806736,0.7261974275112152,1.0012420415878296,0.0,0.0,3.461023353945211,0,0.012272727272727272,2200,1.1422727272727273,0.015916325602546612,5.0,61.111111111111114,692.9999990920273,-112.00000977415186,688.9999990920273
M8_scale,procedural,ours_dnq_dlc,21,8,/tmp/ours_ens/M8_scale_n8_seed21,ok,7,2200,300,14.543420236198408,10.320204342096732,12.745869424072135,22.503642308682792,0.5486621639732843,1.074609601497651,15.183666610836884,10.381697769972938,13.496071060747445,22.903436503930028,4.982096284815609,0.5580202847289415,1.0131336331367493,2.252307415008545,0.10454545454545454,0.0,2.741854190775302,778,0.05590909090909091,2200,3.0,0.04411095952705776,7.0,22.448979591836736,115.50000332123909,-164.5000008940657,111.50000332123909
M8_scale,procedural,ours_dnq_dlc,22,8,/tmp/ours_ens/M8_scale_n8_seed22,ok,7,2200,300,13.719248355297701,10.128559092465325,12.240051468718725,19.390594550863096,0.8717558483248515,1.5053683280944832,14.424757058642783,10.278486971227045,12.458551467880705,21.80131103066839,4.977159724049611,0.8344565933077882,1.3510551691055313,2.956165313720703,0.195,0.012727272727272728,2.6499169865956125,277,0.12545454545454546,2200,3.0,0.08822191905411551,7.0,11.282051282051283,70.00000401722718,-161.00000086292584,66.00000401722718
M8_scale,procedural,ours_dnq_dlc,23,8,/tmp/ours_ens/M8_scale_n8_seed23,ok,7,2200,300,15.321837248120913,10.858337868678246,12.585042111452395,23.212579120475397,1.3847164105425442,4.163462066650393,15.761958618895713,10.886969501396306,14.26486173494211,23.233578925205684,5.011695239002916,1.2850444042815996,3.790922784805301,5.743710517883301,0.31227272727272726,0.0,2.7648120374533,210,0.06545454545454546,2200,3.0,0.047748976807639835,7.0,20.754716981132077,80.50000211389442,-161.00000605352466,76.50000211389442
M8_scale,procedural,ours_dnq_dlc,24,8,/tmp/ours_ens/M8_scale_n8_seed24,ok,7,2200,300,14.006094264125219,3.049028314815132,13.917669727821737,22.551828401552996,0.823147002515501,1.5914000034332283,14.369032244860405,3.4034359602698707,15.633516661220913,22.49624462425981,6.4909485781791885,0.789677069195267,1.489561414718628,2.6268136501312256,0.19454545454545455,0.16545454545454547,4.5294724618523325,0,0.09090909090909091,2200,2.525909090909091,0.05184174624829468,7.0,19.130434782608695,318.49999708504015,-161.00000673441593,314.49999708504015
M8_scale,procedural,ours_dnq_dlc,25,8,/tmp/ours_ens/M8_scale_n8_seed25,ok,7,2200,300,14.758169617764441,10.857511115349212,12.495496505654936,22.767387881045103,0.9667396387560171,1.9333839178085328,15.394121554396621,10.920836265723151,13.228389680645073,23.294684629996997,4.736771449981737,0.904115385776227,1.8491886615753175,3.117799997329712,0.28863636363636364,0.0,2.9884686419943955,291,0.07727272727272727,2200,3.0,0.020009095043201454,7.0,48.888888888888886,168.0000045094389,-161.00000280480515,164.0000045094389
M8_scale,procedural,ours_dnq_dlc,26,8,/tmp/ours_ens/M8_scale_n8_seed26,ok,7,2200,300,6.403064626106691,2.8494162364923983,3.740642039565391,14.51958589597587,4.5608738770044726,6.773923397064209,8.193483789425924,2.8739245072476107,3.802719488979376,19.191769953695154,6.714418598689779,4.0058375213043735,6.767494869232178,7.0407819747924805,0.675,0.6068181818181818,4.974115751370097,1620,0.03318181818181818,2200,2.3631818181818183,0.06093678944974989,7.0,16.296296296296298,28.000008817191315,-416.49999570298814,24.000008817191315
M8_scale,procedural,ours_dnq_dlc,27,8,/tmp/ours_ens/M8_scale_n8_seed27,ok,7,2200,300,10.57460235054131,2.925028047408174,11.219110836836393,17.539582427964532,0.9790947390676132,2.0982627630233766,11.581364768829824,2.9465107135679065,11.671530001778724,19.11016747654057,6.109493075356185,0.9293595488280566,2.0529813051223758,2.26338529586792,0.28363636363636363,0.2431818181818182,2.3752435570032104,1582,0.095,2200,2.7790909090909093,0.03228740336516599,6.0,30.555555555555557,91.0000028292734,-266.00000101411683,87.0000028292734
M8_scale,procedural,ours_dnq_dlc,28,8,/tmp/ours_ens/M8_scale_n8_seed28,ok,7,2200,300,16.428394255400033,11.062758165719812,17.687208305059293,21.692339219667428,0.7473144864232132,0.8609445869922638,16.732252804539783,11.165498697524525,17.854792585164322,22.357411186452957,4.209828151617382,0.7190628543343733,0.8487690985202789,2.4674415588378906,0.06863636363636363,0.003181818181818182,3.0561481222640694,75,0.16363636363636364,2200,2.3845454545454547,0.035925420645748066,7.0,27.5,420.0000065525842,-160.99999907774827,416.0000065525842
M8_scale,procedural,ours_dnq_dlc,29,8,/tmp/ours_ens/M8_scale_n8_seed29,ok,7,2200,300,14.447904515842824,10.411495525506531,12.637217394867406,21.39393420805936,0.6158661482624073,0.9230736970901491,15.082481644652825,10.515761807955895,13.751197209057874,22.34805957027469,4.787684450373389,0.6192524147121532,0.9045278072357178,2.288686752319336,0.053181818181818184,0.0,2.3980228710578118,514,0.1318181818181818,2200,3.0,0.0482037289677126,7.0,20.560747663551403,290.5000014574334,-164.49999835296865,286.5000014574334
M8_scale,procedural,ours_dnq_dlc,30,8,/tmp/ours_ens/M8_scale_n8_seed30,ok,7,2200,300,15.743883928213668,11.200867984998096,16.312523519894402,21.545514738724986,0.8275326334273344,1.2234056353569032,16.2051585174607,11.238177547235683,17.285389726399984,21.85964254856409,4.191669201653844,0.801375517338853,1.1590245962142949,2.6242315769195557,0.12727272727272726,0.0,4.070437183871212,35,0.1431818181818182,2200,2.8213636363636363,0.05593451568894952,7.0,17.741935483870968,353.50000372709474,-164.50000412246675,349.50000372709474
M8_scale,procedural,ours_dnq_dlc,31,8,/tmp/ours_ens/M8_scale_n8_seed31,ok,7,2200,300,15.741099633652281,11.259020006633593,15.397875895708523,21.801800950019434,0.8586024807389875,1.8427579164505006,15.959563784439732,11.25774455996572,15.690609732909497,22.032220164368095,4.123296823896006,0.8331040576029441,1.7616396546363833,2.8913605213165283,0.21727272727272728,0.0,3.9905671521772583,278,0.07681818181818181,2200,2.9509090909090907,0.08822191905411551,7.0,11.282051282051283,167.99999687402124,-160.9999980610853,163.99999687402124
M8_scale,procedural,ours_dnq_dlc,32,8,/tmp/ours_ens/M8_scale_n8_seed32,ok,7,2200,300,11.509146139962747,2.559527255003829,11.901345103457016,19.504995433562048,0.661985999953498,1.4773971676826483,12.52225961232513,2.6377394202678652,12.367309010717834,21.91627942378468,6.848239729892714,0.6585209106009676,1.3514361858367927,2.4426209926605225,0.14545454545454545,0.20727272727272728,2.3851121046715473,801,0.04409090909090909,2200,2.9495454545454547,0.06639381537062301,7.0,14.965986394557824,98.00001094117306,-168.0000005360746,94.00001094117306
M10_scale,procedural,ours_dnq_dlc,21,10,/tmp/ours_ens/M10_scale_n10_seed21,ok,9,2200,300,15.588554372091009,11.19923925196355,15.433801456864813,21.75572538913105,0.9345173670020641,1.7027631163597117,14.925890144927342,11.10687503477642,12.502363692497108,21.036778117752664,4.424820870634415,0.9649841166814704,1.759794843196869,2.7748522758483887,0.28045454545454546,0.0,2.6343429121089503,13,0.09954545454545455,2200,2.862727272727273,0.036834924965893585,8.0,26.829268292682926,136.49999892295182,-231.00000160165678,132.49999892295182
M10_scale,procedural,ours_dnq_dlc,22,10,/tmp/ours_ens/M10_scale_n10_seed22,ok,9,2200,300,15.22183477663686,10.955466392452967,14.277885303686439,21.499506936044362,0.7950773117601133,1.4493032574653633,15.4169921570032,10.98083067912871,14.713175916237482,21.781606262957173,4.191490896152976,0.781143055763777,1.29097856283188,2.7815515995025635,0.13090909090909092,0.0,2.385335434017665,347,0.09863636363636363,2200,3.0,0.040927694406548434,9.0,24.175824175824175,143.50000269319958,-213.50000217183674,139.50000269319958
M10_scale,procedural,ours_dnq_dlc,23,10,/tmp/ours_ens/M10_scale_n10_seed23,ok,9,2200,300,16.00499949191955,11.32111967934622,16.306362952966193,22.53980916348156,0.924434926388295,1.8414264321327212,16.56189689392291,11.345338449727189,17.281987661495815,23.171363147252773,4.486137152967746,0.8711129738830707,1.7506874203681952,2.962515354156494,0.2159090909090909,0.0,2.8685238103275514,35,0.09181818181818181,2200,2.869090909090909,0.04456571168713051,9.0,22.22222222222222,209.99999877933578,-213.5000068647097,205.99999877933578
M10_scale,procedural,ours_dnq_dlc,24,10,/tmp/ours_ens/M10_scale_n10_seed24,ok,9,2200,300,16.10005602413454,11.064473031508632,16.38995284706337,23.057492698011433,0.8886874685014635,1.5934207797050477,16.34795728167568,11.094750881025941,17.06186403209022,23.112348327202916,4.631049202857829,0.8333997185234859,1.446195721626282,2.953122854232788,0.15227272727272728,0.0,3.869006221503047,0,0.14363636363636365,2200,3.0,0.07276034561164166,9.0,13.664596273291925,346.50000797602706,-213.50000457135093,342.50000797602706
M10_scale,procedural,ours_dnq_dlc,25,10,/tmp/ours_ens/M10_scale_n10_seed25,ok,9,2200,300,14.629066982394837,11.04226438487507,12.134089620744989,22.484207580799882,1.1188598121786,2.0103153944015504,15.304652115441135,11.168351252259752,12.377141967188372,23.079930390794903,4.552899385424219,1.0481208077754656,1.9360804200172426,2.7572500705718994,0.39045454545454544,0.0,2.7749182996776955,43,0.0659090909090909,2200,3.0,0.01682582992269213,9.0,57.89473684210526,391.9999946238438,-213.50000710439826,387.9999946238438
M10_scale,procedural,ours_dnq_dlc,26,10,/tmp/ours_ens/M10_scale_n10_seed26,ok,9,2200,300,13.50036244359383,10.866566201179106,11.918327560454983,18.561062218367223,1.3441086341989668,2.432408785820008,13.271255746332011,10.799946010075068,11.904748908593982,18.506829446764097,3.2199636768004285,1.3119961212034104,2.3942388534545898,2.9797260761260986,0.5104545454545455,0.0,2.740512996883582,45,0.11090909090909092,2200,2.952272727272727,0.05638926784902228,9.0,17.6,161.0000006428961,-224.00000434099275,157.0000006428961
M10_scale,procedural,ours_dnq_dlc,27,10,/tmp/ours_ens/M10_scale_n10_seed27,ok,9,2200,300,12.848878036255494,2.999356327794623,11.517925176922407,23.04130143050445,1.3047544975413965,3.7204328536987314,13.711379011555213,3.0078758338595004,12.092214337987233,23.314934101767044,7.048256677285335,1.1920477424013238,3.5307626724243173,5.637823104858398,0.2963636363636364,0.11636363636363636,3.141768326369459,408,0.03090909090909091,2200,2.1740909090909093,0.020009095043201454,7.0,48.888888888888886,76.99999916934917,-308.0000005398406,72.99999916934917
M10_scale,procedural,ours_dnq_dlc,28,10,/tmp/ours_ens/M10_scale_n10_seed28,ok,9,2200,300,14.766350358328047,10.669160691278732,13.712273149071304,20.341727080330585,0.9008052963549524,1.876430237293244,15.211813604033106,10.732777272222764,14.832771424749376,21.776422774420706,4.293980453753412,0.8497763737428051,1.7474822521209727,2.9321305751800537,0.21045454545454545,0.0,3.018584478066844,158,0.11272727272727273,2200,3.0,0.018644838562983174,9.0,52.38095238095238,241.49999634156165,-216.99999941616431,237.49999634156165
M10_scale,procedural,ours_dnq_dlc,29,10,/tmp/ours_ens/M10_scale_n10_seed29,ok,9,2200,300,17.686508845642017,11.63434985634114,18.41907823492069,22.949948215674233,0.7065545364503601,0.8464941203594207,17.346021310242094,11.456189490122298,18.141075810977085,22.904354862170965,4.095664161068459,0.706786893883466,0.8544079720973968,2.1662251949310303,0.045909090909090906,0.0,2.672444084247271,30,0.14681818181818182,2200,2.728181818181818,0.06775807185084129,9.0,14.666666666666666,318.5000033729725,-213.49999812251247,314.5000033729725
M10_scale,procedural,ours_dnq_dlc,30,10,/tmp/ours_ens/M10_scale_n10_seed30,ok,9,2200,300,13.582873821975015,3.5144580668474363,12.213876174247114,21.051255937327507,1.1656160405538916,2.9058250188827537,14.527263931116705,6.069172967640503,13.869786231075814,22.829825086553228,5.972489392930995,1.075071555496781,2.616892099380493,4.437455177307129,0.23272727272727273,0.07318181818181818,2.7542775601506904,339,0.06636363636363636,2200,3.0,0.053660754888585724,9.0,18.48739495798319,216.9999955510143,-213.5000026056814,212.9999955510143
M10_scale,procedural,ours_dnq_dlc,31,10,/tmp/ours_ens/M10_scale_n10_seed31,ok,9,2200,300,14.53698769411685,11.238543670991227,12.766995135498451,19.385324540654167,0.9845514222663386,1.6834259867668155,15.096070280245248,11.194383887382921,13.441256380467475,23.1221571383316,4.6415777538240794,0.892150263716308,1.6029357910156252,2.8692221641540527,0.2863636363636364,0.0,2.5057363000120576,65,0.11818181818181818,2200,3.0,0.061391541609822645,9.0,16.176470588235293,150.49999708755308,-224.00000232704633,146.49999708755308
M10_scale,procedural,ours_dnq_dlc,32,10,/tmp/ours_ens/M10_scale_n10_seed32,ok,9,2200,300,8.882693596607359,2.8430716924555024,5.6230897307817855,19.462286137389672,2.302034238467091,4.446279382705689,10.482972994420761,2.880512679548203,10.072387625414915,22.836323309267744,7.691116628345688,2.05802167405459,4.248935174942018,5.063808917999268,0.6013636363636363,0.42045454545454547,2.8718003334214113,1283,0.03318181818181818,2200,2.769090909090909,0.06639381537062301,8.0,14.965986394557824,105.00000771603368,-315.00001010089295,101.00000771603368
