experiment_id,track_id,algorithm,seed,num_agents,case_dir,target_agent,available,opponent,start_step,complete_step,approach_steps,alongside_steps,maneuver_steps,time_to_pass_steps,lead_max_maneuver,lead_min_maneuver,clear_steps,target_speed_approach,rival_speed_approach,speed_advantage_approach,target_speed_alongside,rival_speed_alongside,speed_advantage_alongside,rival_speed_drop,target_speed_hold,peak_abs_lat_maneuver,mean_abs_lat_maneuver,lateral_excursion_range,min_gap_rival_maneuver,min_gap_rival_window,min_gap_third_party_maneuver,guard_steps_window,guard_fraction_window,planner_bypassed_window,rival_admitted_fraction,rival_admitted_at_approach_start,grass_steps_maneuver,backward_steps_maneuver,heading_cos_min_maneuver
M10_scale,procedural,dlc_individual_transition,21,10,M10_scale_n10_seed21,9,True,0,810,908,53,45,99,98,7.00000622575476,-17.500008953273436,50,23.061932792688694,10.959945809834526,12.101986982854168,23.10291935560281,11.334370536302451,11.76854881930036,-0.37442472646792524,23.124966886880923,0.9490336179733276,0.9391912420590719,0.037039995193481445,4.729100353594664,4.729100353594664,7.861919410001452,0,0.0,0,nan,,0,0,0.9998527765274048
M10_scale,procedural,dlc_individual_transition,21,10,M10_scale_n10_seed21,9,True,1,863,969,61,45,107,106,6.999995590801063,-17.5000111569791,50,23.10805901947977,12.238400461467997,10.869658558011775,23.128580861328697,12.381925781183508,10.746655080145189,-0.1435253197155113,23.13326524745393,0.9490336179733276,0.940336782241536,0.04234796762466431,5.53840341560426,5.53840341560426,4.729100353594664,0,0.0,0,nan,,0,0,0.9996892809867859
M10_scale,procedural,dlc_individual_transition,21,10,M10_scale_n10_seed21,9,True,2,848,939,52,39,92,91,7.000001818347755,-17.499996498178007,50,23.095183934088308,11.081632599789913,12.013551334298395,23.122365913144723,11.262236668060078,11.860129245084645,-0.18060406827016529,23.13496488590868,0.9490336179733276,0.9454887269631677,0.007721126079559326,7.058260501915824,7.058260501915824,4.729100353594664,0,0.0,0,nan,,0,0,0.9999701380729675
M10_scale,procedural,dlc_individual_transition,21,10,M10_scale_n10_seed21,9,True,3,969,1098,72,57,130,129,7.000001818347755,-17.50000052202722,50,23.11470483285551,14.219269585873096,8.895435246982412,22.837066666564976,14.258512069181473,8.578554597383503,-0.03924248330837621,22.22771626035648,0.9066856503486633,0.8332652027790363,0.12833040952682495,5.311648876240271,5.311648876240271,7.0394322072394395,0,0.0,0,nan,,0,0,0.9996917843818665
M10_scale,procedural,dlc_individual_transition,21,10,M10_scale_n10_seed21,9,True,4,618,703,53,32,86,85,7.000000396546056,-17.499998977960786,50,21.212634395844095,10.067879194827523,11.144755201016572,21.9924702479466,8.48602870478835,13.50644154315825,1.581850490039173,22.76336057380661,0.6801899075508118,0.5997542537922083,0.15264296531677246,5.185939593181862,5.185939593181862,3.5783317387370768,0,0.0,0,nan,,0,0,0.9392602443695068
M10_scale,procedural,dlc_individual_transition,21,10,M10_scale_n10_seed21,9,True,5,618,703,42,43,86,85,7.000000396546056,-17.499998977960786,50,21.226918962154652,10.190022482155296,11.036896479999356,21.779024988454253,8.44157358275307,13.337451405701183,1.7484488994022254,22.76336057380661,0.6801899075508118,0.5997542537922083,0.15264296531677246,5.780307533673063,5.780307533673063,3.5783317387370768,0,0.0,0,nan,,0,0,0.9392602443695068
M10_scale,procedural,dlc_individual_transition,21,10,M10_scale_n10_seed21,9,True,6,456,718,134,128,263,262,6.99999328054264,-17.50000391295862,50,21.81153968602203,16.831329598969383,4.980210087052647,21.5866275196046,16.35106781618459,5.235559703420012,0.4802617827847939,22.829741908917477,0.7012813091278076,0.4072981593570895,0.6976976389996707,3.5783317387370768,3.5783317387370768,5.185939593181862,0,0.0,0,nan,,0,0,0.9392602443695068
M10_scale,procedural,dlc_individual_transition,21,10,M10_scale_n10_seed21,9,True,7,205,331,72,54,127,126,7.000010896681829,-17.499989156458355,50,21.377417111546173,11.80774278161973,9.569674329926443,20.338292060571714,11.747919455040618,8.590372605531096,0.059823326579111935,17.053464983504153,0.44377297163009644,0.3677712822054315,0.29673437774181366,3.287361800018323,3.287361800018323,24.86742774234622,0,0.0,0,nan,,0,0,0.9954756498336792
M10_scale,procedural,dlc_individual_transition,21,10,M10_scale_n10_seed21,9,True,8,1,77,1,75,77,76,7.0000004202833,-7.000000661987315,50,2.1912099977618293,2.1912101007798284,-1.0301799902023845e-07,17.17487676959305,10.032791935403369,7.142084834189683,-7.84158183462354,22.114858825910318,0.464899480342865,0.3987379449528533,0.18490749597549438,4.673514309709347,4.673514309709347,43.54434645161065,0,0.0,0,nan,,0,0,0.7816218733787537
M10_scale,procedural,dlc_joint_transition,21,10,M10_scale_n10_seed21,9,True,0,794,869,43,32,76,75,7.000004022049325,-17.500006749568,50,25.697074502630226,10.837880446595083,14.859194056035143,25.596077665814356,11.18467261676074,14.411405049053617,-0.34679217016565644,12.711727056971043,0.338329941034317,0.3018472386818183,0.058557599782943726,3.913914678613478,3.913914678613478,4.899447622900886,0,0.0,0,nan,,0,0,0.9998525381088257
M10_scale,procedural,dlc_joint_transition,21,10,M10_scale_n10_seed21,9,True,1,835,1543,567,141,709,708,6.999999883079909,-17.499996498178916,50,12.769852170525839,11.729332643735058,1.0405195267907814,14.439407589782613,11.654046447744546,2.7853611420380666,0.07528619599051112,14.223788712364106,0.9975297451019287,0.5837049960921951,0.7177574038505554,6.463969118477798,6.463969118477798,3.659571710030628,0,0.0,0,nan,,0,0,0.9614160060882568
M10_scale,procedural,dlc_joint_transition,21,10,M10_scale_n10_seed21,9,True,2,821,1482,258,403,662,661,6.999999739146233,-17.499996498178007,50,14.380620038595525,11.653568494600977,2.7270515439945484,12.529509589059378,11.644882904778543,0.8846266842808355,0.008685589822434281,14.372465427109846,0.940201997756958,0.5419786974022396,0.6604296565055847,3.659571710030628,3.659571710030628,3.913914678613478,0,0.0,0,nan,,0,0,0.9614160060882568
M10_scale,procedural,dlc_joint_transition,21,10,M10_scale_n10_seed21,9,True,4,660,705,28,17,46,45,7.000000396546056,-17.500002963627594,50,22.635824309956554,8.77388831961099,13.861935990345565,23.57026645958491,8.310653012012132,15.259613447572779,0.46323530759885756,25.74367536757758,0.7027872204780579,0.594522383549939,0.4356520175933838,14.199975385664372,14.199975385664372,3.07271884428305,0,0.0,0,nan,,0,0,0.8094345927238464
M10_scale,procedural,dlc_joint_transition,21,10,M10_scale_n10_seed21,9,True,5,652,705,36,17,54,53,7.000000396546056,-17.49999860715161,50,22.64854353838689,8.829901014678974,13.818642523707915,23.57026645958491,7.939227826559413,15.631038633025497,0.8906731881195613,25.74367536757758,0.7132166624069214,0.611429481042756,0.4460814595222473,15.231533152113203,15.231533152113203,3.07271884428305,0,0.0,0,nan,,0,0,0.8094345927238464
M10_scale,procedural,dlc_joint_transition,21,10,M10_scale_n10_seed21,9,True,6,591,726,96,39,136,135,7.000002920196948,-17.50000107919186,50,22.716070856399767,16.609956987537146,6.1061138688626215,24.685142323579278,15.90263768700791,8.782504636571367,0.7073193005292353,25.777572594706932,0.7383888959884644,0.6232326109619701,0.47641217708587646,3.07271884428305,3.07271884428305,14.199975385664372,0,0.0,0,nan,,0,0,0.8094345927238464
M10_scale,procedural,dlc_joint_transition,21,10,M10_scale_n10_seed21,9,True,7,261,437,89,87,177,176,7.000001590146326,-17.50000441512384,50,18.962012357281704,11.824132712724511,7.137879644557193,15.304674262624335,11.396935287553712,3.9077389750706235,0.4271974251707995,22.284498132184726,0.6715450286865234,0.5820784846604881,0.3846871554851532,3.3745072144263166,3.3745072144263166,28.863689883064485,0,0.0,0,nan,,0,0,0.838664710521698
M10_scale,procedural,dlc_joint_transition,21,10,M10_scale_n10_seed21,9,True,8,1,77,1,75,77,76,7.0000004202833,-7.000000661987315,50,2.1912099977618293,2.1912101007798284,-1.0301799902023845e-07,16.915587382070118,10.258586473741882,6.657000908328236,-8.067376372962054,18.02079211957716,0.464899480342865,0.27894689307197346,0.38859978318214417,3.294961989962514,3.294961989962514,44.61517739298583,0,0.0,0,nan,,0,0,0.851935625076294
M10_scale,procedural,dlc_joint_transition_observer,21,10,M10_scale_n10_seed21,9,True,8,1,411,1,409,411,410,6.999995638016344,-7.000000661987315,50,2.1912099977618293,2.1912101007798284,-1.0301799902023845e-07,11.892377057070968,10.999855606871515,0.8925214501994532,-8.808645506091686,12.084780243292313,0.6839194297790527,0.4159711205468223,0.6833928451524116,2.3940991993400647,2.3940991993400647,46.47576553454191,0,0.0,0,nan,,0,0,0.8158552646636963
M10_scale,procedural,rule_expert_gate,21,10,M10_scale_n10_seed21,9,True,4,661,728,26,41,68,67,7.000000396546056,-17.500002963627594,50,26.099213217559313,8.760112355855036,17.339100861704278,14.598836204306009,8.065769573431725,6.533066630874284,0.6943427824233108,13.587068444014516,0.5035789012908936,0.22047959405052311,0.49400544352829456,12.882574569937,12.282386527465118,5.093066741256839,0,0.0,0,nan,,0,0,0.058402467519044876
M10_scale,procedural,rule_expert_gate,21,10,M10_scale_n10_seed21,9,True,4,910,1014,3,101,105,104,6.999990465102428,-7.000004022049325,50,5.412837050897488,7.92772937989015,-2.514892328992662,6.730768039619838,8.17166710158157,-1.4408990619617308,-0.24393772169141936,5.24275759176624,2.767285108566284,2.13408495812189,1.4759161472320557,3.7037851680125247,3.6912671548811162,5.429262983993016,0,0.0,0,nan,,105,15,-0.9995832443237305
M10_scale,procedural,rule_expert_gate,21,10,M10_scale_n10_seed21,9,True,5,655,728,32,41,74,73,7.000000396546056,-17.49999860715161,50,26.14005288445858,8.751111458432169,17.388941426026413,14.598836204306009,7.745496507645395,6.853339696660614,1.0056149507867733,13.587068444014516,0.5035789012908936,0.21913458532779603,0.49400544352829456,13.541467537470771,13.541467537470771,5.093066741256839,0,0.0,0,nan,,0,0,0.058402467519044876
M10_scale,procedural,rule_expert_gate,21,10,M10_scale_n10_seed21,9,True,6,622,794,63,109,173,172,7.000002920196948,-17.500001551485866,50,26.171466061264333,16.71901102837411,9.452455032890224,14.638238905726798,11.877378095660678,2.76086081006612,4.841632932713431,15.435496454465953,2.059025526046753,0.68394344091157,2.049452068284154,3.687966073597701,3.687966073597701,12.282386527465118,0,0.0,0,nan,,51,0,-0.7092478275299072
M10_scale,procedural,rule_expert_gate,21,10,M10_scale_n10_seed21,9,True,7,158,397,62,177,240,239,7.000010927390576,-17.500004415123954,50,21.84668025793178,11.176099752939864,10.670580504991916,9.956377459576421,8.85329625713691,1.1030812024395118,2.3228034958029546,21.014186006644035,0.8764891028404236,0.47659802367707016,0.8751983438851312,3.9138779248166067,3.9138779248166067,23.80081938853528,0,0.0,0,nan,,0,0,0.4513503313064575
M10_scale,procedural,rule_expert_gate,21,10,M10_scale_n10_seed21,9,True,8,1,58,1,56,58,57,6.999999066630039,-7.000000661987315,50,2.191210191607675,2.1912101007798284,9.082784657721277e-08,20.440264432926938,9.954679519343484,10.485584913583454,-7.7634694185636555,21.012640900277734,0.5086493492126465,0.43760447049963064,0.1168799102306366,5.481407879896007,5.481407879896007,40.48062650439804,0,0.0,0,nan,,0,0,0.9779989719390869
M10_scale,procedural,dlc_individual_transition,22,10,M10_scale_n10_seed22,9,True,5,694,810,65,51,117,116,6.999991401463376,-17.500002644386313,50,21.40028316557499,12.69061294816573,8.70967021740926,21.995570349215075,12.445750838364338,9.549819510850737,0.24486210980139234,13.55944190067116,0.6035940647125244,0.45176443355715173,0.24673056602478027,3.5540076669831975,3.5540076669831975,3.978592811432763,0,0.0,0,nan,,0,0,0.8752976655960083
M10_scale,procedural,dlc_individual_transition,22,10,M10_scale_n10_seed22,9,True,6,504,715,124,87,212,211,6.9999936969204555,-17.500000460846763,50,21.30764901488297,16.855001387661773,4.452647627221197,19.829168111566922,16.245098090701916,3.5840700208650063,0.6099032969598568,22.282894485570033,0.629745602607727,0.5697613847705553,0.2585168182849884,3.978592811432763,3.978592811432763,13.99354490536719,0,0.0,0,nan,,0,0,0.8752976655960083
M10_scale,procedural,dlc_individual_transition,22,10,M10_scale_n10_seed22,9,True,7,248,409,72,89,162,161,6.999994343443177,-17.499998269105504,50,20.720145433702676,11.759930477891821,8.960214955810855,15.303113430463572,11.506379934945082,3.79673349551849,0.25355054294673884,20.648819865679183,0.489214688539505,0.42241886386900773,0.12430685758590698,3.0211006178240973,3.0211006178240973,20.99428788848133,0,0.0,0,nan,,0,0,0.8969082832336426
M10_scale,procedural,dlc_joint_transition,22,10,M10_scale_n10_seed22,9,True,0,1712,1859,80,67,148,147,7.000000379202902,-17.500004422590337,50,20.730036227622513,11.037560471191517,9.692475756430996,20.67447302743653,11.790660683644528,8.883812343792002,-0.7531002124530115,20.449547886761458,0.7091891169548035,0.6635604770602407,0.09627026319503784,3.8226083840235967,3.8226083840235967,11.599674518158894,0,0.0,0,nan,,0,0,0.9795989990234375
M10_scale,procedural,dlc_joint_transition,22,10,M10_scale_n10_seed22,9,True,1,1893,2005,88,24,113,112,6.999995226379042,-17.500001721783747,50,19.873572870629445,12.2941873923728,7.579385478256645,19.373584183872254,10.969189936148924,8.40439424772333,1.3249974562238762,21.511789666009008,0.811465322971344,0.7374036586390132,0.16212832927703857,5.241007188988521,5.241007188988521,11.239227773552242,0,0.0,0,nan,,0,0,0.9163594841957092
M10_scale,procedural,dlc_joint_transition,22,10,M10_scale_n10_seed22,9,True,2,752,972,143,77,221,220,7.0000046200818815,-17.50000494089545,50,13.765541650627778,10.113811694973784,3.6517299556539946,6.586422745081799,5.678094741784843,0.9083280032969556,4.43571695318894,12.268179679124128,1.0644822120666504,0.7727233586807596,0.5049120783805847,7.125659001382844,7.125659001382844,2.7109793222581864,0,0.0,0,nan,,33,0,0.9489340782165527
M10_scale,procedural,dlc_joint_transition,22,10,M10_scale_n10_seed22,9,True,3,735,987,155,97,253,252,7.0000046200818815,-17.50000494089545,50,14.734980740593953,10.98662962924523,3.748351111348722,7.565428715836928,7.72010156008747,-0.15467284425054206,3.2665280691577605,12.793039954458928,1.0644822120666504,0.7733170260553774,0.5049120783805847,4.924108752222366,4.924108752222366,2.7109793222581864,0,0.0,0,nan,,37,0,0.9489340782165527
M10_scale,procedural,dlc_joint_transition,22,10,M10_scale_n10_seed22,9,True,4,711,948,74,163,238,237,7.0000046200818815,-17.50000494089545,50,20.89205971559129,12.703875873355178,8.188183842236112,9.90501549847482,10.418218625379193,-0.513203126904374,2.285657247975985,10.243120573886763,1.0644822120666504,0.712618480960862,0.596155196428299,2.7109793222581864,2.7109793222581864,4.924108752222366,0,0.0,0,nan,,33,0,0.9071638584136963
M10_scale,procedural,dlc_joint_transition,22,10,M10_scale_n10_seed22,9,True,5,693,1670,742,235,978,977,6.999995445816694,-17.50000684646443,50,14.155299788957636,14.010247890789795,0.14505189816784103,14.384981202451769,12.821606178229032,1.5633750242227364,1.188641712560763,20.60661876445072,1.0644822120666504,0.8944391638710942,0.596155196428299,5.097806636968882,5.097806636968882,2.7109793222581864,0,0.0,0,nan,,85,0,0.8007026314735413
M10_scale,procedural,dlc_joint_transition,22,10,M10_scale_n10_seed22,9,True,6,477,704,152,75,228,227,6.999997676149974,-17.50000046086234,50,20.909482856725887,16.832273945443646,4.077208911282241,19.67842367101868,16.322469422118733,3.3559542488999483,0.5098045233249131,21.448821846239564,0.88154137134552,0.7437034445373636,0.36421066522598267,5.6496037744921095,5.6496037744921095,14.738071748482747,0,0.0,0,nan,,0,0,0.8007026314735413
M10_scale,procedural,dlc_joint_transition,22,10,M10_scale_n10_seed22,9,True,6,945,1637,637,55,693,692,7.000005900107908,-14.000002630858035,50,13.805589773734733,14.210138296593003,-0.4045485228582706,16.861638541493022,14.329591931142271,2.5320466103507506,-0.11945363454926827,20.502546876564637,1.012586236000061,0.9695268975191819,0.2846934199333191,6.917430818622167,6.917430818622167,5.722817829731726,0,0.0,0,nan,,52,0,0.8498327136039734
M10_scale,procedural,dlc_joint_transition,22,10,M10_scale_n10_seed22,9,True,7,222,404,75,107,183,182,6.999994343443177,-17.499998269105504,50,20.687979508233887,11.724580420661406,8.963399087572482,15.12542586958486,11.601870223948401,3.523555645636458,0.12271019671300465,20.284824328491396,0.6739663481712341,0.598048333424688,0.2718384861946106,4.0031634330280115,4.0031634330280115,19.527963042187867,0,0.0,0,nan,,0,0,0.8564817905426025
M10_scale,procedural,dlc_joint_transition_observer,22,10,M10_scale_n10_seed22,9,True,0,950,1090,83,57,141,140,6.9999978725165874,-17.50000303532829,50,20.166697928056035,11.946291041298227,8.220406886757807,18.899642890750325,11.813748265021609,7.0858946257287165,0.13254277627661892,17.956688275558776,0.7610625624656677,0.6463609866216673,0.2704043686389923,4.643768208628247,4.643768208628247,14.894870404297436,0,0.0,0,nan,,0,0,0.996900737285614
M10_scale,procedural,dlc_joint_transition_observer,22,10,M10_scale_n10_seed22,9,True,1,1054,1271,123,94,218,217,6.999999934999323,-17.500003784444175,50,18.0037833778705,12.66458879802602,5.339194579844481,17.222786077866072,12.67432764441122,4.548458433454853,-0.00973884638519884,17.961548023730263,1.6608150005340576,1.0642567881203573,0.9805677533149719,8.410469502433614,8.410469502433614,4.643768208628247,0,0.0,0,nan,,97,0,0.9282582402229309
M10_scale,procedural,dlc_joint_transition_observer,22,10,M10_scale_n10_seed22,9,True,2,594,733,124,15,140,139,7.0000046200818815,-17.50000261642026,50,12.966953867474613,8.14187133086606,4.825082536608553,25.330512223268354,4.340820613413614,20.989691609854738,3.801050717452446,24.184112248483483,1.2171417474746704,0.4207143818360886,1.2137244557961822,10.1958897850713,10.024008371221186,3.2113809599124297,0,0.0,0,nan,,19,0,0.5397042632102966
M10_scale,procedural,dlc_joint_transition_observer,22,10,M10_scale_n10_seed22,9,True,3,573,749,136,40,177,176,6.999991401463376,-17.500003762424285,50,13.012367266770344,8.760316911862146,4.252050354908198,24.116357400749216,10.221551174127566,13.89480622662165,-1.4612342622654193,23.952984582610014,1.2171417474746704,0.43398640306382363,1.2137244557961822,5.3122456023601075,5.3122456023601075,3.2113809599124297,0,0.0,0,nan,,21,0,0.5397042632102966
M10_scale,procedural,dlc_joint_transition_observer,22,10,M10_scale_n10_seed22,9,True,4,443,725,159,123,283,282,6.999991401463376,-17.500000460863248,50,18.647615970046715,14.722678966820675,3.9249370032260398,14.076420315056234,12.101098764962568,1.9753215500936658,2.621580201858107,24.332950201498154,1.2171417474746704,0.49782981893027944,1.2137244557961822,3.2113809599124297,3.2113809599124297,3.013890804381932,0,0.0,0,nan,,34,0,0.5397042632102966
M10_scale,procedural,dlc_joint_transition_observer,22,10,M10_scale_n10_seed22,9,True,5,373,573,125,75,201,200,7.000000816834017,-17.50000046086234,50,19.395537672205077,14.023006004537093,5.3725316676679835,19.83065593303502,13.73712663132505,6.093529301709967,0.28587937321204215,14.825812675737103,1.798235535621643,0.8681653306555392,1.4804116487503052,3.013890804381932,3.013890804381932,6.3107933564815415,0,0.0,0,nan,,93,0,0.7998900413513184
M10_scale,procedural,dlc_joint_transition_observer,22,10,M10_scale_n10_seed22,9,True,7,247,340,90,3,94,93,45.499996017169906,-17.499998269105504,50,19.681923262086496,11.811795774270475,7.870127487816021,19.60580072129071,12.12787766564651,7.477923055644199,-0.3160818913760348,19.336187265243737,3.3974430561065674,2.3951222909257766,1.952437162399292,19.003925398336257,19.003925398336257,27.64344245405385,0,0.0,0,nan,,94,0,0.07796470820903778
M10_scale,procedural,rule_expert_gate,22,10,M10_scale_n10_seed22,9,True,2,774,823,31,18,50,49,7.0000046200818815,-17.50000494089545,50,21.577347880837333,5.581312976623469,15.996034904213865,23.865283605904978,7.801847130835238,16.06343647506974,-2.2205341542117694,19.396469706974813,1.9742927551269531,1.5977903759479524,1.0971645712852478,9.109375211268247,7.909363005933222,7.763238141750559,0,0.0,0,nan,,47,0,0.2203022986650467
M10_scale,procedural,rule_expert_gate,22,10,M10_scale_n10_seed22,9,True,4,498,1428,561,369,931,930,6.99999672560034,-17.50000409702602,50,16.343343652841565,13.647621528522729,2.695722124318836,15.369880920767129,13.68650572782662,1.6833751929405079,-0.038884199303891975,19.449819016864833,2.436795234680176,0.3502269055417746,2.435541442479007,2.578048649676959,2.578048649676959,3.889832903876546,0,0.0,0,nan,,80,0,0.008940368890762329
M10_scale,procedural,rule_expert_gate,22,10,M10_scale_n10_seed22,9,True,5,469,767,112,186,299,298,7.0000046200818815,-17.50000046086234,50,20.769329819294395,13.32644219649397,7.442887622800425,14.19328573309985,11.77356941926362,2.419716313836231,1.55287277723035,21.65476110518095,0.5244635939598083,0.241237065825303,0.5232098017586395,3.889832903876546,3.889832903876546,9.387913339810844,0,0.0,0,nan,,0,0,0.008940368890762329
M10_scale,procedural,rule_expert_gate,22,10,M10_scale_n10_seed22,9,True,6,183,359,72,104,177,176,6.999996081899781,-17.499998269105504,50,25.898887982184153,16.85505102638519,9.043836955798962,16.529439088750337,13.995870518875195,2.5335685698751416,2.859180507509995,23.10156979148168,0.5008944272994995,0.31629416211850225,0.4878351427614689,3.845189607544995,3.845189607544995,3.061905641593481,0,0.0,0,nan,,0,0,0.5667043924331665
M10_scale,procedural,rule_expert_gate,22,10,M10_scale_n10_seed22,9,True,6,1488,1679,36,155,192,191,7.000005172274996,-7.000000676880518,50,18.36435035337435,16.17883457842919,2.1855157749451593,13.81875923489003,12.34665794914133,1.4721012857486997,3.8321766292878596,14.307841642504721,2.3498919010162354,0.8761075725111974,2.3471865139435977,3.6138862325747523,3.6138862325747523,12.032245800941903,0,0.0,0,nan,,71,4,-0.9462836980819702
M10_scale,procedural,rule_expert_gate,22,10,M10_scale_n10_seed22,9,True,7,144,222,44,34,79,78,7.000003304151278,-17.50000253344433,50,26.925277134748956,11.485382868448005,15.439894266300952,27.110549240284946,11.740542311366488,15.370006928918459,-0.25515944291848314,23.321968846759617,0.3412272036075592,0.3127337166025669,0.0764491856098175,3.061905641593481,3.061905641593481,10.405319854103825,0,0.0,0,nan,,0,0,0.9996467232704163
M10_scale,procedural,dlc_individual_transition,23,10,M10_scale_n10_seed23,9,True,0,1020,1115,54,41,96,95,7.000000394151243,-17.500002734498707,50,23.815106335602486,11.91206527209395,11.903041063508537,23.798465224497395,11.933990387875168,11.864474836622227,-0.021925115781218807,23.763310615303734,0.9234974980354309,0.9156021991123756,0.0258292555809021,6.0887527734834945,6.0887527734834945,8.104971842428274,0,0.0,0,nan,,0,0,0.9998993277549744
M10_scale,procedural,dlc_individual_transition,23,10,M10_scale_n10_seed23,9,True,1,1100,1220,58,62,121,120,6.999999810148324,-17.500002734497116,50,23.775998260790807,12.638849563584667,11.13714869720614,23.5566322499385,12.16855172771105,11.38808052222745,0.47029783587361784,23.39776514995198,0.91167151927948,0.8821210506533789,0.08432936668395996,5.402084809550067,5.402084809550067,6.130207153353716,0,0.0,0,nan,,0,0,0.9820512533187866
M10_scale,procedural,dlc_individual_transition,23,10,M10_scale_n10_seed23,9,True,2,520,611,50,41,92,91,7.000000496386747,-17.500002189157158,50,23.176138652508488,10.612273212374191,12.563865440134297,23.030912705153778,11.104208290889622,11.926704414264156,-0.4919350785154304,22.883274147278648,0.7015277743339539,0.5043009347889734,0.39989763498306274,8.38053669127512,8.38053669127512,5.654314954810227,0,0.0,0,nan,,0,0,0.9964380860328674
M10_scale,procedural,dlc_individual_transition,23,10,M10_scale_n10_seed23,9,True,3,895,1012,70,47,118,117,7.000006648125009,-17.5000063416976,50,23.778348710326803,14.25971264483382,9.518636065492982,23.787479757213976,14.234779785073938,9.552699972140038,0.024932859759882575,23.813951866426315,0.9348676204681396,0.9032056412454379,0.07103830575942993,6.214616724072951,6.214616724072951,11.674850230695153,0,0.0,0,nan,,0,0,0.9999251961708069
M10_scale,procedural,dlc_individual_transition,23,10,M10_scale_n10_seed23,9,True,4,732,858,74,52,127,126,7.000005643124268,-17.500011065188573,50,23.706207571399393,14.857172659855564,8.849034911543828,23.71588821958756,14.919838850389826,8.796049369197732,-0.06266619053426226,23.757159605209598,0.9197343587875366,0.9066955170293493,0.03895068168640137,5.714219740197191,5.714219740197191,5.614683800799925,0,0.0,0,nan,,0,0,0.9997581839561462
M10_scale,procedural,dlc_individual_transition,23,10,M10_scale_n10_seed23,9,True,5,649,791,96,46,143,142,6.999991607243828,-17.500000839941094,50,23.04354165365348,13.161365009944879,9.882176643708602,23.705626662924992,13.679672318472198,10.025954344452794,-0.5183073085273193,23.713029175005214,0.9197343587875366,0.8337238355950042,0.26532018184661865,5.614683800799925,5.614683800799925,5.0588031080952165,0,0.0,0,nan,,0,0,0.9429489970207214
M10_scale,procedural,dlc_individual_transition,23,10,M10_scale_n10_seed23,9,True,6,504,672,91,77,169,168,7.000000022291715,-17.500002189157158,50,23.134858206418993,16.773860246157515,6.360997960261479,22.878807927009515,16.88134348684093,5.997464440168585,-0.10748324068341475,22.902454127214835,0.7545878887176514,0.5623163490958468,0.5402260571718216,4.9636969102096,4.9636969102096,8.38053669127512,0,0.0,0,nan,,0,0,0.9913738965988159
M10_scale,procedural,dlc_individual_transition,23,10,M10_scale_n10_seed23,9,True,7,252,400,71,77,149,148,6.999997871942924,-17.500006656276128,50,21.250069539181897,11.771618425731901,9.478451113449996,16.321927225127563,11.361474231745673,4.960452993381891,0.4101441939862287,20.913962564460608,0.4553382992744446,0.34676157588126677,0.31713148951530457,2.889087774774859,2.889087774774859,21.677126695589227,0,0.0,0,nan,,0,0,0.8741735816001892
M10_scale,procedural,dlc_joint_transition,23,10,M10_scale_n10_seed23,9,True,0,1799,1844,30,15,46,45,7.000000703655473,-17.499996325796133,50,15.628809929920317,7.765182743265837,7.8636271866544805,26.46965001526585,7.16351202774753,19.30613798751832,0.6016707155183063,28.773130235625974,0.9983193278312683,0.7465062462117361,0.7902830839157104,20.591469332406014,20.591469332406014,5.512008195085281,0,0.0,0,nan,,1,0,0.7729504108428955
M10_scale,procedural,dlc_joint_transition,23,10,M10_scale_n10_seed23,9,True,1,1893,1967,44,30,75,74,7.000002934336294,-17.5000029910276,50,28.849026624445127,12.526401279786912,16.322625344658213,28.81129141849365,12.332765470882812,16.478525947610837,0.1936358089040997,28.64226444187328,1.0189744234085083,0.7214774851004283,0.6263310015201569,5.709669406405858,5.709669406405858,33.59501240565939,0,0.0,0,nan,,8,0,0.99250328540802
M10_scale,procedural,dlc_joint_transition,23,10,M10_scale_n10_seed23,9,True,2,486,569,45,38,84,83,6.9999986000068475,-17.500002189157158,50,23.686729065661915,9.240917082251409,14.445811983410506,22.77007370670366,10.723571896931444,12.046501809772215,-1.4826548146800356,17.374762700169487,0.46781104803085327,0.4243937911731856,0.060153424739837646,3.4052450309479463,3.4052450309479463,2.93059280332748,0,0.0,0,nan,,0,0,0.9817978739738464
M10_scale,procedural,dlc_joint_transition,23,10,M10_scale_n10_seed23,9,True,3,1787,1844,42,15,58,57,7.00000070365445,-17.500001265365427,50,15.302403678226128,8.169897962352639,7.132505715873489,26.46965001526585,7.24823119410408,19.22141882116177,0.9216667682485591,28.773130235625974,1.011133074760437,0.7989370429824139,0.8030968308448792,15.715193093831163,15.715193093831163,5.512008195085281,0,0.0,0,nan,,8,0,0.7729504108428955
M10_scale,procedural,dlc_joint_transition,23,10,M10_scale_n10_seed23,9,True,4,1787,1844,42,15,58,57,7.00000070365445,-17.500001265365427,50,15.302403678226128,8.28084076126038,7.021562916965747,26.46965001526585,7.360397843676614,19.109252171589233,0.9204429175837667,28.773130235625974,1.011133074760437,0.7989370429824139,0.8030968308448792,10.931613740356877,10.931613740356877,5.512008195085281,0,0.0,0,nan,,8,0,0.7729504108428955
M10_scale,procedural,dlc_joint_transition,23,10,M10_scale_n10_seed23,9,True,5,717,1824,767,340,1108,1107,7.0000000623724645,-17.500007082275943,50,14.675621978638242,14.215342583579558,0.4602793950586843,15.515788825750876,14.181289479325223,1.3344993464256536,0.034053104254335054,27.204101218993806,1.011133074760437,0.9210792380496052,0.5216869711875916,5.187014925337784,5.187014925337784,4.464052923673052,0,0.0,0,nan,,76,0,0.8369371891021729
M10_scale,procedural,dlc_joint_transition,23,10,M10_scale_n10_seed23,9,True,6,435,1607,93,1079,1173,1172,7.000001726792561,-17.499999346876848,50,22.86729725761552,16.592565803369055,6.274731454246464,15.069162777701099,15.145688868319477,-0.076526090618378,1.4468769350495787,15.925045953899133,1.005384087562561,0.8254025905994097,0.6609230041503906,2.93059280332748,2.93059280332748,3.4052450309479463,0,0.0,0,nan,,62,0,0.8688773512840271
M10_scale,procedural,dlc_joint_transition,23,10,M10_scale_n10_seed23,9,True,7,249,391,71,71,143,142,6.999997871942924,-17.500006656276128,50,20.956988506028203,11.748831378290435,9.208157127737769,16.25446063792925,11.776588032553438,4.477872605375811,-0.027756654263003,20.052410268393213,0.8813971281051636,0.8128951325283184,0.11920386552810669,5.871840442420496,5.871840442420496,18.17688326424747,0,0.0,0,nan,,0,0,0.8458071351051331
M10_scale,procedural,dlc_joint_transition_observer,23,10,M10_scale_n10_seed23,9,True,2,343,452,72,37,110,109,7.0000023927668735,-17.49999872768069,50,19.074906929662546,8.115987515912703,10.958919413749843,19.116325191264004,8.004396012751483,11.11192917851252,0.11159150316122002,19.120809176897428,3.468445301055908,1.660911238193512,2.375140428543091,6.885359232647955,6.885359232647955,14.312343542648016,0,0.0,0,nan,,110,0,0.021908720955252647
M10_scale,procedural,dlc_joint_transition_observer,23,10,M10_scale_n10_seed23,9,True,3,1509,1693,106,78,185,184,7.000002620923624,-17.500003566856094,50,16.24226546173942,11.937883271713218,4.304382190026203,17.59980250573886,12.657330753360103,4.942471752378758,-0.7194474816468848,17.821010904277127,1.0409719944000244,0.6661402842483005,0.8206294775009155,5.950754797985379,5.950754797985379,5.069047830822584,0,0.0,0,nan,,9,0,0.9396955966949463
M10_scale,procedural,dlc_joint_transition_observer,23,10,M10_scale_n10_seed23,9,True,4,475,1645,553,617,1171,1170,7.000000967170081,-17.50000029277703,50,16.182471670206557,14.93559746619469,1.246874204011867,15.522161918694508,15.058207062690913,0.46395485600359443,-0.12260959649622372,17.522576658584438,1.0641931295394897,0.28437384080112105,1.064142764909775,4.983800045338973,4.983800045338973,2.669606146571753,0,0.0,0,nan,,48,0,0.7595418095588684
M10_scale,procedural,dlc_joint_transition_observer,23,10,M10_scale_n10_seed23,9,True,5,411,617,105,101,207,206,7.000000022291715,-17.500002189157158,50,19.113678524555358,13.703935778432905,5.409742746122452,18.57829495487969,13.731894865817948,4.846400089061744,-0.02795908738504238,17.520117879635052,1.2022907733917236,0.7886808643450484,1.0042739808559418,2.669606146571753,2.669606146571753,6.885359232647955,0,0.0,0,nan,,103,0,0.9086575508117676
M10_scale,procedural,dlc_joint_transition_observer,23,10,M10_scale_n10_seed23,9,True,7,250,343,93,0,94,93,45.50001219904186,-17.500006656276128,50,19.456804383738106,11.821197663059088,7.635606720679018,19.456276193478043,11.815404031566544,7.640872161911499,0.005793631492544193,19.067473599059653,3.489255428314209,2.6620518108631703,1.7098356485366821,21.50555907631797,21.50555907631797,13.315651162870438,0,0.0,0,nan,,94,0,0.054934773594141006
M10_scale,procedural,ppo_continuous,23,10,M10_scale_n10_seed23,9,True,0,856,906,33,17,51,50,7.0000066481258045,-17.499999323760335,50,44.09436890163101,12.026836542548681,32.06753235908233,43.78385019861331,12.180193669014017,31.60365652959929,-0.15335712646533572,40.58001601486038,8.674195289611816,6.518949031829834,3.264538288116455,36.141848566215764,36.141848566215764,37.985332682578886,0,0.0,0,nan,,51,0,0.3746599555015564
M10_scale,procedural,rule_expert_gate,23,10,M10_scale_n10_seed23,9,True,7,778,806,28,0,29,28,21.000003810672865,-14.000008145694324,50,11.064547373112086,11.044781551878623,0.019765821233463043,11.074317342100853,11.066299983936984,0.008017358163868948,-0.021518432058361014,12.444310047731866,2.589216470718384,2.2846567055274702,0.45666980743408203,19.45731063327432,19.45731063327432,26.071718163940645,0,0.0,0,nan,,29,23,-0.9998593330383301
M10_scale,procedural,dlc_individual_transition,24,10,M10_scale_n10_seed24,9,True,6,829,926,43,54,98,97,7.000003604693234,-10.49999824287056,50,9.209374734187373,14.870391842445553,-5.66101710825818,19.64505951762734,14.057120689294566,5.587938828332776,0.8132711531509873,30.2225323641986,1.0283262729644775,0.7401675057730505,1.0058912262320518,2.950567151732212,2.950567151732212,16.271711942865757,0,0.0,0,nan,,4,0,0.46666353940963745
M10_scale,procedural,dlc_individual_transition,24,10,M10_scale_n10_seed24,9,True,7,154,483,43,286,330,329,105.00000554604026,-17.500001185129577,50,21.384393720208767,7.807156161787347,13.57723755842142,7.0155728695527015,7.3412798933651064,-0.3257070238124049,0.4658762684222406,4.600280139593352,3.11295223236084,1.4157021647149866,2.8943035155534744,3.0653213300965434,3.0653213300965434,4.508576622999159,0,0.0,0,nan,,199,0,0.4897103011608124
M10_scale,procedural,dlc_individual_transition,24,10,M10_scale_n10_seed24,9,True,7,926,1000,44,30,75,74,6.999997572275674,-17.500002339333037,50,31.041923411528092,6.531502276496957,24.510421135031137,24.043032016772127,8.16793100315896,15.875101013613167,-1.636428726662004,23.647924681466193,1.6047765016555786,1.1027130066851776,1.570423860102892,4.157715718942442,4.157715718942442,6.626093162601407,0,0.0,0,nan,,44,0,-0.10093506425619125
M10_scale,procedural,dlc_joint_transition,24,10,M10_scale_n10_seed24,9,True,2,1303,1420,66,51,118,117,6.999999321784344,-17.500005870670748,50,19.3780019959004,9.720191054954562,9.65781094094584,19.539053329195287,9.785288828311034,9.753764500884254,-0.06509777335647193,19.177577227934655,0.8699766993522644,0.6659273714837382,0.4336145520210266,9.919022025512115,9.919022025512115,5.530067440537334,0,0.0,0,nan,,0,0,0.9885481595993042
M10_scale,procedural,dlc_joint_transition,24,10,M10_scale_n10_seed24,9,True,6,1275,1393,76,42,119,118,6.999999321782298,-17.500005870670748,50,19.22522177122303,10.836110678884106,8.389111092338924,19.65213516041033,9.431452745247743,10.220682415162589,1.4046579336363632,19.319927811738175,0.7504327297210693,0.5648628708695164,0.3981111943721771,5.530067440537334,5.530067440537334,9.941643389218946,0,0.0,0,nan,,0,0,0.9885481595993042
M10_scale,procedural,dlc_joint_transition,24,10,M10_scale_n10_seed24,9,True,7,192,283,32,59,92,91,6.999995887660248,-17.499999479256985,50,19.661549088612436,7.751847130867461,11.909701957744975,8.708615041961744,6.8630178512234385,1.8455971907383057,0.888829279644022,11.646773424265126,0.5954198241233826,0.42533431396536203,0.3092249929904938,3.8321475508963783,3.8321475508963783,6.018316499000686,0,0.0,0,nan,,0,0,0.8675487041473389
M10_scale,procedural,dlc_joint_transition_observer,24,10,M10_scale_n10_seed24,9,True,0,1059,1184,70,55,126,125,6.999999321784344,-17.500005625715062,50,21.106275386361514,12.047543349383748,9.058732036977766,21.009260666832354,11.875944795206541,9.133315871625813,0.1715985541772067,20.96176386031768,2.9532904624938965,2.7812077431451705,0.598534345626831,18.194853368346845,18.194853368346845,20.750396434954844,0,0.0,0,nan,,126,0,0.987675130367279
M10_scale,procedural,dlc_joint_transition_observer,24,10,M10_scale_n10_seed24,9,True,1,1051,1176,70,55,126,125,6.999991755568999,-17.500005625715062,50,21.116068937416564,12.020984467850518,9.095084469566046,21.018738347377845,11.928125522743262,9.090612824634583,0.09285894510725612,20.96974442820984,2.9532904624938965,2.7435204339405845,0.6778459548950195,20.750396434954844,20.750396434954844,18.194853368346845,0,0.0,0,nan,,126,0,0.986721932888031
M10_scale,procedural,dlc_joint_transition_observer,24,10,M10_scale_n10_seed24,9,True,2,837,897,30,30,61,60,6.999999875190724,-17.499997338073626,50,20.46283758063904,6.131982607462468,14.33085497317657,21.00455721053782,7.569215482133024,13.435341728404794,-1.4372328746705563,21.03892554708182,0.655164361000061,0.3775913260083218,0.6337573733180761,13.448302885349332,13.448302885349332,13.352499277720195,0,0.0,0,nan,,0,0,0.8443907499313354
M10_scale,procedural,dlc_joint_transition_observer,24,10,M10_scale_n10_seed24,9,True,3,837,905,37,31,69,68,7.000002074550139,-17.500000291254537,50,20.440264667565142,8.978553838343037,11.461710829222104,21.180239205153054,10.599450991065149,10.580788214087905,-1.6208971527221117,21.065438267488343,0.655164361000061,0.33458019606769085,0.653259381884709,13.352499277720195,13.352499277720195,13.448302885349332,0,0.0,0,nan,,0,0,0.8443907499313354
M10_scale,procedural,dlc_joint_transition_observer,24,10,M10_scale_n10_seed24,9,True,4,472,689,104,113,218,217,6.999993076970441,-17.500005151197,50,18.22201273466613,12.350232672039615,5.871780062626515,14.22643178871135,10.875511289404322,3.350920499307028,1.474721382635293,19.09292434549998,0.6419609189033508,0.5405315903075244,0.14267203211784363,5.277865384270754,5.277865384270754,5.180990918583773,0,0.0,0,nan,,0,0,0.9859632253646851
M10_scale,procedural,dlc_joint_transition_observer,24,10,M10_scale_n10_seed24,9,True,5,459,667,98,110,209,208,7.000007939239367,-17.500005151197,50,19.335901666759735,12.28445496032245,7.051446706437286,13.857826859554233,10.262095276339727,3.5957315832145067,2.0223596839827227,17.27834020783455,0.6515416502952576,0.5502298782316691,0.14901214838027954,5.180990918583773,5.180990918583773,5.277865384270754,0,0.0,0,nan,,0,0,0.9859632253646851
M10_scale,procedural,rule_expert_gate,24,10,M10_scale_n10_seed24,9,True,7,117,315,158,40,199,198,6.999994577296889,-17.499999251929466,50,13.982558787564967,8.780743321103927,5.20181546646104,11.776526031295102,6.515478120821621,5.261047910473481,2.2652652002823057,15.259265443876208,1.3045915365219116,0.5595194556605276,1.1699204742908478,3.6767843189303586,3.6767843189303586,3.386435517597146,0,0.0,0,nan,,29,0,0.08068829774856567
M10_scale,procedural,sac_continuous,24,10,M10_scale_n10_seed24,9,True,8,793,2016,4,1219,1224,1223,73.50000390566879,-7.000001023701429,50,2.389087326020837,3.2947647418166204,-0.9056774157957834,2.064420452361893,2.3604750921971664,-0.29605463983527347,0.9342896496194539,1.848421654868735,2.621730089187622,1.3703389488696274,2.455758661031723,3.3842459262054456,3.3812853759068835,103.24989497984664,0,0.0,0,nan,,864,318,-0.9999999403953552
M10_scale,procedural,td3_continuous,24,10,M10_scale_n10_seed24,9,True,8,781,1272,26,465,492,491,101.50000449998379,-7.000001023701429,50,1.7045788879004629,6.2813402755902485,-4.5767613876897855,1.7153429560280327,2.063611063959459,-0.34826810793142626,4.21772921163079,1.3832004795360715,3.229158639907837,2.2399632235368094,2.034899592399597,3.426879193757004,3.426879193757004,95.19988552156273,0,0.0,0,nan,,492,359,-0.9515453577041626
M10_scale,procedural,dlc_individual_transition,25,10,M10_scale_n10_seed25,9,True,0,1917,2066,40,109,150,149,7.0000006534021395,-17.499999622657242,50,21.64811257003276,7.35772029088065,14.290392279152112,9.523017321132631,6.209109756126623,3.3139075650060077,1.1486105347540265,5.985652444669483,1.2457162141799927,1.0035906235376995,0.5522793531417847,6.264433665118507,6.264433665118507,3.632485254743544,0,0.0,0,nan,,84,0,0.7995479106903076
M10_scale,procedural,dlc_individual_transition,25,10,M10_scale_n10_seed25,9,True,2,509,564,27,28,56,55,6.9999995703109334,-17.50000345495812,50,22.70074424283354,6.02528919829935,16.67545504453419,22.35974482414115,6.140041115105632,16.219703709035517,-0.1147519168062816,16.207083771637308,0.13221192359924316,0.09619908181152173,0.10781191848218441,29.167861846884325,29.127267279168493,7.173206555450762,0,0.0,0,nan,,0,0,0.9938539862632751
M10_scale,procedural,dlc_individual_transition,25,10,M10_scale_n10_seed25,9,True,3,502,564,34,28,63,62,6.9999995703109334,-17.500001990752594,50,22.688999496676313,5.589218750154038,17.099780746522274,22.35974482414115,5.271127186083278,17.088617638057872,0.31809156407076067,16.207083771637308,0.13221192359924316,0.08902473384810108,0.12468894617632031,33.84218317831727,33.84218317831727,7.173206555450762,0,0.0,0,nan,,0,0,0.9891923666000366
M10_scale,procedural,dlc_individual_transition,25,10,M10_scale_n10_seed25,9,True,4,536,670,96,38,135,134,7.000000519584546,-17.499999657879926,50,18.10664645537585,12.493478694910602,5.613167760465247,16.94687663673099,9.872643291823556,7.0742333449074355,2.620835403087046,15.561890026855666,0.23270152509212494,0.07591121238311407,0.23171779816038907,8.184524306184079,8.184524306184079,5.011879431627872,0,0.0,0,nan,,0,0,0.9880815148353577
M10_scale,procedural,dlc_individual_transition,25,10,M10_scale_n10_seed25,9,True,5,509,660,78,73,152,151,7.000000519584546,-17.50000345495812,50,21.258249299097418,12.938773427122698,8.31947587197472,15.967073922983412,10.095690716615072,5.871383206368339,2.843082710507625,16.163550399752907,0.17225883901119232,0.07380499764449748,0.17127511207945645,5.992857957205347,5.992857957205347,5.011879431627872,0,0.0,0,nan,,0,0,0.9880815148353577
M10_scale,procedural,dlc_individual_transition,25,10,M10_scale_n10_seed25,9,True,6,1909,2066,48,109,158,157,7.000000653400093,-17.49999805703669,50,21.651073069244205,8.076199206378151,13.574873862866054,9.523017321132631,8.875026564986142,0.6479907561464895,-0.7988273586079906,5.985652444669483,1.2457162141799927,0.9914902195900301,0.5522793531417847,3.632485254743544,3.632485254743544,6.264433665118507,0,0.0,0,nan,,84,0,0.7995479106903076
M10_scale,procedural,dlc_individual_transition,25,10,M10_scale_n10_seed25,9,True,7,278,407,75,54,130,129,6.9999939272584015,-17.500008764160043,50,20.78436164181128,11.837609997651462,8.946751644159818,17.713345587062697,11.096479846563408,6.616865740499289,0.7411301510880541,21.037208634714368,0.5029148459434509,0.4669192245373359,0.20695161819458008,3.152937828697877,3.152937828697877,21.42882358997844,0,0.0,0,nan,,0,0,0.8831979036331177
M10_scale,procedural,dlc_joint_transition,25,10,M10_scale_n10_seed25,9,True,2,449,542,58,35,94,93,6.9999995703109334,-17.500001990768965,50,19.509477705163025,7.056009839266613,12.453467865896412,17.903815104600625,6.130168807657379,11.773646296943246,0.9258410316092345,16.513461464022992,0.582888662815094,0.470831257865784,0.2471289336681366,35.81341196077181,35.26216629048589,3.7913053497139657,0,0.0,0,nan,,0,0,0.9950944185256958
M10_scale,procedural,dlc_joint_transition,25,10,M10_scale_n10_seed25,9,True,3,449,531,47,35,83,82,6.9999995703109334,-17.500001990768965,50,19.586503527145876,5.942464533402766,13.64403899374311,18.465387805910055,5.796770929898111,12.668616876011944,0.14569360350465477,16.77951501045358,0.5495290160179138,0.45793248515531243,0.21376928687095642,37.04466755613621,37.04466755613621,3.7913053497139657,0,0.0,0,nan,,0,0,0.9950944185256958
M10_scale,procedural,dlc_joint_transition,25,10,M10_scale_n10_seed25,9,True,4,432,661,116,113,230,229,7.000000044947683,-17.500001990768965,50,19.04864149856254,13.410843907760503,5.637797590802036,16.142207388395924,12.221225367240974,3.92098202115495,1.189618540519529,15.707620581575872,0.7991189360618591,0.5837610845980437,0.4690306782722473,7.713028089874608,7.713028089874608,3.7913053497139657,0,0.0,0,nan,,0,0,0.9950944185256958
M10_scale,procedural,dlc_joint_transition,25,10,M10_scale_n10_seed25,9,True,5,416,628,89,123,213,212,6.99999957031082,-17.500000489609533,50,20.103454273008143,13.235984462870956,6.867469810137187,16.81717757638116,12.732762245259535,4.084415331121624,0.5032222176114214,15.670074172580792,0.7552441358566284,0.5371415445782209,0.4251558780670166,8.16980830948047,8.16980830948047,3.7913053497139657,0,0.0,0,nan,,0,0,0.9950944185256958
M10_scale,procedural,dlc_joint_transition,25,10,M10_scale_n10_seed25,9,True,6,360,639,89,190,280,279,7.000000519584546,-17.500004957095143,50,21.044812775034888,16.35440108054297,4.690411694491917,17.607039099396854,15.18064103801754,2.426398061379313,1.17376004252543,15.583637516329462,0.7734541893005371,0.5172783822353397,0.570913627743721,3.7913053497139657,3.7913053497139657,7.713028089874608,0,0.0,0,nan,,0,0,0.7782397866249084
M10_scale,procedural,dlc_joint_transition,25,10,M10_scale_n10_seed25,9,True,7,229,347,69,49,119,118,6.999998195980879,-17.500008764160043,50,20.90828047063564,11.704837592158565,9.203442878477073,20.803930140161754,11.824458753924187,8.979471386237567,-0.11962116176562176,20.685751790765064,0.8539021015167236,0.8245986785207476,0.07854205369949341,5.720358595382979,5.720358595382979,17.034834286892302,0,0.0,0,nan,,0,0,0.9971926808357239
M10_scale,procedural,dlc_joint_transition_observer,25,10,M10_scale_n10_seed25,9,True,0,784,861,45,32,78,77,6.999997680359229,-17.499998093117938,50,27.188334034841343,11.884062316034187,15.304271718807156,27.140146095560738,11.946986127598976,15.193159967961762,-0.06292381156478832,27.08880404016786,1.2749191522598267,1.1713391878666022,0.2734110355377197,8.366220226621653,8.366220226621653,13.558400032466674,0,0.0,0,nan,,78,0,0.9969928860664368
M10_scale,procedural,dlc_joint_transition_observer,25,10,M10_scale_n10_seed25,9,True,1,835,910,45,30,76,75,7.000000475057732,-17.500004165432642,50,27.125124192074075,12.775031507443616,14.350092684630459,27.079448264108898,12.531312290623909,14.548135973484989,0.24371921681970754,26.74351254612165,1.3252369165420532,1.2840089217612618,0.09577405452728271,8.744372330363538,8.744372330363538,8.366220226621653,0,0.0,0,nan,,76,0,0.9748101830482483
M10_scale,procedural,dlc_joint_transition_observer,25,10,M10_scale_n10_seed25,9,True,2,372,442,39,31,71,70,6.9999995702945625,-17.499999657879698,50,19.102242383602707,6.2770455403414305,12.825196843261278,19.18427941787996,6.2136702513060165,12.970609166573944,0.063375289035414,19.17682638128338,1.7741029262542725,1.2801019742455282,0.7291561365127563,40.90369301122459,40.90369301122459,13.461554396888904,0,0.0,0,nan,,71,0,0.7220458388328552
M10_scale,procedural,dlc_joint_transition_observer,25,10,M10_scale_n10_seed25,9,True,3,372,442,38,32,71,70,6.9999995702945625,-17.499999657879698,50,19.100089608841888,5.482999837831757,13.61708977101013,19.18427218058727,5.369029975313836,13.815242205273435,0.11396986251792107,19.17682638128338,1.7741029262542725,1.2801019742455282,0.7291561365127563,35.71253649089375,35.71253649089375,13.461554396888904,0,0.0,0,nan,,71,0,0.7220458388328552
M10_scale,procedural,dlc_joint_transition_observer,25,10,M10_scale_n10_seed25,9,True,7,260,339,79,0,80,79,45.49999748609298,-17.500005597682502,50,19.633923678088525,11.792590645390842,7.841333032697683,19.63311330946533,11.800721807085989,7.832391502379341,-0.008131161695146716,19.176455125095067,3.513471841812134,2.6941762670874594,1.5837504863739014,21.6263093033972,21.6263093033972,31.94356708217821,0,0.0,0,nan,,80,0,0.02186153270304203
M10_scale,procedural,rule_expert_gate,25,10,M10_scale_n10_seed25,9,True,0,838,923,45,40,86,85,7.000002299275934,-17.499998093101794,50,26.505383230294036,12.214651237812648,14.290731992481389,23.092806347170427,10.436541772413019,12.656264574757408,1.7781094653996288,20.990105438834306,0.4328542649745941,0.32465298508488855,0.282642126083374,4.471890590945577,4.471890590945577,12.267970321511488,0,0.0,0,nan,,0,0,0.9522773623466492
M10_scale,procedural,rule_expert_gate,25,10,M10_scale_n10_seed25,9,True,1,902,1243,126,215,342,341,7.000001653877462,-17.500004165424343,50,17.060277333289807,11.76435385117029,5.295923482119518,13.19586697822131,10.750844702880684,2.4450222753406265,1.0135091482896055,20.262848674630572,1.5142379999160767,0.26136104003454785,1.5135667070862837,4.402365271915063,4.402365271915063,4.471890590945577,0,0.0,0,nan,,11,0,0.048453282564878464
M10_scale,procedural,rule_expert_gate,25,10,M10_scale_n10_seed25,9,True,2,432,491,35,24,60,59,6.9999995703109334,-17.500001990768965,50,26.48947810170274,6.560420846841449,19.92905725486129,26.59826658645242,7.6211586437408245,18.977107942711598,-1.0607377968993754,26.074925278016977,0.26873472332954407,0.18220936357975007,0.21329259127378464,37.8565413146038,37.8565413146038,4.40753943719419,0,0.0,0,nan,,0,0,0.9966512322425842
M10_scale,procedural,rule_expert_gate,25,10,M10_scale_n10_seed25,9,True,3,425,475,33,17,51,50,6.999999570294449,-17.499999657879812,50,26.353571267896438,5.499068361514683,20.854502906381754,27.065412816792733,6.068306199271334,20.9971066175214,-0.5692378377566509,26.79483642681363,0.23360441625118256,0.13885715503391682,0.22555612586438656,32.95997845233196,32.95997845233196,4.40753943719419,0,0.0,0,nan,,0,0,0.9955787658691406
M10_scale,procedural,rule_expert_gate,25,10,M10_scale_n10_seed25,9,True,4,405,491,52,34,87,86,6.9999995703109334,-17.500000489609533,50,26.28547034226515,13.249637466770292,13.035832875494858,26.73687430522622,13.32027539327413,13.41659891195209,-0.0706379265038386,26.074925278016977,0.26873472332954407,0.14589533770133087,0.2678967421525158,4.40753943719419,4.40753943719419,5.768157857688864,0,0.0,0,nan,,0,0,0.9905053377151489
M10_scale,procedural,rule_expert_gate,25,10,M10_scale_n10_seed25,9,True,5,391,475,52,32,85,84,6.999999570294449,-17.499997896424247,50,25.963139035946178,12.831957142082446,13.131181893863731,26.632895840913417,13.214359175771214,13.418536665142202,-0.38240203368876813,26.79483642681363,0.30202576518058777,0.14177201069713405,0.3011877840035595,6.698917499514324,6.698917499514324,4.40753943719419,0,0.0,0,nan,,0,0,0.9894521832466125
M10_scale,procedural,rule_expert_gate,25,10,M10_scale_n10_seed25,9,True,6,186,412,86,140,227,226,6.999996977125534,-17.500008764160043,50,24.533903855845608,16.661527765378004,7.872376090467604,17.676955005721428,14.207091504469803,3.4698635012516252,2.454436260908201,26.380750682430527,0.41835737228393555,0.2815273358611726,0.4173660494852811,4.3643425965895,4.3643425965895,3.165873584432443,0,0.0,0,nan,,0,0,0.510931134223938
M10_scale,procedural,rule_expert_gate,25,10,M10_scale_n10_seed25,9,True,7,147,225,46,32,79,78,7.000001362445801,-17.500008764160043,50,26.86598588593683,11.493911026849212,15.372074859087618,27.015237993183923,11.638578058662457,15.376659934521467,-0.14466703181324547,23.13752906053481,0.34301629662513733,0.31742110320284395,0.068683922290802,3.165873584432443,3.165873584432443,10.896082616264739,0,0.0,0,nan,,0,0,0.9997333288192749
M10_scale,procedural,dlc_individual_transition,26,10,M10_scale_n10_seed26,9,True,2,1984,2122,62,76,139,138,7.000000606917865,-17.50000121603739,50,21.609725073954714,10.893696622308275,10.716028451646439,20.156341095682485,12.11052161639391,8.045819479288575,-1.216824994085636,20.645142195374472,0.9154251217842102,0.5661323775919221,0.5870528519153595,4.401494286678258,4.401494286678258,4.488809643755915,0,0.0,0,nan,,0,0,0.7377329468727112
M10_scale,procedural,dlc_individual_transition,26,10,M10_scale_n10_seed26,9,True,7,2000,2159,92,67,160,159,7.000000729470003,-17.500003003215852,41,21.057137682957887,10.988768648311737,10.06836903464615,20.094511160609134,11.61599864230204,8.478512518307094,-0.6272299939903032,20.762551325072025,0.7171376943588257,0.5702519049867988,0.388765424489975,4.204480359073421,4.204480359073421,4.401494286678258,0,0.0,0,nan,,0,0,0.8141300082206726
M10_scale,procedural,dlc_individual_transition,26,10,M10_scale_n10_seed26,9,True,8,1,255,54,200,255,254,6.999999779999257,-7.00000403953743,50,7.342101223992469,7.532526234782068,-0.19042501078959972,8.504500096319617,7.415880698251032,1.0886193980685857,0.1166455365310366,5.787013150247926,1.4686328172683716,0.3418999441424567,1.464643052779138,4.625122566022574,4.625122566022574,50.33923276468774,0,0.0,0,nan,,22,33,-0.8397814035415649
M10_scale,procedural,dlc_joint_transition_observer,26,10,M10_scale_n10_seed26,9,True,8,1,1797,574,1222,1797,1796,7.000005861025102,-7.000010615422752,50,10.287765403348425,10.25447294074996,0.03329246259846563,11.278913348864416,10.85692277375283,0.421990575111586,-0.6024498330028702,16.04240168899551,1.1064876317977905,0.32468232080807374,1.1064791609487656,4.797779403905102,4.797779403905102,49.94618534533878,0,0.0,0,nan,,129,0,0.8578161001205444
M10_scale,procedural,ppo_continuous,26,10,M10_scale_n10_seed26,9,True,8,1,53,18,34,53,52,6.999995926276256,-7.00000403953743,50,9.578709295092361,7.638787165482888,1.9399221296094735,18.827976975668726,9.451403333232077,9.376573642436648,-1.8126161677491899,27.37092821448513,0.8587146997451782,0.42626448116212523,0.744860902428627,6.189820621655409,6.189820621655409,49.32947261720351,0,0.0,0,nan,,0,0,0.9399498105049133
M10_scale,procedural,rule_expert_gate,26,10,M10_scale_n10_seed26,9,True,0,1981,2072,52,39,92,91,7.000004092396466,-17.499998111229843,50,13.57932768717448,6.959756809186108,6.619570877988372,13.560298770927387,6.9366211845596215,6.623677586367766,0.02313562462648644,15.036176103307806,0.202137753367424,0.13362975912573544,0.10844404250383377,32.26491079145553,32.26491079145553,5.184430494588194,0,0.0,0,nan,,0,0,0.8912642598152161
M10_scale,procedural,rule_expert_gate,26,10,M10_scale_n10_seed26,9,True,2,992,1419,52,375,428,427,6.999990684338172,-17.499997201600536,50,12.27460487098831,6.896357470656,5.378247400332311,12.474292582782287,11.439492664944856,1.0347999178374305,-4.5431351942888565,10.42428481248487,0.29886600375175476,0.1308908265496922,0.29746669461019337,2.9018001685345514,2.9018001685345514,4.988993157721045,0,0.0,0,nan,,0,0,-0.2260303646326065
M10_scale,procedural,rule_expert_gate,26,10,M10_scale_n10_seed26,9,True,2,1463,1606,91,52,144,143,7.000005861025102,-17.499999574673666,50,19.558572807638974,10.406220371992898,9.152352435646076,20.855346051987226,10.812913647172923,10.042432404814303,-0.4066932751800252,25.876450709314984,1.2080397605895996,0.6566880991255554,1.1929034451022744,4.192409861510435,4.192409861510435,4.822688443289602,0,0.0,0,nan,,29,26,-0.8680758476257324
M10_scale,procedural,rule_expert_gate,26,10,M10_scale_n10_seed26,9,True,4,1981,2085,65,39,105,104,7.000001095666903,-17.499998111229843,50,13.592745138291235,7.226957309300116,6.365787828991119,13.350943917791982,7.259370155543097,6.091573762248885,-0.03241284624298135,16.014518569839414,0.202137753367424,0.12816004856001764,0.14984624460339546,27.96902691314203,27.96902691314203,5.184430494588194,0,0.0,0,nan,,0,0,0.8906970024108887
M10_scale,procedural,rule_expert_gate,26,10,M10_scale_n10_seed26,9,True,6,1981,2085,65,39,105,104,7.000001095666903,-17.5000007581541,50,13.592745138291235,7.769787606983759,5.822957531307476,13.350943917791982,7.80110243911803,5.549841478673952,-0.03131483213427089,16.014518569839414,0.202137753367424,0.12816004856001764,0.14984624460339546,24.025326600586233,24.025326600586233,5.184430494588194,0,0.0,0,nan,,0,0,0.8906970024108887
M10_scale,procedural,rule_expert_gate,26,10,M10_scale_n10_seed26,9,True,7,553,1581,396,632,1029,1028,7.000005861025102,-17.49999520146298,50,14.668800480209388,11.036222235969364,3.6325782442400243,12.579250878048766,10.657656427913606,1.92159445013516,0.37856580805575746,22.965526587308428,1.2080397605895996,0.2568422345272822,1.2077265409752727,3.2071691400966813,3.2071691400966813,2.9018001685345514,0,0.0,0,nan,,44,48,-0.9996232390403748
M10_scale,procedural,rule_expert_gate,26,10,M10_scale_n10_seed26,9,True,8,1,202,15,186,202,201,7.000000571685177,-7.00000403953743,50,9.718542006942588,7.310060645133621,2.408481361808967,11.648766196885019,7.271555022675466,4.3772111742095525,0.03850562245815503,19.901814644430758,1.4859358072280884,0.743565044190624,1.4788984544575214,3.6970195054908173,3.6970195054908173,50.33923276468774,0,0.0,0,nan,,81,43,-0.536566436290741
M10_scale,procedural,dlc_joint_transition,27,10,M10_scale_n10_seed27,9,True,0,1201,1320,67,52,120,119,7.000001948154022,-17.50000223010295,50,22.264493247821186,11.871297713969271,10.393195533851914,21.774793495837038,11.979844074405325,9.794949421431713,-0.10854636043605304,21.274477878225582,0.8067117929458618,0.7741505955656369,0.05336916446685791,5.0171265763266835,5.0171265763266835,17.991479786655578,0,0.0,0,nan,,0,0,0.9999533295631409
M10_scale,procedural,dlc_joint_transition,27,10,M10_scale_n10_seed27,9,True,1,1312,1562,101,149,251,250,7.000004284288707,-17.500002802021413,50,18.395473604872862,12.298499939647405,6.096973665225457,13.421497079489303,12.26024290623402,1.1612541732552835,0.0382570334133856,22.816694480511174,0.8536689877510071,0.7535358039268935,0.45495161414146423,5.083447530304506,5.083447530304506,6.1494920234769905,0,0.0,0,nan,,0,0,0.8067125678062439
M10_scale,procedural,dlc_joint_transition,27,10,M10_scale_n10_seed27,9,True,2,750,855,55,50,106,105,7.000001269163022,-17.49999803699302,50,17.55192935876754,6.798548777358893,10.75338058140865,16.40842306168642,6.7211332743692,9.68728978731722,0.0774155029896928,22.235549127945404,1.4283629655838013,0.6351492680468649,1.1481125056743622,38.86296189064708,38.86296189064708,3.6436425208638283,0,0.0,0,nan,,15,0,0.6672307252883911
M10_scale,procedural,dlc_joint_transition,27,10,M10_scale_n10_seed27,9,True,3,758,863,54,51,106,105,6.999987778085597,-17.499995794535153,50,17.19237409188099,6.669790440086786,10.522583651794204,17.537491610925542,6.689359931227418,10.848131679698124,-0.019569491140632778,22.37528090250397,1.5012288093566895,0.7188224553499581,1.2209783494472504,38.39090994216124,38.39090994216124,3.6478711096613337,0,0.0,0,nan,,23,0,0.6672307252883911
M10_scale,procedural,dlc_joint_transition,27,10,M10_scale_n10_seed27,9,True,4,741,982,177,64,242,241,7.000001269166887,-17.49999803699302,50,18.8218983059669,14.905154477955502,3.9167438280113984,22.78831432687036,15.511973918088518,7.2763404087818415,-0.606819440133016,22.579693542587776,1.5012288093566895,0.7773839836278238,1.2209783494472504,5.660090399035787,5.660090399035787,3.6436425208638283,0,0.0,0,nan,,40,0,0.6672307252883911
M10_scale,procedural,dlc_joint_transition,27,10,M10_scale_n10_seed27,9,True,5,400,510,62,48,111,110,6.999996758623638,-17.499999083019134,50,22.28999222095008,11.592427342341523,10.697564878608556,20.488639817228073,12.859643196040267,7.628996621187806,-1.267215853698744,15.33836537324531,0.418172150850296,0.3701468271178168,0.17947819828987122,3.035940588799872,3.035940588799872,2.8617797911931664,0,0.0,0,nan,,0,0,0.9883647561073303
M10_scale,procedural,dlc_joint_transition,27,10,M10_scale_n10_seed27,9,True,6,366,951,317,268,586,585,7.000001269161203,-17.500000287462626,50,17.362047231081043,16.377538278321488,0.9845089527595547,18.42667831262667,16.39745283018012,2.0292254824465488,-0.019914551858633445,22.671475468859175,1.5012288093566895,0.5869351090170417,1.290363386273384,2.8617797911931664,2.8617797911931664,3.035940588799872,0,0.0,0,nan,,40,0,0.6672307252883911
M10_scale,procedural,dlc_joint_transition,27,10,M10_scale_n10_seed27,9,True,7,227,355,75,53,129,128,6.999994314979176,-17.499991301185673,50,20.485062593446347,11.550413040731826,8.934649552714522,20.66145796679096,11.68877263236792,8.972685334423039,-0.13835959163609424,20.437369031502232,0.8176470398902893,0.6586531992106475,0.2870563268661499,5.660253600274271,5.660253600274271,16.11694083011899,0,0.0,0,nan,,0,0,0.9902955293655396
M10_scale,procedural,dlc_joint_transition_observer,27,10,M10_scale_n10_seed27,9,True,0,906,1070,87,77,165,164,6.999998638958687,-17.49999817914113,50,19.86747759459459,11.935691280962716,7.931786313631873,19.799592351121294,11.822205269023824,7.97738708209747,0.11348601193889252,19.754946879466242,2.04556941986084,1.9352479739622637,0.3254659175872803,13.477884240118211,13.477884240118211,18.941462651253666,0,0.0,0,nan,,165,0,0.9972184896469116
M10_scale,procedural,dlc_joint_transition_observer,27,10,M10_scale_n10_seed27,9,True,1,1032,1195,96,67,164,163,7.000000515464308,-17.49999934637185,50,19.76430264750539,12.634518084519435,7.129784562985954,19.70432680109931,12.70079661884004,7.00353018225927,-0.06627853432060427,19.65224027289591,2.04556941986084,1.9368950550149127,0.21535372734069824,12.357164933761037,12.357164933761037,13.56231826483688,0,0.0,0,nan,,164,0,0.9978548884391785
M10_scale,procedural,dlc_joint_transition_observer,27,10,M10_scale_n10_seed27,9,True,2,582,650,43,25,69,68,6.999987778085824,-17.500001241031896,50,21.32903171876977,6.266522543318878,15.062509175450892,21.570394102224324,6.191498011831434,15.378896090392889,0.07502453148744426,21.830602682410458,0.1654500961303711,0.08483075636668481,0.15729133784770966,19.1792330986199,19.1792330986199,16.04620058716141,0,0.0,0,nan,,0,0,0.8861011266708374
M10_scale,procedural,dlc_joint_transition_observer,27,10,M10_scale_n10_seed27,9,True,3,591,658,43,24,68,67,7.000001269163249,-17.500006377476666,50,21.451627976702483,6.732137743907862,14.71949023279462,21.66640960791052,6.54654534118179,15.11986426672873,0.1855924027260718,21.767388178364484,0.1654500961303711,0.08129035158301978,0.15729133784770966,19.115243787485934,19.115243787485934,17.176207489453763,0,0.0,0,nan,,0,0,0.8861011266708374
M10_scale,procedural,dlc_joint_transition_observer,27,10,M10_scale_n10_seed27,9,True,7,255,329,74,0,75,74,52.5000047825456,-17.50000467220957,50,18.892012085152725,11.664663435606686,7.227348649546039,18.891485173240557,11.646877009713137,7.24460816352742,0.01778642589354895,18.534990756739337,3.722627878189087,2.958848034540812,1.6481449604034424,23.331889766576815,23.331889766576815,19.04556985925095,0,0.0,0,nan,,75,1,-0.0178524199873209
M10_scale,procedural,rule_expert_gate,27,10,M10_scale_n10_seed27,9,True,0,832,918,48,38,87,86,7.000002670584763,-17.500003873614673,50,26.453396284456563,12.182149459368908,14.271246825087655,21.68691138540829,9.899618239978924,11.787293145429366,2.282531219389984,22.545211411985292,0.439072847366333,0.33632636772490093,0.24171730875968933,4.959772409982384,4.959772409982384,13.73543470745411,0,0.0,0,nan,,0,0,0.8817077279090881
M10_scale,procedural,rule_expert_gate,27,10,M10_scale_n10_seed27,9,True,1,895,1568,222,451,674,673,6.999997480758793,-17.500006676458383,50,14.819060475902587,11.658550639264696,3.1605098366378908,11.537715834574824,10.58187957987148,0.9558362547033443,1.0766710593932167,14.206032459005334,1.3357234001159668,0.2650043730102742,1.3353776482399553,3.843212791014383,3.615069762801896,4.959772409982384,0,0.0,0,nan,,49,6,-0.34057796001434326
M10_scale,procedural,rule_expert_gate,27,10,M10_scale_n10_seed27,9,True,2,600,662,31,31,63,62,7.000001269163249,-17.500006377476666,50,25.247766038626693,6.181298710675183,19.06646732795151,22.647655817420475,6.3562257871283885,16.291430030292087,-0.17492707645320582,22.76601422259327,0.2714269757270813,0.19845880878468355,0.24985524825751781,19.254429844755332,19.254429844755332,15.763141079834062,0,0.0,0,nan,,0,0,0.9079734086990356
M10_scale,procedural,rule_expert_gate,27,10,M10_scale_n10_seed27,9,True,3,600,662,39,23,63,62,7.000001269163249,-17.500006377476666,50,24.636969149207875,6.646187770762661,17.990781378445213,22.778968726885,6.561298940576016,16.217669786308985,0.08488883018664506,22.76601422259327,0.2714269757270813,0.19845880878468355,0.24985524825751781,19.015375432294295,19.015375432294295,15.763141079834062,0,0.0,0,nan,,0,0,0.9079734086990356
M10_scale,procedural,rule_expert_gate,27,10,M10_scale_n10_seed27,9,True,4,451,552,56,45,102,101,7.000000237974291,-17.499996958192128,50,26.462949552760733,15.130054606694127,11.332894946066606,25.33392839452526,14.120679793340384,11.213248601184874,1.0093748133537428,25.852329539645748,0.4089787006378174,0.31058367108013113,0.23195144534111023,4.600512663039332,4.600512663039332,6.969462822319378,0,0.0,0,nan,,0,0,0.9828495979309082
M10_scale,procedural,rule_expert_gate,27,10,M10_scale_n10_seed27,9,True,5,380,457,49,28,78,77,7.000002135039836,-17.499999083019134,50,24.290656753540286,10.519580904858676,13.77107584868161,26.295240786745236,10.874282598814625,15.42095818793061,-0.3547016939559491,26.80266313812592,0.19822892546653748,0.11143653500729646,0.19583927374333143,6.968311263077284,6.968311263077284,8.670307833822436,0,0.0,0,nan,,0,0,0.984869658946991
M10_scale,procedural,rule_expert_gate,27,10,M10_scale_n10_seed27,9,True,6,157,380,85,138,224,223,6.999994797534441,-17.50000467220957,50,24.449304430588768,16.769137674852022,7.680166755736746,15.964514600134388,14.06275100236471,1.901763597769678,2.7063866724873122,24.398597021208374,0.4928104281425476,0.2690352101305637,0.49188213230809197,4.159680532157332,4.159680532157332,3.7633538710948855,0,0.0,0,nan,,0,0,0.6066293120384216
M10_scale,procedural,rule_expert_gate,27,10,M10_scale_n10_seed27,9,True,7,130,202,39,33,73,72,6.999994314979176,-17.499991301185673,50,26.524039485477967,11.064743667404274,15.459295818073693,26.687964580692004,11.17706430435323,15.510900276338774,-0.11232063694895622,21.575678315419214,0.293066143989563,0.20565311580079876,0.22610510885715485,3.7633538710948855,3.7633538710948855,9.282388499313262,0,0.0,0,nan,,0,0,0.9968801140785217
M10_scale,procedural,dlc_joint_transition,28,10,M10_scale_n10_seed28,9,True,0,1922,1992,42,28,71,70,7.000001865010063,-17.49999779295274,50,26.851315465745568,11.634606143795613,15.216709321949955,26.571026851656004,10.614384151719332,15.956642699936673,1.0202219920762818,25.232985436349438,0.8243522644042969,0.3377536971804122,0.7045717984437943,2.519152391812977,2.519152391812977,8.650379300305218,0,0.0,0,nan,,0,0,0.6993550062179565
M10_scale,procedural,dlc_joint_transition,28,10,M10_scale_n10_seed28,9,True,2,762,839,44,33,78,77,6.999993733397787,-17.500006557056622,50,13.376856832842547,6.697483413749622,6.679373419092925,21.160605956519916,6.837404968151876,14.32320098836804,-0.13992155440225407,20.372586875442945,0.8845229148864746,0.6595308757745303,0.41303953528404236,45.10155949015257,45.10155949015257,4.123803510187798,0,0.0,0,nan,,0,0,0.8099151849746704
M10_scale,procedural,dlc_joint_transition,28,10,M10_scale_n10_seed28,9,True,3,771,839,43,25,69,68,6.999993733397787,-17.500006557056622,50,15.561161249508364,6.66822807833095,8.892933171177415,21.145745169776237,6.770504175648323,14.375240994127914,-0.10227609731737353,20.372586875442945,0.8497669100761414,0.633038119993348,0.3782835304737091,44.57586170352493,44.57586170352493,4.123803510187798,0,0.0,0,nan,,0,0,0.8099151849746704
M10_scale,procedural,dlc_joint_transition,28,10,M10_scale_n10_seed28,9,True,4,1876,1935,40,19,60,59,6.999997899475829,-17.500001518785666,50,10.88565635116606,9.958760672197002,0.9268956789690588,20.557439141855404,8.642233518437086,11.915205623418318,1.3165271537599157,27.935874843622038,1.101244330406189,0.9467269241809845,0.6657345592975616,20.042079722804004,20.042079722804004,7.431548419692434,0,0.0,0,nan,,0,0,0.6993550062179565
M10_scale,procedural,dlc_joint_transition,28,10,M10_scale_n10_seed28,9,True,5,406,839,213,220,434,433,6.999993733397787,-17.500004108904022,50,15.327498343198682,12.642149832892995,2.685348510305687,14.520351970144665,13.530505733354522,0.989846236790143,-0.8883559004615265,20.372586875442945,0.8912949562072754,0.5979024700580104,0.5623697340488434,4.123803510187798,4.123803510187798,3.3317911016827177,0,0.0,0,nan,,0,0,0.8099151849746704
M10_scale,procedural,dlc_joint_transition,28,10,M10_scale_n10_seed28,9,True,6,1864,1935,52,19,72,71,6.999997899475829,-17.500001518785666,50,10.816244309615183,11.105686121810383,-0.28944181219520004,20.557439141855404,9.954633353308814,10.60280578854659,1.1510527685015681,27.935874843622038,1.101244330406189,0.962457537651062,0.6657345592975616,14.747657067132469,14.747657067132469,7.254329228067942,0,0.0,0,nan,,0,0,0.6993550062179565
M10_scale,procedural,dlc_joint_transition,28,10,M10_scale_n10_seed28,9,True,7,221,338,68,49,118,117,6.999996144360466,-17.499993457816117,50,20.97149159724931,11.623618730007186,9.347872867242126,21.096563953248268,11.756994133095557,9.339569820152711,-0.1333754030883707,20.75458459236463,0.7410951852798462,0.6371289941213899,0.20003974437713623,5.378694302009465,5.378694302009465,16.83048900843871,0,0.0,0,nan,,0,0,0.996604323387146
M10_scale,procedural,dlc_joint_transition_observer,28,10,M10_scale_n10_seed28,9,True,0,978,1240,106,156,263,262,7.00000012563828,-17.50000000783166,50,17.868182699994037,11.926171248722477,5.94201145127156,17.775922197520185,11.769064863789925,6.0068573337302595,0.15710638493255225,17.732344860282605,2.6468617916107178,2.455913159330535,0.49541163444519043,14.92471390851071,14.391843819448638,22.172368029744522,0,0.0,0,nan,,263,0,0.9836880564689636
M10_scale,procedural,dlc_joint_transition_observer,28,10,M10_scale_n10_seed28,9,True,1,1202,1449,158,89,248,247,7.000001580936669,-17.5000045064844,50,17.720615703718636,12.616560140206058,5.104055563512578,17.65439746898251,12.660190635297015,4.994206833685494,-0.043630495090956956,17.612708716553893,2.4692676067352295,1.7326546782447445,1.050743818283081,9.605117806372018,9.605117806372018,14.391843819448638,0,0.0,0,nan,,248,0,0.982915997505188
M10_scale,procedural,dlc_joint_transition_observer,28,10,M10_scale_n10_seed28,9,True,2,584,646,35,27,63,62,6.9999915769326435,-17.499999264851795,50,20.717847245402453,6.383019476392662,14.334827769009792,21.0343847640024,6.069657628376873,14.964727135625527,0.3133618480157896,21.51141035696497,0.21412333846092224,0.11678277457960778,0.20980686927214265,19.48002728458127,19.48002728458127,15.937071807700947,0,0.0,0,nan,,0,0,0.8976500630378723
M10_scale,procedural,dlc_joint_transition_observer,28,10,M10_scale_n10_seed28,9,True,3,584,646,35,27,63,62,6.9999915769326435,-17.499999264851795,50,20.717847245402453,6.731495141527416,13.986352103875037,21.0343847640024,6.6332198775087825,14.401164886493618,0.09827526401863373,21.51141035696497,0.21412333846092224,0.11678277457960778,0.20980686927214265,19.40631562699685,19.40631562699685,15.937071807700947,0,0.0,0,nan,,0,0,0.8976500630378723
M10_scale,procedural,dlc_joint_transition_observer,28,10,M10_scale_n10_seed28,9,True,7,238,327,89,0,90,89,49.000001452047854,-17.50000689032231,50,19.341081375877295,11.710678379459443,7.6304029964178515,19.340526088527287,11.705354375844752,7.635171712682535,0.005324003614690653,18.956560982750023,3.511521816253662,2.437138647503323,2.1613128185272217,20.12391870508381,20.12391870508381,16.876412272664595,0,0.0,0,nan,,90,1,-0.020094463601708412
M10_scale,procedural,rule_expert_gate,28,10,M10_scale_n10_seed28,9,True,0,965,1051,43,43,87,86,6.999997498123548,-17.50000000783166,50,26.649630336606336,12.113565804548855,14.53606453205748,22.18574250597129,9.858794658237025,12.326947847734266,2.25477114631183,24.273587223230084,0.435909628868103,0.33061722571822416,0.27219629287719727,4.840677443487188,4.840677443487188,15.22168875554316,0,0.0,0,nan,,0,0,0.9115584492683411
M10_scale,procedural,rule_expert_gate,28,10,M10_scale_n10_seed28,9,True,2,652,718,44,22,67,66,6.999999919901256,-17.499999264851795,50,22.641602627739168,6.796130674682507,15.845471953056661,25.6714244619094,6.4770556234440315,19.19436883846537,0.31907505123847546,22.594809889560945,0.4506933391094208,0.3276997001758262,0.21204152703285217,27.139381130434174,27.139381130434174,10.321997470034999,0,0.0,0,nan,,0,0,0.9582829475402832
M10_scale,procedural,rule_expert_gate,28,10,M10_scale_n10_seed28,9,True,3,660,726,45,21,67,66,7.000009100016996,-17.500003727451713,50,23.34017417054069,6.670489047658065,16.669685122882623,24.78007179200078,6.653589502031012,18.12648228996977,0.016899545627053314,22.475439485841555,0.4506933391094208,0.3324140864076899,0.21204152703285217,26.595986700746565,26.595986700746565,11.202637845387622,0,0.0,0,nan,,0,0,0.9582829475402832
M10_scale,procedural,rule_expert_gate,28,10,M10_scale_n10_seed28,9,True,4,417,571,56,98,155,154,7.000000109114353,-17.49999886346177,50,25.748551050892086,15.035885868766188,10.712665182125898,15.328629760622917,12.26290435550434,3.0657254051185774,2.7729815132618487,18.467658624637245,0.4605211019515991,0.29926906583470203,0.454383694101125,3.887345422887776,3.887345422887776,5.913280000769563,0,0.0,0,nan,,0,0,0.34991681575775146
M10_scale,procedural,rule_expert_gate,28,10,M10_scale_n10_seed28,9,True,5,377,456,44,35,80,79,6.99999869979024,-17.50000674593457,50,26.484171058060564,11.439991694627006,15.044179363433559,26.812273979413874,13.2881642143416,13.524109765072273,-1.8481725197145948,20.70299416098882,0.2892334461212158,0.18088639691541175,0.28914982885180507,7.6260740889211585,7.6260740889211585,8.896875880734607,0,0.0,0,nan,,0,0,0.9929671287536621
M10_scale,procedural,rule_expert_gate,28,10,M10_scale_n10_seed28,9,True,6,169,363,84,110,195,194,7.000004406945322,-17.500010509660456,50,25.06955796640736,16.82981205160029,8.23974591480707,16.175925602468226,14.138150500227134,2.037775102241092,2.691661551373155,26.17071112753178,0.42953839898109436,0.2760351294985948,0.42762957513332367,3.86426143324323,3.86426143324323,3.3594876100429762,0,0.0,0,nan,,0,0,0.5083075761795044
M10_scale,procedural,rule_expert_gate,28,10,M10_scale_n10_seed28,9,True,7,143,215,40,32,73,72,6.999992525022321,-17.500006890336067,50,26.62113042125071,11.249850999364321,15.37127942188639,26.78843147245761,11.478462526946608,15.309968945511002,-0.2286115275822862,22.370656929306868,0.30955323576927185,0.24345439243806552,0.17128589749336243,3.3594876100429762,3.3594876100429762,9.827674530004723,0,0.0,0,nan,,0,0,0.9982122778892517
M10_scale,procedural,dlc_individual_transition,29,10,M10_scale_n10_seed29,9,True,0,697,775,43,35,79,78,6.99999909977646,-17.50000246737477,50,24.662626147484964,9.18542584774511,15.477200299739854,24.500276854198603,9.786200275958773,14.71407657823983,-0.6007744282136631,17.353500317683203,0.1840256303548813,0.11202288780043114,0.18292020191438496,5.680054379422555,5.680054379422555,9.908208856481936,0,0.0,0,nan,,0,0,0.996672511100769
M10_scale,procedural,dlc_individual_transition,29,10,M10_scale_n10_seed29,9,True,1,1707,1873,48,118,167,166,7.000004982748351,-17.500004295544727,50,15.099684312657866,11.171557945254925,3.9281263674029407,8.626889682069148,8.783589537957898,-0.1566998558887498,2.387968407297027,18.689726712770884,0.8886760473251343,0.603643100544208,0.8849156978540123,3.2765186420333543,3.2765186420333543,16.35014073110074,0,0.0,0,nan,,0,0,0.3423214256763458
M10_scale,procedural,dlc_individual_transition,29,10,M10_scale_n10_seed29,9,True,2,609,668,37,22,60,59,7.000002110162768,-17.500004862757123,50,17.970450870656993,6.570830945906178,11.399619924750816,20.789107106009933,6.368477033865667,14.420630072144267,0.20235391204051112,24.618883536892316,0.39787548780441284,0.286529790610075,0.3192606121301651,19.187939629631522,19.187939629631522,6.613565972565761,0,0.0,0,nan,,0,0,0.8826675415039062
M10_scale,procedural,dlc_individual_transition,29,10,M10_scale_n10_seed29,9,True,3,609,668,37,22,60,59,7.000002110162768,-17.500004862757123,50,17.970450870656993,7.381750124486269,10.588700746170725,20.789107106009933,6.9280842678122045,13.861022838197728,0.4536658566740641,24.618883536892316,0.39787548780441284,0.286529790610075,0.3192606121301651,14.93257436540133,14.93257436540133,6.613565972565761,0,0.0,0,nan,,0,0,0.8826675415039062
M10_scale,procedural,dlc_individual_transition,29,10,M10_scale_n10_seed29,9,True,4,564,668,82,22,105,104,7.000002110162768,-17.500001265894298,50,18.809388386589497,12.37698797798095,6.432400408608547,20.789107106009933,9.220054701532053,11.56905240447788,3.156933276448896,24.618883536892316,0.39787548780441284,0.26182078506265366,0.3192606121301651,6.613565972565761,6.613565972565761,7.906015920922717,0,0.0,0,nan,,0,0,0.8826675415039062
M10_scale,procedural,dlc_individual_transition,29,10,M10_scale_n10_seed29,9,True,5,555,668,83,30,114,113,7.000002110162768,-17.500001736202194,50,19.025400353236066,12.587345646274839,6.438054706961227,19.948938020329766,9.553345601171026,10.39559241915874,3.034000045103813,24.618883536892316,0.39787548780441284,0.2542031263573128,0.3192606121301651,7.906015920922717,7.906015920922717,6.613565972565761,0,0.0,0,nan,,0,0,0.8826675415039062
M10_scale,procedural,dlc_individual_transition,29,10,M10_scale_n10_seed29,9,True,6,333,481,70,78,149,148,7.000003582349109,-17.500009534277638,50,22.740605071325042,16.21338495679307,6.527220114531971,21.44796164490062,16.33316056973682,5.1148010751638004,-0.11977561294374794,20.30307422556706,0.5566554665565491,0.38550891802214937,0.3488902300596237,2.863843841474812,2.863843841474812,15.084789260539209,0,0.0,0,nan,,0,0,0.8557130098342896
M10_scale,procedural,dlc_individual_transition,29,10,M10_scale_n10_seed29,9,True,7,191,287,57,39,97,96,7.000000277109962,-17.49999949489859,50,23.55299937359241,11.722609596950694,11.830389776641717,23.418150231379105,11.752042244254147,11.666107987124958,-0.029432647303453408,23.27720692365688,0.5885258316993713,0.5103287798227724,0.19111502170562744,4.345798799534474,4.345798799534474,24.73523962955383,0,0.0,0,nan,,0,0,0.998755693435669
M10_scale,procedural,dlc_joint_transition,29,10,M10_scale_n10_seed29,9,True,0,737,807,38,32,71,70,6.999997579927594,-17.500002467377612,50,27.807040637334843,9.736033489675117,18.071007147659728,27.76267391138883,10.396789157079391,17.36588475430944,-0.660755667404274,27.673695090853627,0.2755301296710968,0.22873326779251368,0.06646360456943512,5.776584892522865,5.776584892522865,10.570298786211813,0,0.0,0,nan,,0,0,0.9992867112159729
M10_scale,procedural,dlc_joint_transition,29,10,M10_scale_n10_seed29,9,True,1,781,851,41,29,71,70,6.999999099770093,-17.500002467371814,50,27.74604210633623,11.70372088413709,16.042321222199142,27.66597839853079,12.067166138884355,15.598812259646435,-0.3634452547472655,27.504016189785034,0.21738266944885254,0.2046788685338598,0.027678444981575012,3.140143958838425,3.140143958838425,5.776584892522865,0,0.0,0,nan,,0,0,0.9999700784683228
M10_scale,procedural,dlc_joint_transition,29,10,M10_scale_n10_seed29,9,True,2,656,700,28,16,45,44,7.000002110162768,-17.500004862757123,50,22.58674615433647,6.378287569740339,16.20845858459613,24.12498405977625,6.407393273670622,17.717590786105628,-0.029105703930283333,27.762912558560245,0.8245272636413574,0.7085550659232669,0.5296008288860321,25.96419383754003,25.96419383754003,4.6819438940656,0,0.0,0,nan,,0,0,0.758829653263092
M10_scale,procedural,dlc_joint_transition,29,10,M10_scale_n10_seed29,9,True,3,656,700,28,16,45,44,7.000002110162768,-17.500004862757123,50,22.58674615433647,6.9242327350089825,15.662513419327489,24.12498405977625,6.787363456780808,17.337620602995443,0.13686927822817463,27.762912558560245,0.8245272636413574,0.7085550659232669,0.5296008288860321,21.882858921709865,21.882858921709865,4.6819438940656,0,0.0,0,nan,,0,0,0.758829653263092
M10_scale,procedural,dlc_joint_transition,29,10,M10_scale_n10_seed29,9,True,4,664,706,25,17,43,42,6.9999967261019265,-17.500006003684575,50,22.565059671807127,8.69281827585737,13.872241395949757,25.819357298154436,8.384733671866535,17.4346236262879,0.30808460399083515,27.792787229707077,0.8116920590400696,0.6204966549263444,0.6187713891267776,13.930133736894321,13.930133736894321,4.6819438940656,0,0.0,0,nan,,0,0,0.758829653263092
M10_scale,procedural,dlc_joint_transition,29,10,M10_scale_n10_seed29,9,True,5,656,706,33,17,51,50,6.9999967261019265,-17.500004862757123,50,22.570748133452927,8.66372511853828,13.907023014914646,25.819357298154436,8.159213480473888,17.66014381768055,0.5045116380643933,27.792787229707077,0.8245272636413574,0.6515818325912252,0.6316065937280655,14.906024614615225,14.906024614615225,4.6819438940656,0,0.0,0,nan,,0,0,0.758829653263092
M10_scale,procedural,dlc_joint_transition,29,10,M10_scale_n10_seed29,9,True,6,556,700,108,36,145,144,7.000002110162768,-17.500002676818212,50,22.672506516052547,16.82892205732488,5.8435844587276655,23.27008036697874,15.647680310814666,7.622400056164073,1.1812417465102154,27.762912558560245,0.8359461426734924,0.7719613936440698,0.5410197079181671,4.6819438940656,4.6819438940656,13.930133736894321,0,0.0,0,nan,,0,0,0.758829653263092
M10_scale,procedural,dlc_joint_transition,29,10,M10_scale_n10_seed29,9,True,7,233,418,76,109,186,185,7.000009280225527,-17.49999949489859,50,20.168470470113096,11.77940163689651,8.389068833216585,15.746667682707441,11.86389112408132,3.882776558626121,-0.08448948718480942,19.15984486530729,0.7739759683609009,0.741661060561416,0.11941331624984741,5.245441900446328,5.245441900446328,26.075267262192963,0,0.0,0,nan,,0,0,0.9219147562980652
M10_scale,procedural,dlc_joint_transition_observer,29,10,M10_scale_n10_seed29,9,True,0,752,854,55,47,103,102,6.999999099770093,-17.500002467377612,50,22.548355571898558,10.180193949280538,12.36816162261802,22.44391093474107,10.697162189394765,11.746748745346304,-0.5169682401142275,22.39644344666392,1.5977530479431152,1.1630862771886066,0.9520008563995361,12.74844933298105,12.74844933298105,14.276274406296139,0,0.0,0,nan,,67,0,0.9838683009147644
M10_scale,procedural,dlc_joint_transition_observer,29,10,M10_scale_n10_seed29,9,True,1,815,933,68,50,119,118,6.999999099770093,-17.500002467371814,50,22.42571382218604,12.149787384268297,10.275926437917743,22.36930953096553,12.28221786010214,10.08709167086339,-0.13243047583384282,22.320330686358194,1.8547759056091309,1.6607424461541056,0.5411642789840698,13.053087441223491,13.053087441223491,12.74844933298105,0,0.0,0,nan,,119,0,0.9880815148353577
M10_scale,procedural,dlc_joint_transition_observer,29,10,M10_scale_n10_seed29,9,True,2,648,698,30,20,51,50,7.000002110162768,-17.500004862757123,50,21.76241881156665,6.403635803707489,15.358783007859161,22.45459799361973,6.388941867008606,16.065656126611124,0.014693936698883192,22.847400407345038,0.5243222117424011,0.3886963181635913,0.4100513160228729,23.331163169974804,23.331163169974804,2.8055691788499892,0,0.0,0,nan,,0,0,0.8566922545433044
M10_scale,procedural,dlc_joint_transition_observer,29,10,M10_scale_n10_seed29,9,True,3,648,698,30,20,51,50,7.000002110162768,-17.500004862757123,50,21.76241881156665,6.932109962002624,14.830308849564027,22.45459799361973,6.821571635517396,15.633026358102333,0.11053832648522821,22.847400407345038,0.5243222117424011,0.3886963181635913,0.4100513160228729,19.350075069235082,19.350075069235082,2.8055691788499892,0,0.0,0,nan,,0,0,0.8566922545433044
M10_scale,procedural,dlc_joint_transition_observer,29,10,M10_scale_n10_seed29,9,True,4,648,706,36,22,59,58,6.9999967261019265,-17.500006003684575,50,21.80041672612894,9.014313158167035,12.786103567961906,22.679399390635943,8.338524223945226,14.340875166690717,0.6757889342218082,22.842064475014517,0.5243222117424011,0.3520782918243085,0.4220714196562767,11.798083851050416,11.798083851050416,2.8055691788499892,0,0.0,0,nan,,0,0,0.8566922545433044
M10_scale,procedural,dlc_joint_transition_observer,29,10,M10_scale_n10_seed29,9,True,4,2173,2183,10,0,11,10,73.50000007069866,-6.99999953286374,17,14.333906561765783,15.254446612421338,-0.9205400506555552,14.329757178811473,15.157687563320245,-0.8279303845087718,0.09675904910109345,14.21837772551889,9.921406745910645,9.720646944912998,0.411346435546875,63.38853705034411,63.38853705034411,63.82370272025306,0,0.0,0,nan,,11,1,0.1521691530942917
M10_scale,procedural,dlc_joint_transition_observer,29,10,M10_scale_n10_seed29,9,True,5,648,706,31,27,59,58,6.9999967261019265,-17.500004862757123,50,21.772612277985026,8.949640759136424,12.822971518848602,22.54854844878135,8.195967364823556,14.352581083957794,0.7536733943128677,22.842064475014517,0.5243222117424011,0.3520782918243085,0.4220714196562767,12.547289361351327,12.547289361351327,2.8055691788499892,0,0.0,0,nan,,0,0,0.8566922545433044
M10_scale,procedural,dlc_joint_transition_observer,29,10,M10_scale_n10_seed29,9,True,6,492,691,135,64,200,199,7.000003009813554,-17.50000204144294,50,21.405254203324375,16.82091691588703,4.5843372874373465,21.866825048628012,16.282787220063003,5.584037828565009,0.5381296958240256,22.849400189177445,0.5884485840797424,0.4790984198451042,0.3749997466802597,2.8055691788499892,2.8055691788499892,11.798960320210668,0,0.0,0,nan,,0,0,0.8566922545433044
M10_scale,procedural,dlc_joint_transition_observer,29,10,M10_scale_n10_seed29,9,True,7,217,363,86,60,147,146,7.000000277109962,-17.49999949489859,50,19.072463553242585,11.769076423608198,7.3033871296343875,19.353143247969964,11.78819802792148,7.564945220048484,-0.019121604313282248,19.450141051387348,0.748949408531189,0.578351189895552,0.3096066117286682,3.251512456834031,3.251512456834031,25.939601291109714,0,0.0,0,nan,,0,0,0.9946631789207458
M10_scale,procedural,rule_expert_gate,29,10,M10_scale_n10_seed29,9,True,2,1277,1383,65,41,107,106,7.000002110162768,-17.500004862757123,50,10.464506622828331,6.754412494591912,3.7100941282364195,12.89961978601311,6.676842017897321,6.222777768115789,0.07757047669459105,12.207997906267329,0.35834428668022156,0.19919789552897493,0.3529355595819652,36.40045661212972,35.42745258614714,5.043741535163009,0,0.0,0,nan,,0,0,0.776818573474884
M10_scale,procedural,rule_expert_gate,29,10,M10_scale_n10_seed29,9,True,7,127,347,48,172,221,220,6.999999478525751,-17.499996239746338,50,24.968691796312356,12.071382075149339,12.897309721163017,9.964637090351596,8.079708492112875,1.8849285982387212,3.991673583036464,5.691288247715844,2.2056007385253906,0.6590861271028049,2.204153655329719,4.945811533165362,4.884958332268244,21.14507592384426,0,0.0,0,nan,,52,28,-0.8223176598548889
M10_scale,procedural,dlc_individual_transition,30,10,M10_scale_n10_seed30,9,True,7,203,770,166,401,568,567,6.999999289100629,-17.499999680938004,50,15.374687921102057,11.529618870213602,3.845069050888455,8.343753097619652,8.179791100389531,0.16396199723012117,3.3498277698240706,4.673843352991761,4.162253379821777,1.0652149049470019,4.162153881297854,4.995928343044491,4.995928343044491,19.97941340577873,0,0.0,0,nan,,194,88,-0.6086114645004272
M10_scale,procedural,dlc_joint_transition,30,10,M10_scale_n10_seed30,9,True,0,751,816,36,29,66,65,6.999987714954159,-17.50000417785816,50,26.601694703365055,9.543829481446144,17.05786522191891,26.52363990104797,10.231586636164144,16.292053264883826,-0.6877571547179997,26.36236480294476,0.2597709000110626,0.2444278263684475,0.019152045249938965,6.33112258090964,6.33112258090964,11.112552046752436,0,0.0,0,nan,,0,0,0.9997398853302002
M10_scale,procedural,dlc_joint_transition,30,10,M10_scale_n10_seed30,9,True,1,790,870,44,36,81,80,7.000001671144219,-17.499990992780567,50,26.49121255189674,11.816756204968534,14.674456346928206,26.30169030668769,11.986035035369358,14.315655271318331,-0.16927883040082392,25.925785531619475,0.26286301016807556,0.25184082745769876,0.022244155406951904,3.6518305365974624,3.6518305365974624,6.33112258090964,0,0.0,0,nan,,0,0,0.9999737739562988
M10_scale,procedural,dlc_joint_transition,30,10,M10_scale_n10_seed30,9,True,2,668,711,25,18,44,43,6.999988582895639,-17.50000288393767,50,22.192764362411825,6.336300495091827,15.856463867319999,24.79250236457238,6.323109099754231,18.469393264818148,0.013191395337595502,26.611909361084688,0.7758086919784546,0.5888678394258022,0.5888364911079407,25.016236632059208,25.016236632059208,4.143376093932371,0,0.0,0,nan,,0,0,0.7878356575965881
M10_scale,procedural,dlc_joint_transition,30,10,M10_scale_n10_seed30,9,True,3,668,711,25,18,44,43,6.999988582895639,-17.50000288393767,50,22.192764362411825,6.9355126923604065,15.257251670051419,24.79250236457238,6.729353845683516,18.063148518888863,0.20615884667689066,26.611909361084688,0.7758086919784546,0.5888678394258022,0.5888364911079407,20.841396300721502,20.841396300721502,4.143376093932371,0,0.0,0,nan,,0,0,0.7878356575965881
M10_scale,procedural,dlc_joint_transition,30,10,M10_scale_n10_seed30,9,True,4,660,704,28,16,45,44,6.999999164128212,-17.50000067144731,50,22.21758300367651,8.86411253498798,13.35347046868853,23.330882601528096,8.384350023350361,14.946532578177735,0.4797625116376185,26.557680945297452,0.7942669987678528,0.6804443359375,0.4843481481075287,14.181096707275541,14.181096707275541,4.143376093932371,0,0.0,0,nan,,0,0,0.7878356575965881
M10_scale,procedural,dlc_joint_transition,30,10,M10_scale_n10_seed30,9,True,5,652,704,36,16,53,52,6.999999164128212,-17.500000810332608,50,22.223291727161904,8.958496802825474,13.26479492433643,23.330882601528096,8.029485360554684,15.301397240973412,0.9290114422707898,26.557680945297452,0.810949981212616,0.6990770112793401,0.5010311305522919,15.227596623895943,15.227596623895943,4.143376093932371,0,0.0,0,nan,,0,0,0.7878356575965881
M10_scale,procedural,dlc_joint_transition,30,10,M10_scale_n10_seed30,9,True,6,566,711,114,31,146,145,6.999988582895639,-17.500001568799576,50,22.35098369977975,16.6608917194224,5.6900919803573515,23.692369639132423,15.146335932846382,8.54603370628604,1.5145557865760164,26.611909361084688,0.818452775478363,0.7257823251085739,0.6314805746078491,4.143376093932371,4.143376093932371,14.181096707275541,0,0.0,0,nan,,0,0,0.7878356575965881
M10_scale,procedural,dlc_joint_transition,30,10,M10_scale_n10_seed30,9,True,7,204,419,85,130,216,215,6.999997509571017,-17.499999680938004,50,19.405013213942524,11.769817189398777,7.635196024543747,15.107359053236825,11.835277362540117,3.2720816906967087,-0.06546017314133934,19.30303877108241,0.7581946849822998,0.6988449963154616,0.15487098693847656,4.922794874083066,4.922794874083066,26.37017435766802,0,0.0,0,nan,,0,0,0.923568069934845
M10_scale,procedural,dlc_joint_transition_observer,30,10,M10_scale_n10_seed30,9,True,0,739,834,54,41,96,95,6.999987714954273,-17.500004948968808,50,22.52179646532406,9.590242813839454,12.931553651484604,22.371623498872726,10.343465485322108,12.028158013550618,-0.7532226714826535,22.32518362103936,1.464261770248413,1.001273484279712,0.9351604580879211,12.871605482514568,12.871605482514568,14.72717752372022,0,0.0,0,nan,,47,0,0.9836984872817993
M10_scale,procedural,dlc_joint_transition_observer,30,10,M10_scale_n10_seed30,9,True,0,1643,1680,37,0,38,37,168.00000123968084,-14.000001999645292,50,18.322069922658635,11.56687412349807,6.755195799160564,18.310243661808762,11.57493963480532,6.735304027003442,-0.008065511307249196,17.56627619683276,9.319757461547852,8.560749731565776,1.170750617980957,56.78807432745589,56.78807432745589,53.94730166278976,0,0.0,0,nan,,38,37,-1.0
M10_scale,procedural,dlc_joint_transition_observer,30,10,M10_scale_n10_seed30,9,True,1,794,912,67,51,119,118,7.000001671144446,-17.499990992780567,50,22.356976028524546,11.886485313396733,10.470490715127813,22.29936919595894,12.177459984747971,10.121909211210967,-0.290974671351238,22.250638612163055,1.7968549728393555,1.5366011286983972,0.7201920747756958,12.966976148085157,12.966976148085157,12.871605482514568,0,0.0,0,nan,,119,0,0.9836984872817993
M10_scale,procedural,dlc_joint_transition_observer,30,10,M10_scale_n10_seed30,9,True,2,649,700,29,22,52,51,6.999988582895639,-17.50000288393767,50,21.80051304252647,6.34920830136833,15.451304741158141,22.665011132770488,6.261591050643433,16.403420082127056,0.08761725072489757,22.78729125429023,0.4457903206348419,0.2857999297288748,0.3809956684708595,21.495686439209297,21.495686439209297,2.8616213481846797,0,0.0,0,nan,,0,0,0.8521108627319336
M10_scale,procedural,dlc_joint_transition_observer,30,10,M10_scale_n10_seed30,9,True,3,649,700,29,22,52,51,6.999988582895639,-17.50000288393767,50,21.80051304252647,6.933813600288306,14.866699442238165,22.665011132770488,6.826970803317266,15.838040329453221,0.10684279697103971,22.78729125429023,0.4457903206348419,0.2857999297288748,0.3809956684708595,17.404241634429884,17.404241634429884,2.8616213481846797,0,0.0,0,nan,,0,0,0.8521108627319336
M10_scale,procedural,dlc_joint_transition_observer,30,10,M10_scale_n10_seed30,9,True,4,633,693,39,21,61,60,6.999999164128212,-17.500000810332608,50,21.719435169067545,9.565663798692153,12.153771370375392,22.508808618746507,8.656463352100776,13.852345266645731,0.9092004465913774,22.788709191620267,0.4457903206348419,0.3486625585155409,0.37721335887908936,9.932477446737089,9.932477446737089,2.8616213481846797,0,0.0,0,nan,,0,0,0.8521108627319336
M10_scale,procedural,dlc_joint_transition_observer,30,10,M10_scale_n10_seed30,9,True,5,633,693,38,22,61,60,6.999999164128212,-17.500000810332608,50,21.719067414048315,9.405189298083704,12.313878115964611,22.47356322061249,8.689032944910325,13.784530275702165,0.7161563531733783,22.788709191620267,0.4457903206348419,0.3486625585155409,0.37721335887908936,11.027275038515654,11.027275038515654,2.8616213481846797,0,0.0,0,nan,,0,0,0.8521108627319336
M10_scale,procedural,dlc_joint_transition_observer,30,10,M10_scale_n10_seed30,9,True,6,488,678,114,76,191,190,6.999999469981049,-17.500001568781954,50,21.626748428850007,16.861498029923553,4.7652503989264545,21.742449554439705,16.633965246227852,5.108484308211853,0.2275327836957004,22.777564994927218,0.5872037410736084,0.49285033953751567,0.31187984347343445,2.8616213481846797,2.8616213481846797,10.05097364790843,0,0.0,0,nan,,0,0,0.8521108627319336
M10_scale,procedural,dlc_joint_transition_observer,30,10,M10_scale_n10_seed30,9,True,6,1655,1680,25,0,26,25,175.00000077681898,-10.500000505899834,50,18.07877346782228,12.221928376259036,5.856845091563244,18.07084648868925,12.21219950989028,5.858646978798969,0.009728866368757139,17.56627619683276,9.319757461547852,8.739356481111967,1.0601654052734375,54.93253284452948,54.93253284452948,56.253120390208046,0,0.0,0,nan,,26,25,-0.9719549417495728
M10_scale,procedural,dlc_joint_transition_observer,30,10,M10_scale_n10_seed30,9,True,7,218,360,79,63,143,142,6.999991041885323,-17.499999680938004,50,19.75392055851065,11.791434245604785,7.962486312905865,19.867771540776445,11.778307136906117,8.089464403870329,0.013127108698668621,19.999926548966375,0.7362684011459351,0.5850195276153671,0.30874553322792053,3.303126465525706,3.303126465525706,25.377220918906865,0,0.0,0,nan,,0,0,0.9935096502304077
M10_scale,procedural,rule_expert_gate,30,10,M10_scale_n10_seed30,9,True,0,912,990,45,33,79,78,7.000001671144446,-17.500004948969945,50,26.954293982920426,11.37275703853252,15.581536944387906,26.971676415101815,11.488607661158525,15.48306875394329,-0.11585062262600587,27.190030376227714,0.34101924300193787,0.3124345024175282,0.07698073983192444,3.336780068832123,3.336780068832123,14.201866294650795,0,0.0,0,nan,,0,0,0.9996645450592041
M10_scale,procedural,rule_expert_gate,30,10,M10_scale_n10_seed30,9,True,1,977,1054,44,33,78,77,6.999996235277422,-17.499997970870254,50,26.958990528940173,12.50767416119339,14.451316367746783,27.069579182014206,12.650418694935139,14.419160487079067,-0.14274453374174811,25.642622189165355,0.3549981713294983,0.3475928883521985,0.019830167293548584,2.736904528371141,2.736904528371141,3.498921156981972,0,0.0,0,nan,,0,0,0.9999775886535645
M10_scale,procedural,rule_expert_gate,30,10,M10_scale_n10_seed30,9,True,2,671,776,47,58,106,105,6.999988582895639,-17.50000288393767,50,14.555636762245696,6.298370870873925,8.25726589137177,12.459301948729422,6.266211551704929,6.193090397024493,0.03215931916899617,14.145369828600597,1.0173094272613525,0.3381688031982982,1.011067919433117,24.358044230073403,24.358044230073403,4.575235500701562,0,0.0,0,nan,,7,0,0.4334445297718048
M10_scale,procedural,rule_expert_gate,30,10,M10_scale_n10_seed30,9,True,3,671,776,47,58,106,105,6.999988582895639,-17.50000288393767,50,14.555636762245696,6.786481372393348,7.769155389852347,12.459301948729422,6.5603639847874,5.898937963942022,0.22611738760594857,14.145369828600597,1.0173094272613525,0.3381688031982982,1.011067919433117,20.437105909568196,20.437105909568196,4.575235500701562,0,0.0,0,nan,,7,0,0.4334445297718048
M10_scale,procedural,rule_expert_gate,30,10,M10_scale_n10_seed30,9,True,4,671,776,47,58,106,105,6.999988582895639,-17.50000288393767,50,14.555636762245696,8.48401816309467,6.0716185991510265,12.459301948729422,7.51442533889655,4.944876609832872,0.9695928241981191,14.145369828600597,1.0173094272613525,0.3381688031982982,1.011067919433117,13.911720530379363,13.911720530379363,4.575235500701562,0,0.0,0,nan,,7,0,0.4334445297718048
M10_scale,procedural,rule_expert_gate,30,10,M10_scale_n10_seed30,9,True,5,660,776,58,58,117,116,6.999988582895639,-17.50000067144731,50,15.08571187014348,8.402152113720426,6.683559756423055,12.459301948729422,7.186961725679062,5.27234022305036,1.2151903880413641,14.145369828600597,1.0173094272613525,0.30805965712439254,1.0164500530227087,14.205421914858055,14.205421914858055,4.575235500701562,0,0.0,0,nan,,7,0,0.4334445297718048
M10_scale,procedural,rule_expert_gate,30,10,M10_scale_n10_seed30,9,True,6,194,820,239,387,627,626,7.000001671142854,-17.50000039299175,50,19.094403060986455,16.39009077565119,2.7043122853352664,15.368008937174526,15.453492261030178,-0.0854833238556516,0.9365985146210107,20.41341123067304,1.0173094272613525,0.21946983306038906,1.0171663857763633,3.845050067353683,3.845050067353683,3.483104851481991,0,0.0,0,nan,,10,0,0.4334445297718048
M10_scale,procedural,rule_expert_gate,30,10,M10_scale_n10_seed30,9,True,7,128,200,41,31,73,72,6.999991041885323,-17.500007989084565,50,26.60714193816364,11.549359573265681,15.057782364897959,26.722416168805875,11.743222506541564,14.979193662264311,-0.19386293327588255,26.695233426192225,0.29754555225372314,0.21621550680839852,0.21151898056268692,2.7165405343637055,2.7165405343637055,16.337269500017435,0,0.0,0,nan,,0,0,0.9972350597381592
M10_scale,procedural,dlc_individual_transition,31,10,M10_scale_n10_seed31,9,True,0,997,1097,61,39,101,100,7.000003752436442,-17.500012814639376,50,22.880044943837145,11.448227968117811,11.431816975719334,22.908037403467173,11.330177832982791,11.577859570484382,0.11805013513501983,22.920997011771917,0.738579273223877,0.6940313211762079,0.11183243989944458,2.866862335341677,2.866862335341677,5.082739711972394,0,0.0,0,nan,,0,0,0.9995064735412598
M10_scale,procedural,dlc_individual_transition,31,10,M10_scale_n10_seed31,9,True,1,1081,1169,49,39,89,88,7.000000614365945,-17.500004724499945,50,22.926852101279707,11.068772684670344,11.858079416609362,22.891062893734077,11.401873288645103,11.489189605088974,-0.33310060397475816,22.86135170338074,0.7659881114959717,0.7138412896167027,0.09514153003692627,4.815469881611435,4.815469881611435,2.896889500710044,0,0.0,0,nan,,0,0,0.9835107326507568
M10_scale,procedural,dlc_individual_transition,31,10,M10_scale_n10_seed31,9,True,2,1104,1192,47,41,89,88,7.000005170474651,-17.49999819061918,50,22.91579942039471,11.298756596031541,11.617042824363168,22.857406677749218,11.678584067425533,11.178822610323685,-0.3798274713939911,22.88071532407979,0.7659881114959717,0.7148041611307123,0.09514153003692627,5.933786765913032,5.933786765913032,4.815469881611435,0,0.0,0,nan,,0,0,0.9835107326507568
M10_scale,procedural,dlc_individual_transition,31,10,M10_scale_n10_seed31,9,True,3,1292,1491,114,85,200,199,6.999999491153176,-17.499991450724792,50,21.94489983709896,13.541661102648764,8.403238734450195,20.15559741356043,14.107882379216921,6.047715034343508,-0.5662212765681574,17.112784103729318,0.8655869364738464,0.7870350533723831,0.1672649383544922,5.093662834532199,5.093662834532199,26.788193701305733,0,0.0,0,nan,,0,0,0.9578741788864136
M10_scale,procedural,dlc_individual_transition,31,10,M10_scale_n10_seed31,9,True,4,974,1081,63,44,108,107,6.999996885340806,-17.499997418322664,50,22.853132709809532,11.926112122554631,10.927020587254901,22.897343302614544,11.329148468296715,11.56819483431783,0.596963654257916,22.925489583683174,0.7333400845527649,0.6671295182572471,0.16690558195114136,5.082739711972394,5.082739711972394,2.866862335341677,0,0.0,0,nan,,0,0,0.9985916614532471
M10_scale,procedural,dlc_individual_transition,31,10,M10_scale_n10_seed31,9,True,5,790,896,60,46,107,106,7.000010619530713,-17.500001064401886,50,17.311348570791704,7.535889592479226,9.775458978312479,19.2512219692847,9.281160233554466,9.970061735730233,-1.7452706410752405,22.350141507944766,0.34197065234184265,0.19218264539099394,0.33912139968015254,11.347920301052126,11.347920301052126,13.910563451349814,0,0.0,0,nan,,0,0,0.8738274574279785
M10_scale,procedural,dlc_individual_transition,31,10,M10_scale_n10_seed31,9,True,6,406,869,262,201,464,463,7.000010619530713,-17.500006993041097,50,17.828186508122787,13.765208619879475,4.062977888243312,13.876335390248432,11.791494127934834,2.0848412623135975,1.9737144919446408,20.91787656911757,0.43006178736686707,0.18288167936796149,0.4299210335011594,5.066521506867298,5.066521506867298,9.541287950507517,0,0.0,0,nan,,0,0,0.8738274574279785
M10_scale,procedural,dlc_individual_transition,31,10,M10_scale_n10_seed31,9,True,7,209,323,64,50,115,114,7.000002819266456,-17.499996680370714,50,21.410380686823263,10.574625727486321,10.835754959336942,21.521879706310063,10.932973474406042,10.588906231904021,-0.35834774691972093,15.117895159879675,0.32277563214302063,0.1148978819584717,0.30880166310817003,4.060655429898729,4.060655429898729,21.659528082439767,0,0.0,0,nan,,0,0,0.9927495121955872
M10_scale,procedural,dlc_joint_transition,31,10,M10_scale_n10_seed31,9,True,0,1200,1527,172,155,328,327,6.999988899783375,-17.500000015279056,50,15.805574654508042,11.522186025776067,4.283388628731975,14.761821582913894,11.732671037001994,3.0291505459119,-0.2104850112259271,13.493254021399794,1.001747965812683,0.9802169336414919,0.07970458269119263,8.840978788449693,8.840978788449693,6.351185062721824,0,0.0,0,nan,,16,0,0.9897058010101318
M10_scale,procedural,dlc_joint_transition,31,10,M10_scale_n10_seed31,9,True,1,1455,1626,117,54,172,171,6.999998390022256,-17.499996832471084,50,14.000892592154253,11.011489074731308,2.9894035174229447,17.416870412275603,11.435737906096776,5.981132506178827,-0.42424883136546754,17.79224534789373,1.0099557638168335,0.9224956614333529,0.24278557300567627,6.886609832319708,6.886609832319708,6.7155098783735365,0,0.0,0,nan,,15,0,0.8577885031700134
M10_scale,procedural,dlc_joint_transition,31,10,M10_scale_n10_seed31,9,True,2,1527,1665,67,71,139,138,7.00000029235116,-17.50000512442398,50,14.37665144702355,10.644522126663704,3.732129320359846,17.907458523720198,11.613347027431525,6.294111496288673,-0.9688249007678209,17.5029204506846,1.0099557638168335,0.8515977636515666,0.24278557300567627,6.688696301120273,6.688696301120273,6.886609832319708,0,0.0,0,nan,,5,0,0.8577885031700134
M10_scale,procedural,dlc_joint_transition,31,10,M10_scale_n10_seed31,9,True,4,1121,1443,192,130,323,322,6.999999864891834,-17.50000472450074,50,15.730938880292676,11.804973686567829,3.9259651937248474,15.31130705559126,11.713305135453368,3.598001920137893,0.09166855111446104,14.614855613816607,1.0001813173294067,0.9760248144344649,0.07813793420791626,6.725334067013412,6.725334067013412,5.262161364426726,0,0.0,0,nan,,6,0,0.9897058010101318
M10_scale,procedural,dlc_joint_transition,31,10,M10_scale_n10_seed31,9,True,5,442,1200,374,384,759,758,6.999996885340806,-17.500002487430947,50,14.33610758707908,13.407801607029262,0.928305980049819,14.837614995044845,13.61842687927831,1.219188115766535,-0.21062527224904848,15.985149495348354,0.9969568848609924,0.8187337610796978,0.5289233326911926,4.723748510818375,4.723748510818375,4.322022394413893,0,0.0,0,nan,,0,0,0.8397148251533508
M10_scale,procedural,dlc_joint_transition,31,10,M10_scale_n10_seed31,9,True,6,324,936,310,302,613,612,7.000010619530713,-17.499995346238506,50,15.16644810395284,15.026450423678456,0.13999768027438364,15.9921343177707,15.092801783737807,0.8993325340328937,-0.06635136005935038,13.93444812102487,0.9175539612770081,0.6901246872510257,0.7021057605743408,4.284655620694368,4.284655620694368,4.723748510818375,0,0.0,0,nan,,0,0,0.8175228834152222
M10_scale,procedural,dlc_joint_transition,31,10,M10_scale_n10_seed31,9,True,7,191,299,64,44,109,108,6.999999129034563,-17.50001003549778,50,21.26781531369381,10.285490362671467,10.982324951022342,21.109467598220835,10.8472572101783,10.262210388042535,-0.5617668475068331,20.736683933394204,0.7049623131752014,0.6218625990622634,0.13808518648147583,7.2720098622761835,7.2720098622761835,22.22712513726071,0,0.0,0,nan,,0,0,0.9975845217704773
M10_scale,procedural,dlc_joint_transition_observer,31,10,M10_scale_n10_seed31,9,True,0,634,718,50,34,85,84,6.99999605428161,-17.500004796096164,50,21.019522243024593,6.874898164263081,14.144624078761511,20.79149020159457,8.068665719887855,12.722824481706715,-1.193767555624774,20.61832632722201,0.8106396198272705,0.4999525078955819,0.6029630154371262,14.96152789212977,14.96152789212977,13.395824091973148,0,0.0,0,nan,,0,0,0.9796381592750549
M10_scale,procedural,dlc_joint_transition_observer,31,10,M10_scale_n10_seed31,9,True,1,667,778,60,51,112,111,6.999996885344103,-17.499998249390273,50,20.815086961277004,10.228044828091338,10.587042133185665,20.598526924167857,10.936089000944103,9.662437923223754,-0.7080441728527642,20.54745312669031,1.3383866548538208,0.8649811896362475,0.9053160846233368,11.999730058476125,11.999730058476125,9.360963870354592,0,0.0,0,nan,,38,0,0.985569179058075
M10_scale,procedural,dlc_joint_transition_observer,31,10,M10_scale_n10_seed31,9,True,2,693,812,69,50,120,119,6.999995223213546,-17.499998249390273,50,20.675816472893327,11.353344096470495,9.322472376422832,20.561848246346052,11.524000917412437,9.037847328933616,-0.17065682094194123,20.519188321947958,1.5309926271438599,1.1028126458326974,0.9081251621246338,9.359157365096973,9.359157365096973,11.999730058476125,0,0.0,0,nan,,72,0,0.985569179058075
M10_scale,procedural,dlc_joint_transition_observer,31,10,M10_scale_n10_seed31,9,True,3,787,1002,107,108,216,215,7.000000551425956,-17.50001281463983,50,20.516519054925322,14.25987909937506,6.256639955550261,20.418389153361506,14.218360093345826,6.20002906001568,0.04151900602923497,20.369425307476387,1.8212416172027588,1.682479562582793,0.4219468832015991,11.104461659440844,11.104461659440844,9.536139721857696,0,0.0,0,nan,,216,0,0.9913307428359985
M10_scale,procedural,dlc_joint_transition_observer,31,10,M10_scale_n10_seed31,9,True,4,363,490,8,119,128,127,7.000000594649464,-7.000002596260742,50,18.64662002429471,14.898044255037428,3.7485757692572808,18.91600433219401,14.966313770358322,3.9496905618356877,-0.06826951532089431,20.088502959599445,2.092772960662842,1.1397072994150221,1.4833250045776367,5.612560206764346,5.612560206764346,4.855363795443901,0,0.0,0,nan,,91,0,0.47054776549339294
M10_scale,procedural,dlc_joint_transition_observer,31,10,M10_scale_n10_seed31,9,True,7,222,332,95,15,111,110,59.49999321873679,-17.499996680370714,50,19.225258060674143,10.796702223049007,8.428555837625137,19.138615191060186,11.193030537985539,7.945584653074647,-0.3963283149365324,18.829278220814057,3.7919254302978516,2.592793465734602,2.314655065536499,21.680724679392615,21.680724679392615,18.577925701132358,0,0.0,0,nan,,111,0,0.009562734514474869
M10_scale,procedural,rule_expert_gate,31,10,M10_scale_n10_seed31,9,True,0,721,779,32,26,59,58,6.999996885343762,-17.499997418324938,50,27.07480999091217,8.86580443820047,18.209005552711698,26.81452548920724,9.231924173986005,17.582601315221236,-0.366119735785535,17.97205591315662,0.33932337164878845,0.31976454389297354,0.048341959714889526,4.44157409615548,4.44157409615548,9.530696828703766,0,0.0,0,nan,,0,0,0.9998273849487305
M10_scale,procedural,rule_expert_gate,31,10,M10_scale_n10_seed31,9,True,2,773,1498,515,210,726,725,7.000008000245089,-17.50001115251598,50,12.795536943839178,11.428471696300113,1.367065247539065,10.040501279196517,8.182767886205804,1.8577333929907134,3.2457038100943087,6.403700340151763,1.9067392349243164,0.37592912654580996,1.9040498991962522,5.752761789951004,5.752761789951004,4.6298020120917585,0,0.0,0,nan,,44,0,-0.15031404793262482
M10_scale,procedural,rule_expert_gate,31,10,M10_scale_n10_seed31,9,True,2,1659,1928,25,244,270,269,7.000001219448222,-7.000003977458164,50,6.475319627923561,6.289059358176324,0.18626026974723686,8.499524366265506,6.879705853376874,1.6198185128886324,-0.5906464952005495,8.787591801970505,4.542097091674805,2.7404595445703577,3.163485884666443,3.4489339152382263,3.4489339152382263,3.030499796600492,0,0.0,0,nan,,270,0,0.16253651678562164
M10_scale,procedural,rule_expert_gate,31,10,M10_scale_n10_seed31,9,True,4,294,653,142,217,360,359,7.000000831428565,-17.50000772625242,50,19.1918749751699,14.097971356404791,5.093903618765108,15.451914904843195,13.574540708579766,1.8773741962634283,0.523430647825025,26.157526124183377,0.4089317321777344,0.16910380587279278,0.40881775703746825,4.7119739530333185,4.7119739530333185,6.432285430681019,0,0.0,0,nan,,0,0,0.7198620438575745
M10_scale,procedural,rule_expert_gate,31,10,M10_scale_n10_seed31,9,True,5,294,375,40,41,82,81,7.000002596260856,-17.50000772625242,50,25.40996646968751,9.142147892137373,16.267818577550138,22.920831173892054,11.820000799239773,11.100830374652281,-2.6778529071024,13.757548942655589,0.4089317321777344,0.2414686192599375,0.3980038911104202,11.305380623412914,6.478346809292883,5.175841762260963,0,0.0,0,nan,,0,0,0.8944483995437622
M10_scale,procedural,rule_expert_gate,31,10,M10_scale_n10_seed31,9,True,6,150,263,62,51,114,113,6.999999129034563,-17.50001003549778,50,26.74860093863819,16.283413725813503,10.465187212824688,25.701337616809177,16.018337217684255,9.683000399124921,0.26507650812924766,25.79659694757604,0.31396418809890747,0.2517931946275527,0.1371476650238037,2.8298821266643315,2.8298821266643315,7.899129814090487,0,0.0,0,nan,,0,0,0.9912523031234741
M10_scale,procedural,rule_expert_gate,31,10,M10_scale_n10_seed31,9,True,7,130,195,40,25,66,65,6.999989464139389,-17.499996680370714,50,26.62970928807631,9.984407612457243,16.645301675619066,27.187453972714106,9.773476372172476,17.413977600541628,0.21093124028476673,25.631008900617317,0.28773391246795654,0.20698500503644798,0.20460667461156845,7.899129814090487,7.899129814090487,9.022806893157389,0,0.0,0,nan,,0,0,0.9972096681594849
M10_scale,procedural,dlc_individual_transition,32,10,M10_scale_n10_seed32,9,True,2,715,933,53,165,219,218,6.999997460238319,-17.500006336844308,50,20.146457777758183,8.387989717683304,11.758468060074879,3.43449367323211,4.74156024072404,-1.3070665674919297,3.6464294769592644,3.6359114586996575,1.0570263862609863,0.8605613501648924,0.5546174049377441,3.7607874486094754,3.7607874486094754,2.8877928501172834,0,0.0,0,nan,,75,0,-0.014796122908592224
M10_scale,procedural,dlc_individual_transition,32,10,M10_scale_n10_seed32,9,True,3,708,933,76,149,226,225,6.999997460238319,-17.500006336844308,50,17.15618707902624,9.623953822789327,7.532233256236912,3.216596955545567,5.347670622887511,-2.131073667341944,4.276283199901815,3.6359114586996575,1.0570263862609863,0.8517921092235936,0.5546174049377441,5.004579107034164,5.004579107034164,2.8877928501172834,0,0.0,0,nan,,75,0,-0.014796122908592224
M10_scale,procedural,dlc_individual_transition,32,10,M10_scale_n10_seed32,9,True,4,703,933,43,187,231,230,6.999997460238319,-17.500002633263193,50,21.87527298558183,9.176740153862642,12.698532831719188,5.056620759038346,6.400629924615753,-1.3440091655774076,2.776110229246889,3.6359114586996575,1.0570263862609863,0.8484999276858903,0.5546174049377441,2.8877928501172834,2.8877928501172834,3.7607874486094754,0,0.0,0,nan,,75,0,-0.014796122908592224
M10_scale,procedural,dlc_individual_transition,32,10,M10_scale_n10_seed32,9,True,6,341,610,132,137,270,269,6.999999366168595,-17.50000883873554,50,19.704610008586688,16.109769700699445,3.5948403078872424,15.830062962211164,14.520370283214568,1.309692678996596,1.5893994174848771,21.227333269480802,0.5857575535774231,0.2186861149536088,0.5856086695421254,4.082249060139241,4.082249060139241,12.183283210728199,0,0.0,0,nan,,0,0,0.18628722429275513
M10_scale,procedural,dlc_individual_transition,32,10,M10_scale_n10_seed32,9,True,7,203,310,62,45,108,107,6.999991211037013,-17.50000961904186,50,23.010546437993977,11.714424074764995,11.296122363228982,22.858795159489837,11.796163294512906,11.06263186497693,-0.08173921974791121,21.987200399532313,0.6226609945297241,0.5650095616777738,0.17707249522209167,4.5264861551357845,4.5264861551357845,23.371173437036486,0,0.0,0,nan,,0,0,0.9988180994987488
M10_scale,procedural,dlc_joint_transition,32,10,M10_scale_n10_seed32,9,True,0,938,1202,202,62,265,264,6.999996465653567,-17.50001250521086,50,14.71464095715204,12.579013739509874,2.135627217642167,15.414463714102995,9.785185178021225,5.62927853608177,2.793828561488649,15.558933052617238,1.0106538534164429,0.9574349056999638,0.12308859825134277,15.395999136036478,15.395999136036478,6.308016767519688,0,0.0,0,nan,,14,0,0.9867655038833618
M10_scale,procedural,dlc_joint_transition,32,10,M10_scale_n10_seed32,9,True,2,684,767,29,54,84,83,6.999997460238092,-17.500002633263193,50,21.65497244453542,6.012689775952481,15.64228266858294,13.49783966549097,6.134425376248714,7.363414289242256,-0.12173560029623332,15.446328555234572,0.6115114092826843,0.4835065989976838,0.24794569611549377,3.006319591209206,3.006319591209206,4.752114686755547,0,0.0,0,nan,,0,0,0.8202191591262817
M10_scale,procedural,dlc_joint_transition,32,10,M10_scale_n10_seed32,9,True,3,684,1191,433,74,508,507,7.000000866511982,-17.500006336844308,50,15.25355931387986,13.899300810028148,1.354258503851712,15.28091993042179,10.39836139878895,4.88255853163284,3.500939411239198,15.5553867752843,1.0106538534164429,0.7835616560902182,0.6470881402492523,10.6882288929919,10.6882288929919,3.006319591209206,0,0.0,0,nan,,14,0,0.8202191591262817
M10_scale,procedural,dlc_joint_transition,32,10,M10_scale_n10_seed32,9,True,4,674,1158,315,169,485,484,7.000000512232418,-17.50000789518458,50,15.640016952340513,14.204171937114445,1.435845015226068,14.870636963627895,12.847972409397542,2.022664554230353,1.3561995277169032,15.477933885880393,1.0106538534164429,0.7731770501923315,0.6470881402492523,6.75007555021068,6.75007555021068,3.006319591209206,0,0.0,0,nan,,14,0,0.8202191591262817
M10_scale,procedural,dlc_joint_transition,32,10,M10_scale_n10_seed32,9,True,5,650,1114,46,418,465,464,7.000004013615126,-17.50000268947656,50,21.46734236453087,12.179223180611809,9.288119183919063,15.080464770473123,14.08342223433816,0.9970425361349626,-1.9041990537263516,15.170447290963885,1.0106538534164429,0.7541528988909978,0.6470881402492523,4.400715192531149,4.400715192531149,3.006319591209206,0,0.0,0,nan,,14,0,0.8202191591262817
M10_scale,procedural,dlc_joint_transition,32,10,M10_scale_n10_seed32,9,True,6,499,684,123,62,186,185,7.000000260555225,-17.500002201879852,50,22.11528367880113,16.806163982656273,5.309119696144858,21.630762685564665,16.800288149287883,4.830474536276782,0.0058758333683890385,17.9908735207578,0.7873486280441284,0.7358447002467289,0.1758372187614441,4.744372917264146,4.744372917264146,10.346861037396447,0,0.0,0,nan,,0,0,0.8202191591262817
M10_scale,procedural,dlc_joint_transition,32,10,M10_scale_n10_seed32,9,True,7,231,397,72,94,167,166,7.000013778475477,-17.500009619039247,50,21.02197157195724,11.849223265136663,9.172748306820578,16.714639030863786,11.841793543561954,4.8728454873018325,0.007429721574709447,18.134803471439476,0.748013973236084,0.7326474910724663,0.07321524620056152,5.236046923639277,5.236046923639277,21.807407595711766,0,0.0,0,nan,,0,0,0.9177371859550476
M10_scale,procedural,dlc_joint_transition_observer,32,10,M10_scale_n10_seed32,9,True,0,1042,1112,47,23,71,70,6.999997403747784,-17.5000039911547,50,23.572044543533767,10.407391388579565,13.164653154954202,23.483173131172027,9.207312265004145,14.275860866167882,1.2000791235754207,23.42306357607562,1.338778018951416,1.1759271554543937,0.41702359914779663,14.753891449886662,14.753891449886662,6.837902241788132,0,0.0,0,nan,,60,0,0.9913732409477234
M10_scale,procedural,dlc_joint_transition_observer,32,10,M10_scale_n10_seed32,9,True,1,1112,1216,60,44,105,104,7.0000007089970495,-17.500001493445097,50,23.418207107373185,12.610045825403668,10.808161281969516,23.36062420306537,12.713085764424248,10.647538438641122,-0.1030399390205794,23.30966155267324,1.9695065021514893,1.6912381864729382,0.6307284832000732,12.58391963107583,12.58391963107583,13.130040166518159,0,0.0,0,nan,,105,0,0.9926777482032776
M10_scale,procedural,dlc_joint_transition_observer,32,10,M10_scale_n10_seed32,9,True,2,698,909,53,158,212,211,7.000009711528264,-17.500002633263193,50,16.955154465161378,6.804727237480331,10.150427227681046,8.372315334210807,6.744325557968448,1.6279897762423587,0.06040167951188291,24.33024986580611,0.5861209034919739,0.17486660753020947,0.5841059249360114,3.4186701449435075,3.4186701449435075,2.9143662721103456,0,0.0,0,nan,,0,0,0.6544207334518433
M10_scale,procedural,dlc_joint_transition_observer,32,10,M10_scale_n10_seed32,9,True,3,1027,1105,52,26,79,78,7.000001982200047,-17.500001209300763,50,23.60156796425508,11.443184025706909,12.15838393854817,23.526289450956067,9.853052150330178,13.673237300625889,1.5901318753767306,23.425381559549162,1.3260170221328735,1.1017093054855926,0.5265436172485352,10.474540619124479,10.474540619124479,6.837902241788132,0,0.0,0,nan,,53,0,0.9913732409477234
M10_scale,procedural,dlc_joint_transition_observer,32,10,M10_scale_n10_seed32,9,True,4,997,1099,63,39,103,102,7.000004013615126,-17.49999929855403,50,23.693050982624666,12.472604869068888,11.220446113555777,23.55359286742562,11.160705071155592,12.39288779627003,1.3118997979132967,23.432850221148854,1.3260170221328735,0.9610652802059951,0.7964625358581543,6.837902241788132,6.837902241788132,10.474540619124479,0,0.0,0,nan,,47,0,0.98960942029953
M10_scale,procedural,dlc_joint_transition_observer,32,10,M10_scale_n10_seed32,9,True,5,664,945,129,152,282,281,7.000010666896742,-17.500004167698762,50,14.603001292289782,10.959565448090462,3.6434358441993204,12.371390145608805,10.706849776683017,1.6645403689257883,0.25271567140744544,24.03886230582937,0.5861209034919739,0.20872183071023367,0.5841059249360114,5.721868449702463,5.721868449702463,2.887066013237055,0,0.0,0,nan,,0,0,0.6544207334518433
M10_scale,procedural,dlc_joint_transition_observer,32,10,M10_scale_n10_seed32,9,True,6,499,718,148,71,220,219,7.000003987405762,-17.500002201879852,50,21.217061076118803,16.822452556882265,4.394608519236538,20.170988919882653,15.09977595188222,5.071212968000433,1.7226766050000446,12.827613908254026,0.579383909702301,0.44890549516792155,0.5773689311463386,2.887066013237055,2.887066013237055,9.958689552725339,0,0.0,0,nan,,0,0,0.6544207334518433
M10_scale,procedural,dlc_joint_transition_observer,32,10,M10_scale_n10_seed32,9,True,7,228,385,90,67,158,157,7.000007006761507,-17.500009619039247,50,18.848973895477158,11.790729760944798,7.0582441345323605,19.00824694126163,11.853146960686818,7.155099980574811,-0.0624171997420202,19.41525044658444,0.8889111280441284,0.6112592039228995,0.48244911432266235,2.9252055266432424,2.9252055266432424,23.400286555690624,0,0.0,0,nan,,0,0,0.9917697310447693
M10_scale,procedural,rule_expert_gate,32,10,M10_scale_n10_seed32,9,True,2,704,946,40,202,243,242,6.9999965048705235,-17.500002633263193,50,20.11336375029744,6.796406904514856,13.316956845782585,7.150013294972503,5.637428423023021,1.5125848719494819,1.1589784814918351,5.340158303608261,2.030632972717285,0.4884862035571371,2.029610066791065,3.419038829223748,3.419038829223748,2.7904239577401246,0,0.0,0,nan,,45,20,-0.36026471853256226
M10_scale,procedural,rule_expert_gate,32,10,M10_scale_n10_seed32,9,True,2,1103,1218,54,61,116,115,6.999997460238319,-6.999996504870296,50,3.0112255663438154,5.0541755144295015,-2.042949948085686,6.323256246158951,5.329801270584609,0.993454975574342,-0.2756257561551072,14.314938103047474,4.330936908721924,3.9942375318757417,0.777587890625,5.649709441611743,5.394936070011113,3.4944135449760254,0,0.0,0,nan,,116,0,0.7516186237335205
M10_scale,procedural,rule_expert_gate,32,10,M10_scale_n10_seed32,9,True,7,127,386,66,193,260,259,6.999991792324181,-17.500001430534326,50,21.85198324007271,10.99057354836729,10.861409691705418,9.877469279405174,8.75254304690857,1.1249262324966036,2.23803050145872,20.22285038759519,0.933440089225769,0.5083367336236944,0.9263519183732569,3.9045946856366895,3.9045946856366895,19.670533983002827,0,0.0,0,nan,,0,0,0.4453279972076416
M4_sparse,procedural,dlc_individual_transition,21,4,M4_sparse_n4_seed21,3,True,2,1,47,13,33,47,46,6.999999259432002,-7.00000465818141,50,9.10854602423136,7.317510916464686,1.7910351077666746,24.314943520748667,11.666204583252242,12.648738937496425,-4.348693666787556,29.913268951169616,0.6911291480064392,0.3172550432859583,0.48965223133563995,4.084087598115365,4.084087598115365,48.99202245739107,0,0.0,0,nan,,0,0,0.9311729073524475
M4_sparse,procedural,dlc_joint_transition,21,4,M4_sparse_n4_seed21,3,True,0,136,202,36,30,67,66,7.00000004685262,-17.500000134601805,50,29.3021397561545,11.815548505135077,17.486591251019423,29.236731910254075,11.753648381815404,17.48308352843867,0.06190012331967232,29.896288866875043,0.9648130536079407,0.6300453597040319,0.6114700138568878,6.634313066648394,6.634313066648394,4.321320747979903,0,0.0,0,nan,,0,0,0.9926020503044128
M4_sparse,procedural,dlc_joint_transition,21,4,M4_sparse_n4_seed21,3,True,1,136,202,37,29,67,66,7.00000004685262,-17.500000134601805,50,29.300581247143192,11.93469815047241,17.365883096670782,29.23646490982366,11.757463059382328,17.479001850441332,0.17723509109008262,29.896288866875043,0.9648130536079407,0.6300453597040319,0.6114700138568878,4.321320747979903,4.321320747979903,6.634313066648394,0,0.0,0,nan,,0,0,0.9926020503044128
M4_sparse,procedural,dlc_joint_transition,21,4,M4_sparse_n4_seed21,3,True,2,1,47,13,33,47,46,6.999999259432002,-7.00000465818141,50,9.137719246876571,7.317510916464686,1.8202083304118855,24.098830698593762,11.666204583252242,12.43262611534152,-4.348693666787556,29.397412086436024,0.2958301603794098,0.20452212748375345,0.1722237765789032,3.1649210059889077,3.1649210059889077,48.76444526795527,0,0.0,0,nan,,0,0,0.9460520148277283
M4_sparse,procedural,dlc_joint_transition_observer,21,4,M4_sparse_n4_seed21,3,True,0,155,233,47,31,79,78,6.999997220592604,-17.500001079191406,50,26.4614385357431,11.813142850153099,14.64829568559,26.292988159246494,11.770729558833633,14.522258600412862,0.04241329131946614,31.49870119760198,0.6190809607505798,0.5389385940153387,0.10196441411972046,5.250693447440291,5.250693447440291,2.860941282260232,0,0.0,0,nan,,0,0,0.9243333339691162
M4_sparse,procedural,dlc_joint_transition_observer,21,4,M4_sparse_n4_seed21,3,True,1,155,233,48,30,79,78,6.999997220592604,-17.500001079191406,50,26.45483576763944,11.767181954441797,14.687653813197644,26.297937575662434,11.763454934765521,14.534482640896913,0.0037270196762762,31.49870119760198,0.6190809607505798,0.5389385940153387,0.10196441411972046,2.860941282260232,2.860941282260232,5.250693447440291,0,0.0,0,nan,,0,0,0.9243333339691162
M4_sparse,procedural,dlc_joint_transition_observer,21,4,M4_sparse_n4_seed21,3,True,2,1,56,14,41,56,55,7.000000342117687,-7.00000465818141,50,9.204123789130865,7.563349936924931,1.6407738522059336,23.277617856706165,11.826430142760302,11.451187713945863,-4.2630802058353705,26.432594682110672,0.37913599610328674,0.23850685491093568,0.2307453602552414,3.390974696984047,3.390974696984047,47.55259160694344,0,0.0,0,nan,,0,0,0.946067214012146
M4_sparse,procedural,rule_expert_gate,21,4,M4_sparse_n4_seed21,3,True,0,153,767,47,567,615,614,6.999993280543094,-17.500001079191406,50,26.314865563565988,11.765878246243666,14.548987317322322,7.633501419319273,7.023050632334315,0.6104507869849582,4.742827613909351,14.735307190131486,6.859933376312256,3.442310903010875,6.855235544964671,2.902685992938332,2.902685992938332,2.6675631663132737,0,0.0,0,nan,,447,89,-0.7348840832710266
M4_sparse,procedural,rule_expert_gate,21,4,M4_sparse_n4_seed21,3,True,1,153,767,61,553,615,614,6.999993280543094,-17.500001079191406,50,22.968583940961203,11.154344809364495,11.814239131596707,7.529675164273049,7.248586577799865,0.28108858647318335,3.90575823156463,14.735307190131486,6.859933376312256,3.442310903010875,6.855235544964671,2.6675631663132737,2.6675631663132737,2.902685992938332,0,0.0,0,nan,,447,89,-0.7348840832710266
M4_sparse,procedural,rule_expert_gate,21,4,M4_sparse_n4_seed21,3,True,2,1,49,15,33,49,48,6.999999259432002,-7.00000465818141,50,9.740757180813194,7.770007116787897,1.9707500640252968,23.06975572594207,11.364893950535436,11.704861775406634,-3.5948868337475384,26.74512677626206,0.2850640118122101,0.18535361955968702,0.19840504974126816,3.0829660747776995,3.0829660747776995,49.62465707390384,0,0.0,0,nan,,0,0,0.9326328039169312
M4_sparse,procedural,rule_expert_gate,21,4,M4_sparse_n4_seed21,3,True,2,1311,1399,51,37,89,88,6.999999451476469,-17.50000473275759,50,26.559759708971836,11.45737187934699,15.102387829624845,26.814717025622286,12.56339390707415,14.251323118548136,-1.1060220277271604,25.95698362829513,0.42346352338790894,0.3835287793968501,0.137587308883667,2.5464938674062605,2.5464938674062605,143.15525748997604,0,0.0,0,nan,,0,0,0.9650440812110901
M4_sparse,procedural,dlc_joint_transition_observer,22,4,M4_sparse_n4_seed22,3,True,2,1,172,22,149,172,171,6.9999991290018215,-7.00000604697243,50,9.530387449517432,7.784008975359495,1.746378474157937,8.798661459889747,8.323666132962028,0.4749953269277185,-0.5396571576025329,2.4201802347022667,0.6177045106887817,0.2875309719455017,0.6122190598398447,3.8869685615118175,3.8869685615118175,56.31530409421431,0,0.0,0,nan,,0,24,-0.7482495307922363
M4_sparse,procedural,rule_expert_gate,22,4,M4_sparse_n4_seed22,3,True,0,384,478,53,41,95,94,6.999991401463262,-17.500002644386313,50,25.064205282232795,10.709984230915907,14.354221051316888,22.043806734822265,10.771724495542836,11.27208223927943,-0.06174026462692872,11.548571058753765,0.46483802795410156,0.2493158360992215,0.46287407586351037,3.152065470921837,3.152065470921837,5.2164068187704515,0,0.0,0,nan,,0,0,0.8604705929756165
M4_sparse,procedural,rule_expert_gate,22,4,M4_sparse_n4_seed22,3,True,0,802,1179,115,262,378,377,7.0000046200800625,-17.500004940895906,50,16.470252297544977,10.598768226569609,5.871484070975368,9.658752536442085,8.385661266251507,1.2730912701905783,2.213106960318102,6.74550765249384,2.2588202953338623,0.5095380852861261,2.2565407725051045,4.7795906695770745,4.7795906695770745,4.607134910915564,0,0.0,0,nan,,60,67,-0.7565188407897949
M4_sparse,procedural,rule_expert_gate,22,4,M4_sparse_n4_seed22,3,True,1,409,810,149,252,402,401,7.0000046200815405,-17.50000494089545,50,19.132679069357188,8.90730266877799,10.225376400579197,13.051464626024208,8.151985998061397,4.899478627962811,0.7553166707165939,21.59129043995092,4.266069412231445,1.4233827299672406,4.264105460140854,2.7457361847008905,2.7457361847008905,3.152065470921837,0,0.0,0,nan,,183,99,-0.9421839714050293
M4_sparse,procedural,rule_expert_gate,22,4,M4_sparse_n4_seed22,3,True,2,1,148,26,121,148,147,6.9999991290018215,-7.00000604697243,50,10.401984348412837,8.488543752724585,1.913440595688252,11.577532270460162,8.277509054185009,3.3000232162751537,0.21103469853957613,21.64137809158898,0.7631510496139526,0.32673774304488246,0.7620815628906712,3.893790566274902,3.893790566274902,56.735212587275356,0,0.0,0,nan,,0,0,-0.16019688546657562
M4_sparse,procedural,dlc_individual_transition,23,4,M4_sparse_n4_seed23,3,True,2,1,54,15,38,54,53,7.000002564429337,-7.000003336999157,50,9.961393161814147,7.7473293559227105,2.2140638058914366,25.76827647914493,11.804821593133562,13.963454886011368,-4.057492237210852,29.577318732675135,0.7818005681037903,0.30121789983025304,0.6554450541734695,3.43025614091135,3.43025614091135,47.114630488308485,0,0.0,0,nan,,0,0,0.9255203008651733
M4_sparse,procedural,dlc_joint_transition,23,4,M4_sparse_n4_seed23,3,True,2,1,50,15,34,50,49,6.999998427095079,-7.000003336999157,50,9.975191280781202,7.7473293559227105,2.227861924858491,22.89697008376341,10.566762159490818,12.330207924272592,-2.819432803568107,27.10844683564404,0.2561179995536804,0.12972640056628734,0.2532657394185662,2.6849764090140344,2.6849764090140344,49.877824831223265,0,0.0,0,nan,,0,0,0.9438033699989319
M4_sparse,procedural,dlc_joint_transition_observer,23,4,M4_sparse_n4_seed23,3,True,0,154,250,43,53,97,96,6.999998548072654,-17.500000292777145,50,26.998334871001234,11.736878799102971,15.261456071898262,19.402109083228837,11.385374617275977,8.01673446595286,0.3515041818269946,26.25386090356671,0.7878902554512024,0.6160988297659097,0.2380915880203247,5.555813248892233,5.555813248892233,4.307617696368597,0,0.0,0,nan,,0,0,0.9421983957290649
M4_sparse,procedural,dlc_joint_transition_observer,23,4,M4_sparse_n4_seed23,3,True,1,154,256,48,54,103,102,6.999998190100882,-17.500000292777145,50,26.78659831722385,12.692696105412145,14.093902211811704,18.69500197602714,11.980929939547718,6.714072036479422,0.711766165864427,27.65004468359893,0.7878902554512024,0.6235782284181095,0.2380915880203247,4.307617696368597,4.307617696368597,5.555813248892233,0,0.0,0,nan,,0,0,0.8851546049118042
M4_sparse,procedural,dlc_joint_transition_observer,23,4,M4_sparse_n4_seed23,3,True,2,1,56,15,40,56,55,7.000002564429337,-7.000003336999157,50,9.932364140886511,7.7473293559227105,2.1850347849638005,23.485030672567536,11.791545490136375,11.69348518243116,-4.044216134213665,26.977958505254975,0.39465922117233276,0.2090878900406616,0.2871551290154457,3.051957997975636,3.051957997975636,47.87347188670911,0,0.0,0,nan,,0,0,0.944347620010376
M4_sparse,procedural,rule_expert_gate,23,4,M4_sparse_n4_seed23,3,True,0,366,1094,201,527,729,728,7.000005643123927,-17.500006586508334,50,12.38300265660672,8.703046639453653,3.679956017153067,8.03857798435435,7.6083984708590435,0.4301795134953057,1.0946481685946097,7.259018261786121,3.054168462753296,1.4459074403859409,3.051241830922663,3.826363883799403,3.826363883799403,3.5627321130629532,0,0.0,0,nan,,470,42,-0.8170374035835266
M4_sparse,procedural,rule_expert_gate,23,4,M4_sparse_n4_seed23,3,True,0,1191,1263,1,71,73,72,6.9999986251814335,-7.000005643124609,50,4.881047437360843,6.246031557087234,-1.3649841197263903,5.691767201696272,6.259098531509829,-0.5673313298135572,-0.013066974422595301,16.41072569611298,2.067990779876709,1.9344385650059948,0.48408257961273193,3.6229985960808424,3.6229985960808424,27.963258949082423,0,0.0,0,nan,,73,0,-0.3055722713470459
M4_sparse,procedural,rule_expert_gate,23,4,M4_sparse_n4_seed23,3,True,2,1,140,19,120,140,139,7.000002564429337,-7.000003336999157,50,9.070988715433089,7.601439906025838,1.4695488094072502,10.873776551974766,8.318057328191946,2.5557192237828197,-0.7166174221661077,18.44193925535354,0.7459083795547485,0.4142831958863618,0.7398894536308944,3.8375342420267167,3.8375342420267167,56.417321749297514,0,0.0,0,nan,,0,0,0.1273062825202942
M4_sparse,procedural,rule_expert_gate,23,4,M4_sparse_n4_seed23,3,True,2,1615,1863,76,172,249,248,6.999999510009047,-17.499998976367124,50,19.294287848331624,10.507249562897677,8.787038285433947,10.570107603528392,8.68641802406227,1.8836895794661217,1.8208315388354066,7.687530078015339,1.110489845275879,0.27074195911928295,1.1087700510397553,4.748590957738855,4.748590957738855,69.78997315338916,0,0.0,0,nan,,5,12,-0.6425696015357971
M4_sparse,procedural,rule_expert_gate,23,4,M4_sparse_n4_seed23,3,True,2,2021,2079,29,29,59,58,6.999999817047865,-7.000000314878662,50,16.87559673415262,6.14830726276444,10.727289471388179,19.122509403604674,6.595542231451543,12.526967172153132,-0.4472349686871029,22.70509153446224,1.6280620098114014,0.5302099028475962,1.6218660967424512,14.245522487747362,14.245522487747362,13.787007563655745,0,0.0,0,nan,,14,14,-0.6968387365341187
M4_sparse,procedural,rule_expert_gate,24,4,M4_sparse_n4_seed24,3,True,0,178,395,43,174,218,217,6.999993076970895,-17.499997306641944,50,25.80548980716473,11.592514067068436,14.212975740096294,10.319213624027585,8.003304170834694,2.3159094531928908,3.5892098962337418,5.783315756042297,1.6023237705230713,0.4846971331446201,1.597693161573261,5.853170535274494,5.763178536484008,5.059211263194733,0,0.0,0,nan,,31,0,-0.07182112336158752
M4_sparse,procedural,rule_expert_gate,24,4,M4_sparse_n4_seed24,3,True,0,506,978,99,373,473,472,6.999999321783434,-7.00001445421276,50,10.45020904680752,9.0831024645618,1.3671065822457198,10.3927028406074,8.881698081884666,1.5110047587227342,0.20140438267713456,19.87740511669175,2.4647951126098633,0.9021259967481863,2.289712831377983,3.367466709675976,3.367466709675976,2.5412459065968234,0,0.0,0,nan,,219,0,0.10118763893842697
M4_sparse,procedural,rule_expert_gate,24,4,M4_sparse_n4_seed24,3,True,1,619,993,92,282,375,374,6.999999321783434,-7.000014454212987,50,11.434010988671874,11.113914555864342,0.32009643280753153,11.159726546020458,9.790244708685172,1.369481837335286,1.3236698471791701,18.02914828368909,2.2307963371276855,0.7148873901764552,2.0557140558958054,2.5412459065968234,2.5412459065968234,3.367466709675976,0,0.0,0,nan,,135,0,0.373275488615036
M4_sparse,procedural,dlc_individual_transition,25,4,M4_sparse_n4_seed25,3,True,2,1,190,25,164,190,189,6.999994512786657,-7.000005558363682,50,10.28398537375374,8.084705944994754,2.1992794287589863,7.7755599717169925,7.979203993623705,-0.2036440219067126,0.1055019513710489,2.050367641273571,0.5398146510124207,0.2831865467645816,0.5375733026303351,4.07526992240603,4.07526992240603,56.789043895845055,0,0.0,0,nan,,0,53,-0.7238830924034119
M4_sparse,procedural,dlc_joint_transition,25,4,M4_sparse_n4_seed25,3,True,2,1,897,313,583,897,896,6.999993917481561,-10.500003020890063,50,9.919896391908983,9.581072106069207,0.33882428583977564,9.832113053118052,9.300295279339025,0.5318177737790268,0.28077682673018245,30.97007372943983,1.5480817556381226,0.39766705474310626,1.5475127657991834,4.886543159524588,4.886543159524588,54.4150539273238,0,0.0,0,nan,,160,0,0.5046167969703674
M4_sparse,procedural,dlc_individual_transition,26,4,M4_sparse_n4_seed26,3,True,2,1,165,16,148,165,164,6.9999976442173875,-7.000000633798209,50,10.377543364080736,7.893199574977036,2.4843437891037006,8.656231813255966,8.174038387604263,0.48219342565170287,-0.280838812627227,1.292921491104071,0.6511875987052917,0.31764317381506163,0.6467649037949741,3.753043992710254,3.753043992710254,56.18586723886971,0,0.0,0,nan,,0,19,-0.6336091160774231
M4_sparse,procedural,dlc_joint_transition_observer,26,4,M4_sparse_n4_seed26,3,True,2,1,166,18,147,166,165,6.9999976442173875,-7.000002487670258,50,10.043145905047272,7.87965588548732,2.1634900195599513,8.99229029302693,8.409761906321854,0.582528386705075,-0.5301060208345341,2.0553646747230268,0.5814428329467773,0.2777822958382621,0.5803316674428061,3.838542124970015,3.838542124970015,56.27134037466536,0,0.0,0,nan,,0,22,-0.7516441941261292
M4_sparse,procedural,rule_expert_gate,26,4,M4_sparse_n4_seed26,3,True,0,371,433,38,24,63,62,7.000000891943614,-17.499992111685515,50,25.84159467852486,6.236180140058053,19.605414538466807,25.13542333860258,6.200651442171826,18.934771896430753,0.035528697886227256,22.737784590824333,0.4422278106212616,0.3200264031451846,0.21054594218730927,12.15400124296848,12.15400124296848,11.543272838343501,0,0.0,0,nan,,0,0,0.9244874715805054
M4_sparse,procedural,rule_expert_gate,26,4,M4_sparse_n4_seed26,3,True,1,377,433,32,24,57,56,7.000000891943614,-17.49999720160065,50,25.645839078765565,6.093545863795233,19.552293214970334,25.13542333860258,5.701224396648122,19.434198941954456,0.39232146714711114,22.737784590824333,0.4422278106212616,0.3282602764012521,0.21054594218730927,11.543272838343501,11.543272838343501,12.15400124296848,0,0.0,0,nan,,0,0,0.9244874715805054
M4_sparse,procedural,rule_expert_gate,26,4,M4_sparse_n4_seed26,3,True,2,1,141,23,117,141,140,6.9999976442173875,-7.000002487670258,50,10.152654474904695,8.214957832617118,1.9376966422875768,11.757045957365131,8.531605652330072,3.2254403050350593,-0.3166478197129532,19.635816230545913,0.6470863819122314,0.3277668102482558,0.644831447629258,3.8833476255341197,3.8833476255341197,56.65324644002112,0,0.0,0,nan,,0,8,-0.27064624428749084
M4_sparse,procedural,dlc_individual_transition,27,4,M4_sparse_n4_seed27,3,True,2,1,46,9,36,46,45,6.999997195636752,-6.999994797534441,50,5.999981180579653,5.959999661568719,0.03998151901093383,22.9755562649405,11.300144442784884,11.675411822155617,-5.340144781216165,28.882071366146903,0.7604289054870605,0.4165184109107308,0.45041605830192566,5.002864658753148,5.002864658753148,49.17845055533157,0,0.0,0,nan,,0,0,0.9446595907211304
M4_sparse,procedural,dlc_joint_transition,27,4,M4_sparse_n4_seed27,3,True,2,1,46,9,36,46,45,6.999997195636752,-6.999994797534441,50,6.025599967583563,5.959999661568719,0.06560030601484446,22.88302278184216,11.300144442784884,11.582878339057277,-5.340144781216165,28.85883715201469,0.4020732641220093,0.33552628042905225,0.12312757968902588,4.528221143071262,4.528221143071262,48.87478905391111,0,0.0,0,nan,,0,0,0.954004168510437
M4_sparse,procedural,dlc_joint_transition_observer,27,4,M4_sparse_n4_seed27,3,True,0,165,244,45,34,80,79,7.000003067539865,-17.4999982215096,50,25.633362156808513,11.559825429800545,14.073536727007967,25.61325413136837,11.789359471031457,13.823894660336915,-0.22953404123091126,32.667343746444544,0.8550071716308594,0.7600988574326039,0.14639759063720703,6.49077336738174,6.49077336738174,4.238051917129154,0,0.0,0,nan,,0,0,0.9236919283866882
M4_sparse,procedural,dlc_joint_transition_observer,27,4,M4_sparse_n4_seed27,3,True,1,165,244,51,28,80,79,7.000003067539865,-17.500000752326514,50,25.632303765580396,12.496308917591778,13.135994847988618,25.610873052796677,12.439513978075675,13.171359074721002,0.05679493951610226,32.667343746444544,0.8550071716308594,0.7600988574326039,0.14639759063720703,4.238051917129154,4.238051917129154,6.49077336738174,0,0.0,0,nan,,0,0,0.9236919283866882
M4_sparse,procedural,dlc_joint_transition_observer,27,4,M4_sparse_n4_seed27,3,True,2,1,49,9,39,49,48,6.999997195636752,-6.999994797534441,50,5.977046910228689,5.959999661568719,0.01704724865997065,21.353925134127206,11.441251285139629,9.912673848987577,-5.48125162357091,25.521963962661413,0.4000736176967621,0.32983369486672537,0.12359011173248291,4.481799333825432,4.481799333825432,49.551829983799045,0,0.0,0,nan,,0,0,0.9540044665336609
M4_sparse,procedural,ppo_continuous,27,4,M4_sparse_n4_seed27,3,True,2,1,571,16,554,571,570,6.999997195636752,-7.00000202037927,50,6.2570764693127945,6.675226285157003,-0.41814981584420874,4.147610272205252,6.3518120077749725,-2.20420173556972,0.32341427738203077,1.9149603934792565,1.7267073392868042,0.7108868072940944,1.7256650981726125,3.663468000072883,3.663468000072883,56.62918840415149,0,0.0,0,nan,,112,219,-0.9999999403953552
M4_sparse,procedural,ppo_continuous,27,4,M4_sparse_n4_seed27,3,True,2,722,897,4,171,176,175,66.49999708832911,-7.000001564471972,50,4.630004153305223,5.914288428592081,-1.2842842752868577,5.085207292568433,6.08438667404807,-0.999179381479637,-0.17009824545598917,4.07761136406194,3.4021713733673096,2.1811663657426834,2.2356767654418945,3.8039891334675584,3.7158800787088713,153.4924160053173,0,0.0,0,nan,,176,74,-0.12028291821479797
M4_sparse,procedural,ppo_continuous,27,4,M4_sparse_n4_seed27,3,True,2,1523,1601,3,75,79,78,73.49999636010955,-7.000002135039836,50,3.896423349703836,5.796868189244486,-1.9004448395406497,4.124187446931158,5.996784241263069,-1.872596794331911,-0.1999160520185832,3.7974642436016426,3.685319662094116,3.2216212930558603,0.8388307094573975,3.7225970232766326,3.7126242344474822,317.2874269394668,0,0.0,0,nan,,79,19,0.03821554407477379
M4_sparse,procedural,rule_expert_gate,27,4,M4_sparse_n4_seed27,3,True,2,1,47,9,37,47,46,6.999997195636752,-6.999994797534441,50,5.931636261422763,5.959999661568719,-0.028363400145956064,22.060471230962907,11.346966652863053,10.713504578099855,-5.386966991294334,27.05960852999655,0.3746761977672577,0.2784908198295756,0.16554459929466248,4.0169829591949835,4.0169829591949835,49.46188157516431,0,0.0,0,nan,,0,0,0.9498204588890076
M4_sparse,procedural,dlc_individual_transition,28,4,M4_sparse_n4_seed28,3,True,2,1,46,8,37,46,45,7.000004502685329,-6.999995182067096,50,5.5705115408526815,5.5509698108790495,0.019541729973632016,22.579661247773654,11.625063602536422,10.954597645237232,-6.074093791657372,28.548575641414505,0.779920220375061,0.43639232412628504,0.4462795853614807,5.211310750868042,5.211310750868042,49.16946337648361,0,0.0,0,nan,,0,0,0.9485684633255005
M4_sparse,procedural,dlc_joint_transition,28,4,M4_sparse_n4_seed28,3,True,2,1,46,8,37,46,45,7.000004502685329,-6.999995182067096,50,5.592725005801974,5.5509698108790495,0.04175519492292423,22.458957848517933,11.625063602536422,10.833894245981512,-6.074093791657372,28.614400306669843,0.45776331424713135,0.36590035065360693,0.13877612352371216,4.858510509263447,4.858510509263447,48.8936619490502,0,0.0,0,nan,,0,0,0.9537336230278015
M4_sparse,procedural,dlc_joint_transition_observer,28,4,M4_sparse_n4_seed28,3,True,0,165,244,45,34,80,79,6.9999983694833645,-17.50000076265701,50,25.570859359554667,11.595275027855545,13.975584331699123,25.553748615998785,11.780567644487935,13.77318097151085,-0.18529261663239005,32.705490697970795,0.8817912936210632,0.7808526292443275,0.1558213233947754,6.649459913352862,6.649459913352862,4.420338759014509,0,0.0,0,nan,,0,0,0.9245797991752625
M4_sparse,procedural,dlc_joint_transition_observer,28,4,M4_sparse_n4_seed28,3,True,1,165,244,52,27,80,79,6.9999983694833645,-17.50000076265701,50,25.569796608940496,12.462228571178086,13.10756803776241,25.551359276259728,12.391417228685683,13.159942047574045,0.07081134249240328,32.705490697970795,0.8817912936210632,0.7808526292443275,0.1558213233947754,4.420338759014509,4.420338759014509,6.649459913352862,0,0.0,0,nan,,0,0,0.9245797991752625
M4_sparse,procedural,dlc_joint_transition_observer,28,4,M4_sparse_n4_seed28,3,True,2,1,48,8,39,48,47,7.000004502685329,-6.999995182067096,50,5.553453627184663,5.5509698108790495,0.002483816305613118,20.955924900743703,11.331098046268732,9.624826854474971,-5.780128235389682,25.450168372151687,0.40744349360466003,0.34414725191891193,0.10990184545516968,4.660137135905343,4.660137135905343,49.77343850281294,0,0.0,0,nan,,0,0,0.9537339210510254
M4_sparse,procedural,dlc_joint_transition_observer,28,4,M4_sparse_n4_seed28,3,True,2,422,432,10,0,11,10,28.000002767384785,-14.000000708100288,50,27.913201862717337,13.18562466241718,14.727577200300157,27.895569768922375,13.234600823860658,14.660968945061716,-0.048976161443478716,26.885515587202516,3.980764627456665,3.6546550447290596,0.598876953125,24.94051391996211,23.133597903709802,25.176575884542995,0,0.0,0,nan,,11,1,-0.5172954201698303
M4_sparse,procedural,ppo_continuous,28,4,M4_sparse_n4_seed28,3,True,2,1,304,15,288,304,303,7.000004502685329,-7.000004502685329,50,6.610603449053731,6.6772283338110805,-0.06662488475734918,5.592025645662726,6.600920125119449,-1.008894479456723,0.07630820869163113,1.7863733539464761,1.6730859279632568,0.6841771651984585,1.6698909774422646,3.7066513240289747,3.7066513240289747,56.67425391321082,0,0.0,0,nan,,91,80,-0.9518640041351318
M4_sparse,procedural,ppo_continuous,28,4,M4_sparse_n4_seed28,3,True,2,449,641,6,186,193,192,62.99999511767737,-7.000002594191528,50,4.955615731804648,5.8160978942042805,-0.8604821623996326,5.0280404691424945,6.0855962859732236,-1.057555816830729,-0.2694983917689431,3.914205823078773,3.258777379989624,1.9523354753311435,2.269390642642975,3.793895484108911,3.7153379343063397,110.48129362547994,0,0.0,0,nan,,189,71,-0.12867899239063263
M4_sparse,procedural,ppo_continuous,28,4,M4_sparse_n4_seed28,3,True,2,888,989,2,99,102,101,66.4999999061107,-7.000002594191528,50,4.371926826167927,6.303243931671996,-1.9313171055040685,4.276570538953304,6.192696998961866,-1.9161264600085621,0.11054693271012983,3.881639721221571,3.461150884628296,2.8707839273938944,0.9938199520111084,3.720445572488285,3.7069130330187106,163.59951098438307,0,0.0,0,nan,,102,24,-0.014241739176213741
M4_sparse,procedural,ppo_continuous,28,4,M4_sparse_n4_seed28,3,True,2,1228,1337,1,108,110,109,70.00000614812836,-7.000002594191528,50,4.02455605312073,6.326109760265621,-2.3015537071448913,4.286856288296504,6.209115815812311,-1.9222595275158065,0.11699394445331013,3.8999267201210195,3.557011842727661,2.9340584603222934,0.9979851245880127,3.720878065838762,3.7069362715532175,232.9472520242452,0,0.0,0,nan,,110,23,0.024740006774663925
M4_sparse,procedural,ppo_continuous,28,4,M4_sparse_n4_seed28,3,True,2,1970,2106,5,131,137,136,87.50000719003651,-7.000000109114353,50,4.90882054431632,6.115043878176713,-1.2062233338603923,5.070785258266791,6.14906212728937,-1.078276869022579,-0.03401824911265727,2.93612873062448,4.563546180725098,3.608587271975775,1.6902027130126953,3.796438932703719,3.7064873404270817,278.8780730058601,0,0.0,0,nan,,137,17,0.29451626539230347
M4_sparse,procedural,rule_expert_gate,28,4,M4_sparse_n4_seed28,3,True,0,151,1664,142,1371,1514,1513,7.000003054523859,-17.499999353332896,50,13.123321027184296,7.894110725399684,5.2292103017846125,8.173440740806953,6.768754445109996,1.4046862956969566,1.1253562802896875,22.42559740108406,10.031721115112305,4.9922898010180985,10.022208544425666,2.6941391600891733,2.6941391600891733,3.4152747643816186,0,0.0,0,nan,,1310,869,-1.0
M4_sparse,procedural,rule_expert_gate,28,4,M4_sparse_n4_seed28,3,True,1,151,872,62,659,722,721,6.999999530688683,-17.50000076265701,50,23.4180776859345,12.539151756211503,10.878925929722996,7.827078184038951,7.193453325787685,0.6336248582512667,5.345698430423818,6.728532095049228,8.787688255310059,4.306300300226348,8.77817568462342,4.945166592501329,4.945166592501329,2.9757366340978613,0,0.0,0,nan,,535,498,-1.0
M4_sparse,procedural,rule_expert_gate,28,4,M4_sparse_n4_seed28,3,True,1,1316,1664,84,264,349,348,7.000003054523859,-7.000002008309366,50,8.455644274262946,7.9458208655133395,0.5098234087496065,9.885301320739444,7.9908151565434045,1.8944861641960395,-0.044994291030064915,22.42559740108406,4.6510162353515625,2.2443039538525578,3.7423866391181946,3.4152747643816186,3.4152747643816186,2.6941391600891733,0,0.0,0,nan,,332,0,0.47755783796310425
M4_sparse,procedural,rule_expert_gate,28,4,M4_sparse_n4_seed28,3,True,2,1,47,9,37,47,46,7.000004502685329,-6.999995182067096,50,5.931971039912771,5.959691496150942,-0.02772045623817121,22.058375103296758,11.339292225734237,10.71908287756252,-5.379600729583295,27.09226476350338,0.3834282457828522,0.28376121692200923,0.17085720598697662,4.077903203144214,4.077903203144214,49.48093213008585,0,0.0,0,nan,,0,0,0.9491761326789856
M4_sparse,procedural,dlc_joint_transition_observer,29,4,M4_sparse_n4_seed29,3,True,0,557,704,65,82,148,147,6.999998339851118,-17.499992644783447,50,17.318592323471464,6.2826241338847915,11.035968189586672,12.859195707314711,7.907272773693082,4.9519229336216295,-1.6246486398082904,13.325997065924938,0.42854684591293335,0.28224650095531567,0.4279350149445236,11.808641879277463,11.640612194447566,11.449620141430419,0,0.0,0,nan,,0,0,0.947057843208313
M4_sparse,procedural,dlc_joint_transition_observer,29,4,M4_sparse_n4_seed29,3,True,2,1,425,113,311,425,424,6.999997303292048,-10.500003492295605,50,9.702688922018242,8.28634177728533,1.416347144732912,8.38040323935351,7.352777953419485,1.0276252859340254,0.9335638238658444,28.519006588486544,1.749084234237671,0.8560647848041331,1.7489090385643067,5.032803378803836,5.032803378803836,56.29173927463606,0,0.0,0,nan,,188,0,0.17525459825992584
M4_sparse,procedural,dlc_joint_transition_observer,30,4,M4_sparse_n4_seed30,3,True,0,551,681,62,68,131,130,7.000001671142627,-17.499995217187575,50,18.23129138350763,6.539132701534279,11.692158681973353,12.823851003506993,6.976004826713391,5.8478461767936025,-0.43687212517911167,11.185461617615777,0.47148779034614563,0.3115459093504109,0.4655464715324342,14.832005081927974,13.743402343736253,11.784418883015606,0,0.0,0,nan,,0,0,0.9288575649261475
M4_sparse,procedural,dlc_joint_transition_observer,30,4,M4_sparse_n4_seed30,3,True,2,1,423,121,301,423,422,7.000002369426738,-10.50000167200119,50,9.62782169510863,7.896396865087111,1.7314248300215187,8.335787124009808,7.37698801341806,0.9587991105917482,0.5194088516690503,29.176865935145578,1.7533056735992432,0.8608584949744251,1.7525773186353035,4.96204673599664,4.96204673599664,56.40895969940629,0,0.0,0,nan,,188,0,0.24897247552871704
M4_sparse,procedural,dlc_individual_transition,31,4,M4_sparse_n4_seed31,3,True,2,1,46,9,36,46,45,7.000000485267606,-7.000009095123573,50,6.004755353619797,5.961018751040035,0.043736602579762085,23.01198817760563,11.560603511866983,11.451384665738647,-5.599584760826948,28.83311736028265,0.7618056535720825,0.4169646048027536,0.45006123185157776,5.019145388397397,5.019145388397397,49.09387894800379,0,0.0,0,nan,,0,0,0.9464516043663025
M4_sparse,procedural,dlc_joint_transition,31,4,M4_sparse_n4_seed31,3,True,2,1,46,9,36,46,45,7.000000485267606,-7.000009095123573,50,6.029163337135691,5.961018751040035,0.06814458609565666,22.916904363226564,11.560603511866983,11.356300851359581,-5.599584760826948,28.892066253261046,0.40931007266044617,0.33778115459110425,0.1234889030456543,4.55320030662661,4.55320030662661,48.79308521188526,0,0.0,0,nan,,0,0,0.9551238417625427
M4_sparse,procedural,dlc_joint_transition_observer,31,4,M4_sparse_n4_seed31,3,True,0,165,237,45,27,73,72,7.000000288664182,-17.499999753475777,50,25.615487408781505,11.509377268343268,14.106110140438236,25.59224879380626,11.789875632703547,13.802373161102713,-0.28049836436027853,31.886637065836492,0.7871024012565613,0.7157503603255913,0.10074001550674438,6.5869827859361605,6.5869827859361605,4.201270571878132,0,0.0,0,nan,,0,0,0.9207918643951416
M4_sparse,procedural,dlc_joint_transition_observer,31,4,M4_sparse_n4_seed31,3,True,1,165,237,46,26,73,72,7.000000288664182,-17.500000593204277,50,25.615300796616815,11.558564889459946,14.056735907156868,25.591685160906277,11.622052716771476,13.9696324441348,-0.0634878273115298,31.886637065836492,0.7871024012565613,0.7157503603255913,0.10074001550674438,4.201270571878132,4.201270571878132,6.5869827859361605,0,0.0,0,nan,,0,0,0.9207918643951416
M4_sparse,procedural,dlc_joint_transition_observer,31,4,M4_sparse_n4_seed31,3,True,2,1,49,9,39,49,48,7.000000485267606,-7.000009095123573,50,5.981975147468489,5.961018751040035,0.020956396428454482,21.396755233620446,11.570116602321358,9.826638631299089,-5.609097851281323,25.504226184161652,0.3928188979625702,0.3278664009911673,0.11457183957099915,4.460267004692656,4.460267004692656,49.462181542330995,0,0.0,0,nan,,0,0,0.9551241993904114
M4_sparse,procedural,ppo_continuous,31,4,M4_sparse_n4_seed31,3,True,2,1,536,13,522,536,535,7.000000485267606,-7.000009095123573,50,6.79017436282171,6.77512245221125,0.015051910610459629,4.0790538896172555,6.461394987485251,-2.3823410978679957,0.3137274647259991,1.6252249969224146,1.5910502672195435,0.5683861594914751,1.5903541787993163,3.6340197214062955,3.6340197214062955,56.58766569546296,0,0.0,0,nan,,87,192,-0.9999960064888
M4_sparse,procedural,ppo_continuous,31,4,M4_sparse_n4_seed31,3,True,2,663,863,6,194,201,200,63.00000130593344,-6.999996976599732,50,4.320688003101224,5.721766303679883,-1.401078300578659,4.9201393955722095,6.008659845919604,-1.0885204503473949,-0.28689354223972163,4.051461369327709,3.260786533355713,1.9129867034765025,2.328827679157257,3.7627713371547196,3.703787371976482,122.22314501281909,0,0.0,0,nan,,181,76,-0.17728623747825623
M4_sparse,procedural,ppo_continuous,31,4,M4_sparse_n4_seed31,3,True,2,1109,1214,3,102,106,105,66.49999234777135,-6.999996976599618,50,3.9359842458617442,5.637249943111509,-1.7012656972497644,4.231272000996083,6.1513351328710595,-1.9200631318749766,-0.5140851897595509,4.059521988674621,3.4344844818115234,2.8106232094314865,1.0548348426818848,3.71207626390954,3.71207626390954,175.26020369227825,0,0.0,0,nan,,106,30,-0.07059002667665482
M4_sparse,procedural,ppo_continuous,31,4,M4_sparse_n4_seed31,3,True,2,1446,1558,1,111,113,112,69.99999364590178,-6.999996976599618,50,4.202522882417205,5.793729322111516,-1.5912064396943109,4.179449480098069,6.0664387134594095,-1.8869892333613407,-0.2727093913478935,3.9237598474788125,3.577842950820923,2.9471160669242384,1.015049695968628,3.689384813121839,3.689384813121839,251.26148941006758,0,0.0,0,nan,,113,24,-0.024706847965717316
M4_sparse,procedural,ppo_continuous,31,4,M4_sparse_n4_seed31,3,True,2,1815,1896,4,77,82,81,73.50000173309843,-7.000002596260856,50,4.233558710609286,6.303976566463325,-2.070417855854039,4.39277764021411,6.40013830931991,-2.0073606691058004,-0.09616174285658552,3.8437809288765767,3.7975778579711914,3.2941161219666646,0.8967242240905762,3.722344894369022,3.7076663420015676,289.5516929084063,0,0.0,0,nan,,82,17,0.06639330089092255
M4_sparse,procedural,rule_expert_gate,31,4,M4_sparse_n4_seed31,3,True,0,151,840,125,564,690,689,7.000000546432602,-17.499999753475777,50,19.706905347381877,8.114563084731223,11.592342262650654,8.520165635997861,7.231870658582685,1.288294977415176,0.8826924261485383,21.99228375198935,5.123106956481934,2.6083631320782277,5.118892921600491,2.887722600937604,2.887722600937604,2.825728403339063,0,0.0,0,nan,,481,115,-0.7718825340270996
M4_sparse,procedural,rule_expert_gate,31,4,M4_sparse_n4_seed31,3,True,1,151,848,96,601,698,697,7.000003432052836,-17.499999753475777,50,20.422760049413217,9.042835586639276,11.37992446277394,9.116309296925946,6.97097254646289,2.1453367504630565,2.0718630401763862,22.33203676685569,5.123106956481934,2.581990121222664,5.118892921600491,2.825728403339063,2.825728403339063,2.887722600937604,0,0.0,0,nan,,481,115,-0.7718825340270996
M4_sparse,procedural,rule_expert_gate,31,4,M4_sparse_n4_seed31,3,True,2,1,48,9,38,48,47,7.000000485267606,-7.000009095123573,50,5.931424801345122,5.961018751040035,-0.029593949694913135,21.864621287905862,11.577075618111248,10.287545669794614,-5.616056867071213,26.85223969970816,0.37011268734931946,0.2812755750492215,0.14845053851604462,4.060599386295167,4.060599386295167,49.36702010262581,0,0.0,0,nan,,0,0,0.9547776579856873
M4_sparse,procedural,rule_expert_gate,31,4,M4_sparse_n4_seed31,3,True,2,1140,1222,46,36,83,82,6.999999864891834,-17.500005162999287,50,26.728541307231154,11.552237115009877,15.176304192221277,24.01622284957463,11.445621636866196,12.570601212708432,0.10661547814368078,25.704719717540776,0.4411177635192871,0.3709005932491946,0.11176735162734985,4.40736990204432,4.40736990204432,107.58051813910392,0,0.0,0,nan,,0,0,0.9860464334487915
M4_sparse,procedural,dlc_individual_transition,32,4,M4_sparse_n4_seed32,3,True,2,1,163,16,146,163,162,6.99999717646665,-7.000003047225164,50,10.37419912408917,7.896312570623707,2.4778865534654626,8.855749674394676,8.326106442977322,0.5296432314173547,-0.4297938723536143,1.3334631148418785,0.6639724373817444,0.31993221381873443,0.663252463331446,3.8490424831388292,3.8390553249055723,56.19554198192374,0,0.0,0,nan,,0,19,-0.591090202331543
M4_sparse,procedural,dlc_joint_transition_observer,32,4,M4_sparse_n4_seed32,3,True,0,164,279,41,74,116,115,7.00000026055659,-17.500000308649533,50,26.555665295350014,11.736186028622535,14.819479266727479,14.110297517278699,10.531775992996582,3.5785215242821167,1.204410035625953,23.642545134259006,0.7671061754226685,0.5927591023260149,0.2787337005138397,6.487495795817339,6.487495795817339,5.222200045339797,0,0.0,0,nan,,0,0,0.8887790441513062
M4_sparse,procedural,dlc_joint_transition_observer,32,4,M4_sparse_n4_seed32,3,True,1,164,285,45,76,122,121,7.0000027203068385,-17.500000308649533,50,25.52932646920931,11.881876544349943,13.647449924859366,14.275421551551696,10.43923887990338,3.8361826716483165,1.442637664446563,24.623283456207904,0.7671061754226685,0.5970066368091301,0.2787337005138397,5.222200045339797,5.222200045339797,6.487495795817339,0,0.0,0,nan,,0,0,0.8797236680984497
M4_sparse,procedural,dlc_joint_transition_observer,32,4,M4_sparse_n4_seed32,3,True,2,1,60,16,43,60,59,6.99999717646665,-7.000003047225164,50,10.357200984657851,7.896312570623707,2.4608884140341436,21.820796037570673,11.56265025341713,10.258145784153543,-3.666337682793423,26.8984371723812,0.33643296360969543,0.1780103584130605,0.2341737300157547,3.4519421416332174,3.4519421416332174,48.52867458155931,0,0.0,0,nan,,0,0,0.9372044205665588
M4_sparse,procedural,rule_expert_gate,32,4,M4_sparse_n4_seed32,3,True,0,338,398,29,31,61,60,7.000004891446679,-17.500002689475195,50,26.088738766707735,6.792666962286356,19.29607180442138,25.379822981063505,6.242662178041076,19.13716080302243,0.5500047842452798,24.376816788324806,0.3826918303966522,0.26318121322842897,0.24901850521564484,8.902935594919313,8.902935594919313,8.24410265448058,0,0.0,0,nan,,0,0,0.9228678941726685
M4_sparse,procedural,rule_expert_gate,32,4,M4_sparse_n4_seed32,3,True,1,338,398,38,22,61,60,7.000004891446679,-17.500002689475195,50,25.847785271132675,6.755222945592155,19.09256232554052,25.506004379293223,6.209645967208482,19.296358412084743,0.5455769783836724,24.376816788324806,0.3826918303966522,0.26318121322842897,0.24901850521564484,8.24410265448058,8.24410265448058,8.902935594919313,0,0.0,0,nan,,0,0,0.9228678941726685
M4_sparse,procedural,rule_expert_gate,32,4,M4_sparse_n4_seed32,3,True,2,1,127,20,106,127,126,6.99999717646665,-7.000003047225164,50,9.787135399522905,8.022186036866893,1.7649493626560115,10.287645245242384,8.24663308524677,2.0410121599956135,-0.2244470483798775,20.186878352620585,0.5939010381698608,0.3383334481943853,0.5930205223849043,3.860022569570559,3.860022569570559,56.493567213168944,0,0.0,0,nan,,0,0,0.03403448313474655
M6_dense,procedural,dlc_joint_transition,21,6,M6_dense_n6_seed21,5,True,0,780,1690,325,585,911,910,6.999999927727231,-17.500006749568456,50,13.689686527131629,11.554998985965154,2.1346875411664747,12.445805700866172,11.51943564790701,0.9263700529591627,0.03556333805814482,13.539055756619538,1.0059219598770142,0.7337462313219693,0.45101815462112427,3.9668779425359313,3.9668779425359313,4.261172820184634,0,0.0,0,nan,,12,0,0.9718180894851685
M6_dense,procedural,dlc_joint_transition,21,6,M6_dense_n6_seed21,5,True,2,850,1871,795,226,1022,1021,6.999996117722958,-17.499996498178007,50,12.469542182501348,11.427919723754858,1.04162245874649,13.536450790775042,11.564586418884762,1.9718643718902804,-0.13666669512990381,13.198216942013408,1.0167455673217773,0.7635442213886171,0.46184176206588745,6.5444661132049395,6.5444661132049395,3.9668779425359313,0,0.0,0,nan,,30,0,0.9718180894851685
M6_dense,procedural,dlc_joint_transition,21,6,M6_dense_n6_seed21,5,True,4,184,1585,609,792,1402,1401,7.000000880227617,-17.50000181171231,50,15.825060231513122,14.752317925527805,1.072742305985317,12.722973769491356,11.93268515769374,0.7902886117976156,2.819632767834065,13.230252903771643,1.0786373615264893,0.8079191575546918,0.5237335562705994,4.261172820184634,4.261172820184634,4.174981851293092,0,0.0,0,nan,,147,0,0.9139837026596069
M6_dense,procedural,dlc_joint_transition_observer,21,6,M6_dense_n6_seed21,5,True,0,684,880,90,106,197,196,7.000001818343208,-17.50000785142015,50,16.708524623378274,9.733343850733483,6.975180772644791,15.748632211408406,11.14486797254514,4.603764238863267,-1.4115241218116559,15.356089855176839,1.0401278734207153,0.9201942760932263,0.24678903818130493,3.6313302314410802,3.6313302314410802,6.986405349064158,0,0.0,0,nan,,28,0,0.977986216545105
M6_dense,procedural,dlc_joint_transition_observer,21,6,M6_dense_n6_seed21,5,True,1,758,1219,183,278,462,461,7.000001818348892,-17.50000895327412,50,15.66663226617557,12.032312205933797,3.634320060241773,14.35896844647959,12.636053740916632,1.7229147055629586,-0.6037415349828343,13.878367916339018,1.0401278734207153,0.9521749671145435,0.24678903818130493,5.876605178013572,5.876605178013572,3.6313302314410802,0,0.0,0,nan,,80,0,0.977986216545105
M6_dense,procedural,dlc_joint_transition_observer,21,6,M6_dense_n6_seed21,5,True,2,715,984,143,126,270,269,7.000001818347755,-17.499996498185737,50,16.15190932233193,11.311464703375751,4.84044461895618,15.239513522217672,11.432032731616333,3.807480790601339,-0.12056802824058188,14.62213447233575,1.0401278734207153,0.9388092301509998,0.24678903818130493,6.602850365504318,6.602850365504318,3.6313302314410802,0,0.0,0,nan,,47,0,0.977986216545105
M6_dense,procedural,dlc_joint_transition_observer,21,6,M6_dense_n6_seed21,5,True,4,235,684,7,442,450,449,6.999990465102655,-7.000002096643243,50,16.050425686820727,15.69915259552451,0.35127309129621764,16.355134750868928,14.794736326652727,1.560398424216201,0.904416268871783,16.836921652207213,1.1663991212844849,0.8371929790576299,0.7741759419441223,2.9582632149984738,2.9582632149984738,17.85506058684294,0,0.0,0,nan,,107,0,0.9279127717018127
M6_dense,procedural,rule_expert_gate,21,6,M6_dense_n6_seed21,5,True,0,1138,1416,61,217,279,278,6.999995590802428,-17.50000052202722,50,21.712474443997998,10.886873381386946,10.825601062611051,8.563469850628247,7.391220664128411,1.172249186499836,3.495652717258536,5.892523270110636,3.283137559890747,1.0811752608600056,3.1394733786582947,4.982702609950506,4.982702609950506,2.8402043574241804,0,0.0,0,nan,,111,19,-0.6845764517784119
M6_dense,procedural,rule_expert_gate,21,6,M6_dense_n6_seed21,5,True,2,167,821,196,458,655,654,6.999990465102428,-17.499995949170398,50,14.63304517235464,11.03833032958196,3.59471484277268,10.520482616029211,9.300155699770723,1.2203269162584878,1.7381746298112368,17.25307047303849,1.9048948287963867,0.46650899315756883,1.9048351176716096,3.564706556379228,3.564706556379228,3.6162552169951714,0,0.0,0,nan,,111,45,-0.9649072289466858
M6_dense,procedural,dlc_joint_transition,22,6,M6_dense_n6_seed22,5,True,2,711,861,46,104,151,150,7.0000046200818815,-17.50000494089545,50,15.623230156231202,5.5473669664634215,10.07586318976778,10.603280064157778,7.037462143536818,3.56581792062096,-1.4900951770733961,10.701698700567588,1.171570897102356,0.6916095255226489,0.9047890603542328,2.9577217643623115,2.9577217643623115,5.170054569516736,0,0.0,0,nan,,29,0,0.8491869568824768
M6_dense,procedural,dlc_joint_transition,22,6,M6_dense_n6_seed22,5,True,4,542,860,239,79,319,318,7.0000046200818815,-17.500001491555167,50,16.167320049177953,12.160626466754328,4.006693582423624,9.947268227389875,9.671294845575574,0.27597338181430153,2.4893316211787546,10.757966951726923,1.171570897102356,0.8040412614898622,0.8943000733852386,5.170054569516736,5.170054569516736,2.9577217643623115,0,0.0,0,nan,,57,0,0.8491869568824768
M6_dense,procedural,dlc_joint_transition_observer,22,6,M6_dense_n6_seed22,5,True,0,755,1453,217,481,699,698,6.999997570293772,-17.50000494089568,50,14.785199167576504,11.756729186531059,3.028469981045445,12.171181742578906,11.769654170945575,0.40152757163333064,-0.01292498441451606,15.944589779446137,0.5456860661506653,0.4374504368619005,0.24192357063293457,3.215299670690806,3.215299670690806,12.370842884556184,0,0.0,0,nan,,0,0,0.8974137306213379
M6_dense,procedural,dlc_joint_transition_observer,22,6,M6_dense_n6_seed22,5,True,2,347,522,123,52,176,175,7.000000106250582,-17.500000460863248,50,14.296675526056807,9.74997939856914,4.546696127487667,13.430169496990821,6.691699697911471,6.7384697990793505,3.0582797006576694,13.193333299792469,0.31119582056999207,0.09425071600608961,0.31049935199553147,9.752454553790562,9.752454553790562,5.10324284875572,0,0.0,0,nan,,0,0,0.9911866188049316
M6_dense,procedural,dlc_joint_transition_observer,22,6,M6_dense_n6_seed22,5,True,3,326,522,100,96,197,196,7.000000106250582,-17.50000046086234,50,17.020436593620822,10.975179243732095,6.045257349888727,12.420936695595747,9.335956953364137,3.08497974223161,1.6392222903679574,13.193333299792469,0.31119582056999207,0.08498822818279768,0.31049935199553147,5.10324284875572,5.10324284875572,9.752454553790562,0,0.0,0,nan,,0,0,0.9911866188049316
M6_dense,procedural,rule_expert_gate,22,6,M6_dense_n6_seed22,5,True,0,623,700,42,35,78,77,6.999991401463149,-17.500004940895565,50,27.042553948326475,11.73791172423612,15.304642224090355,27.098214959832887,11.739808852247391,15.358406107585497,-0.0018971280112705102,26.967949650105957,0.3607160449028015,0.36034783797386366,0.0005775988101959229,2.8574265902231026,2.8574265902231026,6.682372363700468,0,0.0,0,nan,,0,0,0.9999999403953552
M6_dense,procedural,rule_expert_gate,22,6,M6_dense_n6_seed22,5,True,1,655,739,49,35,85,84,6.999991401466332,-17.50000494089568,50,27.083985013516198,12.698080841864474,14.385904171651724,27.09821161062945,12.655097427464822,14.443114183164626,0.04298341439965192,25.77345977518752,0.36430299282073975,0.36123323019813086,0.004179805517196655,2.597772157754611,2.597772157754611,2.8574265902231026,0,0.0,0,nan,,0,0,0.9999460577964783
M6_dense,procedural,rule_expert_gate,22,6,M6_dense_n6_seed22,5,True,2,161,260,66,33,100,99,7.000001290539444,-17.500007345153676,50,21.110797179942637,9.863429672273499,11.247367507669138,11.726394186705509,8.045778561404205,3.6806156253013036,1.8176511108692939,15.358554280043931,0.39327138662338257,0.28478704698383805,0.3104294165968895,3.830978759806525,3.830978759806525,3.020642789533034,0,0.0,0,nan,,0,0,0.2644607722759247
M6_dense,procedural,rule_expert_gate,22,6,M6_dense_n6_seed22,5,True,3,456,583,53,74,128,127,7.0000046200818815,-17.499999987142473,50,25.883272653637437,12.756810247606973,13.126462406030464,19.774812924839225,12.485812727671101,7.289000197168123,0.2709975199358716,26.662909714785172,0.4914340078830719,0.3174598262339714,0.47754207346588373,2.7464847014354707,2.7464847014354707,22.094476270279188,0,0.0,0,nan,,0,0,0.6510826945304871
M6_dense,procedural,dlc_individual_transition,23,6,M6_dense_n6_seed23,5,True,0,655,809,82,72,155,154,6.999998625184048,-17.500000820098762,50,20.10544535228708,11.923151618896199,8.182293733390882,18.354101410352186,11.940444548385967,6.413656861966219,-0.017292929489768127,17.53300957519564,0.6151831150054932,0.5043175851145099,0.15283024311065674,3.504806506729825,3.504806506729825,11.259752736030991,0,0.0,0,nan,,0,0,0.9988204836845398
M6_dense,procedural,dlc_individual_transition,23,6,M6_dense_n6_seed23,5,True,1,742,1449,125,582,708,707,6.999997693974706,-17.5000008201024,50,17.85585579588744,12.700688567198585,5.155167228688855,13.421077070677255,12.547126782586849,0.8739502880904055,0.15356178461173542,13.204162307852839,1.0489660501480103,0.6249217188543519,0.7464499771595001,3.225370024475348,3.225370024475348,3.504806506729825,0,0.0,0,nan,,7,0,0.857457160949707
M6_dense,procedural,dlc_individual_transition,23,6,M6_dense_n6_seed23,5,True,2,168,234,36,30,67,66,6.99999699678483,-17.500002966724992,50,16.910976978738606,6.681888273583893,10.229088705154712,15.36241491767767,6.411765888518812,8.950649029158857,0.2701223850650809,16.553046426553767,0.590032160282135,0.5171324063592883,0.13868394494056702,11.12993951368095,11.12993951368095,15.803231777406285,0,0.0,0,nan,,0,0,0.9929928779602051
M6_dense,procedural,dlc_individual_transition,23,6,M6_dense_n6_seed23,5,True,3,178,515,191,146,338,337,6.999998234557097,-17.500002189157158,50,17.31302105702642,13.816478263872908,3.4965427931535107,19.051353831222887,13.89229461755403,5.159059213668856,-0.07581635368112316,19.70280248124746,1.0095536708831787,0.7460883095772308,0.5582054555416107,5.526620968818674,5.526620968818674,11.12993951368095,0,0.0,0,nan,,11,0,0.956270694732666
M6_dense,procedural,dlc_joint_transition,23,6,M6_dense_n6_seed23,5,True,0,1389,1983,374,220,595,594,7.000000240928898,-17.5000023911806,50,13.018384294575146,12.018586624971993,0.9997976696031525,4.9509718942122145,6.687622815254842,-1.736650921042627,5.330963809717152,2.7435639064686166,2.1168744564056396,0.8384925289314334,1.8622914254665375,7.573883866707142,7.573883866707142,2.7940082161402118,0,0.0,0,nan,,174,0,0.39753812551498413
M6_dense,procedural,dlc_joint_transition,23,6,M6_dense_n6_seed23,5,True,2,211,313,42,60,103,102,6.999994807246935,-17.499996440756718,50,18.66176685460138,7.238384622336008,11.423382232265373,12.145442213703436,6.058967925256769,6.086474288446667,1.1794166970792395,12.188910319813944,1.1174451112747192,0.676839057392287,0.6999925673007965,17.612877504540297,17.612877504540297,3.434204752596941,0,0.0,0,nan,,21,0,0.854745626449585
M6_dense,procedural,dlc_joint_transition,23,6,M6_dense_n6_seed23,5,True,3,906,1983,652,425,1078,1077,7.00000024092833,-17.5000063416976,50,14.901400063113666,13.747092169830603,1.1543078932830628,8.26224387541762,9.674355266723065,-1.4121113913054444,4.072736903107538,2.7435639064686166,2.1168744564056396,0.6291408807260428,1.8622914254665375,3.5211257144472103,3.5211257144472103,2.7940082161402118,0,0.0,0,nan,,174,0,0.39753812551498413
M6_dense,procedural,dlc_joint_transition,23,6,M6_dense_n6_seed23,5,True,4,382,840,13,445,459,458,7.000005643124268,-7.000008698776355,50,14.339756435797588,14.604941987981151,-0.26518555218356354,16.330555472627506,14.783727065783248,1.5468284068442575,-0.17878507780209674,18.470021323451693,1.012493371963501,0.8389288065610109,0.59930220246315,3.7472467256548083,3.7472467256548083,22.95940280467987,0,0.0,0,nan,,36,0,0.9548684358596802
M6_dense,procedural,dlc_joint_transition_observer,23,6,M6_dense_n6_seed23,5,True,0,812,2171,457,902,1360,1359,6.999995564866708,-17.5000008201024,29,13.216086102868166,11.861875871671872,1.3542102311962942,10.265213998374676,9.681858229504257,0.583355768870419,2.1800176421676145,13.682963268421544,6.5618085861206055,1.1977737180307646,6.561755798262311,4.992576821275948,4.992576821275948,5.006821312391466,0,0.0,0,nan,,345,0,0.11411648988723755
M6_dense,procedural,dlc_joint_transition_observer,23,6,M6_dense_n6_seed23,5,True,2,197,265,30,38,69,68,6.99999699678483,-17.500002966724992,50,19.009644968783423,6.68320765152913,12.326437317254292,15.054042408337313,6.145478358488025,8.90856404984929,0.5377292930411048,11.942297598182444,1.023710012435913,0.7424947645353235,0.6433050334453583,15.893662024612006,15.893662024612006,10.789787754145362,0,0.0,0,nan,,9,0,0.8823157548904419
M6_dense,procedural,dlc_joint_transition_observer,23,6,M6_dense_n6_seed23,5,True,3,598,741,87,56,144,143,7.000005643124268,-17.500002648448117,50,21.478329829196678,14.124794668040373,7.353535161156305,22.339634957029848,14.199360702208594,8.140274254821254,-0.07456603416822105,22.259885846032375,0.5362595319747925,0.5116664537539085,0.09637808799743652,3.6962519350606073,3.6962519350606073,9.735528230033886,0,0.0,0,nan,,0,0,0.9710138440132141
M6_dense,procedural,rule_expert_gate,23,6,M6_dense_n6_seed23,5,True,0,368,1448,405,675,1081,1080,7.000000314879458,-17.500006586508448,50,13.462418300658433,11.50906185887852,1.9533564417799134,11.71109195571155,11.13432866188415,0.5767632938274012,0.37473319699437013,9.948598480364048,0.7787261605262756,0.1143104888183891,0.7774501132080331,4.760393126610911,3.753737057759965,9.504051543680283,0,0.0,0,nan,,0,2,-0.7392251491546631
M6_dense,procedural,rule_expert_gate,23,6,M6_dense_n6_seed23,5,True,0,1501,1640,90,49,140,139,7.0000017975932,-17.500001367702794,50,19.94386823976386,8.725681380580852,11.218186859183007,20.14363894456157,9.582873999369365,10.560764945192204,-0.8571926187885133,24.81978274089453,1.5549018383026123,0.7759638112836651,1.5373477786779404,6.981575078681453,6.981575078681453,5.412277555608084,0,0.0,0,nan,,43,35,-0.9599993228912354
M6_dense,procedural,rule_expert_gate,23,6,M6_dense_n6_seed23,5,True,2,143,195,27,25,53,52,6.999994807246935,-17.500002966724992,50,26.289690514875183,6.750835287168882,19.5388552277063,21.08932716852952,6.817935594536358,14.27139157399316,-0.0671003073674763,24.02683877236119,0.44053640961647034,0.40939540345713776,0.047749072313308716,6.287401739951207,6.287401739951207,3.62662619076876,0,0.0,0,nan,,0,0,0.9678712487220764
M6_dense,procedural,rule_expert_gate,23,6,M6_dense_n6_seed23,5,True,3,135,210,41,34,76,75,7.0000023927668735,-17.499996440756718,50,25.7434837275085,9.233921408643452,16.50956231886505,20.998672653921677,9.300996937023031,11.697675716898646,-0.0670755283795792,24.04528947942963,0.4515117406845093,0.4173462653630658,0.058724403381347656,3.6142226217931097,3.6142226217931097,6.287401739951207,0,0.0,0,nan,,0,0,0.9305132031440735
M6_dense,procedural,rule_expert_gate,23,6,M6_dense_n6_seed23,5,True,4,1679,1953,62,212,275,274,6.999996298274482,-17.50000161018329,50,26.25708965587724,14.849785973950421,11.40730368192682,15.213781899771599,8.172754001963694,7.041027897807904,6.677031971986727,16.27702679150023,3.811859130859375,1.3205394007951359,3.80835904343985,3.5774673982847687,3.5774673982847687,13.689946850140515,0,0.0,0,nan,,148,69,-0.9996424317359924
M6_dense,procedural,dlc_individual_transition,24,6,M6_dense_n6_seed24,5,True,2,371,450,44,35,80,79,6.999993076970441,-17.49999012356011,50,19.886650570610808,6.775937611757411,13.110712958853398,19.983595498530445,6.491527412826951,13.492068085703494,0.28441019893045993,20.29962262759732,0.5349449515342712,0.4831203430891037,0.13267716765403748,11.731679889501239,11.731679889501239,12.468164413318672,0,0.0,0,nan,,0,0,0.998199462890625
M6_dense,procedural,dlc_individual_transition,24,6,M6_dense_n6_seed24,5,True,3,371,476,52,53,106,105,6.999993076970441,-17.500005151197684,50,19.89573345972766,9.042985726619829,10.85274773310783,20.086040449748683,11.14858310259485,8.937457347153833,-2.1055973759750213,20.518048769683848,0.5349449515342712,0.45777799385898515,0.16086885333061218,11.790253588024607,11.790253588024607,11.731679889501239,0,0.0,0,nan,,0,0,0.9979797601699829
M6_dense,procedural,dlc_joint_transition,24,6,M6_dense_n6_seed24,5,True,2,333,419,51,35,87,86,7.00000793923914,-17.500005151197,50,20.418553302339088,7.339424749521666,13.079128552817423,20.509918572041187,6.892580490569784,13.617338081471402,0.4468442589518826,20.654090708676303,0.9731563925743103,0.9095006160352422,0.1458919644355774,14.043166750406519,14.043166750406519,14.375673431203175,0,0.0,0,nan,,0,0,0.999294638633728
M6_dense,procedural,dlc_joint_transition,24,6,M6_dense_n6_seed24,5,True,3,342,436,51,43,95,94,6.999993076970441,-17.500005151196774,50,20.44133806075436,9.22148976096065,11.219848299793712,20.548933351739926,10.623443761076594,9.925489590663332,-1.4019540001159445,20.71028346478754,0.9781834483146667,0.9286769998700996,0.13339543342590332,14.375673431203175,14.375673431203175,14.043166750406519,0,0.0,0,nan,,0,0,0.999294638633728
M6_dense,procedural,dlc_joint_transition_observer,24,6,M6_dense_n6_seed24,5,True,0,1192,1938,335,411,747,746,7.000004524609949,-17.500006115627457,50,12.911744973511531,11.562682280477794,1.349062693033737,11.488407377157623,11.137916392303588,0.3504909848540354,0.4247658881742069,8.290780216109033,1.0274152755737305,0.5728872248346866,0.9160396531224251,3.022886228115001,3.022886228115001,5.203156497312448,0,0.0,0,nan,,111,0,0.794150710105896
M6_dense,procedural,dlc_joint_transition_observer,24,6,M6_dense_n6_seed24,5,True,2,397,478,45,36,82,81,7.000007939239367,-17.499997306641944,50,19.453583408752543,6.849824530686444,12.603758878066099,19.62822271787384,6.49744400162426,13.13077871624958,0.3523805290621844,20.012402709492008,0.7829647064208984,0.7051790291216316,0.15795928239822388,13.238943708064461,13.238943708064461,13.777698873793709,0,0.0,0,nan,,0,0,0.9988661408424377
M6_dense,procedural,dlc_joint_transition_observer,24,6,M6_dense_n6_seed24,5,True,3,406,504,45,53,99,98,7.000007939239367,-17.49999747201082,50,19.49341693610034,8.972819912063242,10.520597024037096,19.76693291128566,10.905425131927679,8.861507779357982,-1.9326052198644366,20.23389363421752,0.7689282298088074,0.6783373680981722,0.14635616540908813,13.391310978899792,13.391310978899792,13.238943708064461,0,0.0,0,nan,,0,0,0.9988661408424377
M6_dense,procedural,rule_expert_gate,24,6,M6_dense_n6_seed24,5,True,2,167,230,34,29,64,63,10.499997211958089,-17.499999460541176,50,26.583202272326222,8.826060655914135,17.757141616412085,26.97776414143604,6.913390919781128,20.06437322165491,1.9126697361330072,25.274064837716157,0.38198232650756836,0.3653919938951731,0.08952102065086365,7.268272693940915,7.268272693940915,6.205632090141485,0,0.0,0,nan,,0,0,0.9626646041870117
M6_dense,procedural,rule_expert_gate,24,6,M6_dense_n6_seed24,5,True,3,167,230,40,23,64,63,7.000000756157306,-17.499999460541176,50,26.750833298973305,10.205554271906895,16.54527902706641,26.789161104426285,8.775244903479889,18.013916200946397,1.4303093684270056,25.274064837716157,0.38198232650756836,0.3653919938951731,0.08952102065086365,6.205632090141485,6.205632090141485,7.268272693940915,0,0.0,0,nan,,0,0,0.9626646041870117
M6_dense,procedural,rule_expert_gate,24,6,M6_dense_n6_seed24,5,True,3,1612,1662,50,0,51,50,189.00000754346001,-17.499998044449512,50,5.786369454784001,14.092017474051724,-8.305648019267723,5.793597831758281,14.089487913217877,-8.295890081459596,0.0025295608338478104,6.513572436293427,5.713428974151611,5.300810505362118,0.8303241729736328,32.68889958500156,32.68889958500156,5.199471153685685,0,0.0,0,nan,,51,6,-0.2599908411502838
M6_dense,procedural,td3_continuous,24,6,M6_dense_n6_seed24,5,True,4,50,228,103,75,179,178,7.000001146593036,-10.500001140579798,50,14.79508087100292,14.490979261043156,0.30410160995976376,17.240310951020575,14.405679007812056,2.834631943208519,0.08530025323110024,16.5333462676484,0.8307913541793823,0.3224051787131648,0.8293320533121005,4.964082730314191,4.964082730314191,37.32252593175309,0,0.0,0,nan,,0,0,0.7247913479804993
M6_dense,procedural,dlc_individual_transition,25,6,M6_dense_n6_seed25,5,True,0,549,717,81,87,169,168,6.99999622694645,-17.500010237764286,50,20.35563212568784,11.794563197539388,8.561068928148453,17.242905216474337,11.910452965579845,5.332452250894493,-0.11588976804045714,13.438514801972298,0.5445656180381775,0.5306204345804699,0.02823859453201294,3.591677186101229,3.591677186101229,9.756981462786605,0,0.0,0,nan,,0,0,0.9999275207519531
M6_dense,procedural,dlc_individual_transition,25,6,M6_dense_n6_seed25,5,True,2,209,266,33,24,58,57,7.000003367405498,-17.499994058498714,50,21.697698879448478,6.769593567655868,14.92810531179261,21.84426264811005,6.545443712013305,15.298818936096744,0.22414985564256273,22.478325682217104,0.3529355525970459,0.2784003623086831,0.1379600465297699,15.15290727392468,15.15290727392468,10.813242951249528,0,0.0,0,nan,,0,0,0.9985882043838501
M6_dense,procedural,dlc_individual_transition,25,6,M6_dense_n6_seed25,5,True,3,201,278,41,36,78,77,10.500002420441774,-17.500000489609533,50,21.685494274899188,8.50649956207606,13.178994712823128,21.98602231585052,7.407933322480479,14.578088993370041,1.0985662395955815,22.55649937422947,0.40681830048561096,0.2876498811902144,0.19818668067455292,10.813242951249528,10.813242951249528,15.15290727392468,0,0.0,0,nan,,0,0,0.9975531101226807
M6_dense,procedural,dlc_joint_transition,25,6,M6_dense_n6_seed25,5,True,2,324,397,34,39,74,73,10.500002420441774,-17.499994058498714,50,20.91779684771526,6.25880365655772,14.658993191157538,20.69057041415011,6.25342679779255,14.43714361635756,0.005376858765169246,13.854187228321445,1.2481935024261475,0.9688791092988607,0.5073201060295105,21.251051287382786,21.251051287382786,8.124752990607902,0,0.0,0,nan,,25,0,0.9247693419456482
M6_dense,procedural,dlc_joint_transition,25,6,M6_dense_n6_seed25,5,True,3,332,397,34,31,66,65,10.500002420441774,-17.499999657879812,50,21.009536213535768,5.338085680068379,15.67145053346739,20.535075888420945,5.498286040715385,15.03678984770556,-0.16020036064700616,13.854187228321445,1.2481935024261475,0.9960905873414242,0.49906235933303833,16.817914602498995,16.817914602498995,8.124752990607902,0,0.0,0,nan,,25,0,0.9247693419456482
M6_dense,procedural,dlc_joint_transition_observer,25,6,M6_dense_n6_seed25,5,True,0,572,702,66,64,131,130,6.99999622694645,-17.49999809309952,50,21.222990084846042,11.80402452255572,9.418965562290323,19.226453535190917,11.864807205286105,7.361646329904811,-0.06078268273038567,15.282435882541186,0.6078118085861206,0.5214800006560697,0.18935835361480713,3.24886778112348,3.24886778112348,9.154393584443257,0,0.0,0,nan,,0,0,0.9993928074836731
M6_dense,procedural,dlc_joint_transition_observer,25,6,M6_dense_n6_seed25,5,True,2,249,305,32,24,57,56,7.000003367405498,-17.499994058498714,50,22.08068302730898,6.419641145588653,15.661041881720326,22.162744935619717,6.316018299081837,15.84672663653788,0.10362284650681541,22.41612093000927,0.18426166474819183,0.1393553415280685,0.12466202303767204,19.213987917001234,19.213987917001234,10.443757430632713,0,0.0,0,nan,,0,0,0.9976617693901062
M6_dense,procedural,dlc_joint_transition_observer,25,6,M6_dense_n6_seed25,5,True,3,257,317,32,28,61,60,10.500002420441774,-17.499999657879812,50,22.111396640314467,7.114703200364184,14.996693439950283,22.210335879395583,6.591939543785428,15.618396335610154,0.5227636565787561,22.463660307126567,0.19938066601753235,0.1534791532598558,0.10979144275188446,15.648690970465282,15.648690970465282,11.748841329103,0,0.0,0,nan,,0,0,0.9958699941635132
M6_dense,procedural,rule_expert_gate,25,6,M6_dense_n6_seed25,5,True,0,362,1462,420,680,1101,1100,7.000000998358587,-17.500002266022875,50,13.41465333050013,11.508739000477652,1.905914330022478,11.628988510110034,10.948267219833575,0.680721290276459,0.5604717806440771,7.760508573400519,1.3459919691085815,0.19577176515096512,1.3454319089069031,4.798287733953199,4.798287733953199,11.52779401413749,0,0.0,0,nan,,14,18,-0.7749533653259277
M6_dense,procedural,rule_expert_gate,25,6,M6_dense_n6_seed25,5,True,0,1586,1639,25,28,54,53,6.9999998106532075,-7.000001506597982,50,17.31002091204451,6.324016308303522,10.986004603740989,19.483452071121423,6.125052442500342,13.35839962862108,0.19896386580317937,17.493978423227635,1.3839360475540161,0.4303610462660867,1.3772917641326785,13.231994478532217,13.231994478532217,7.329185825583414,0,0.0,0,nan,,10,13,-0.6866601705551147
M6_dense,procedural,rule_expert_gate,25,6,M6_dense_n6_seed25,5,True,2,156,234,36,42,79,78,10.500002420441774,-17.49999960580942,50,24.827523261972907,7.991797938122795,16.835725323850113,22.976513344123717,8.354724062923177,14.62178928120054,-0.36292612480038233,24.72992125349116,0.3293890357017517,0.15509004093989542,0.32522229151800275,8.415325919572615,8.415325919572615,3.5985428907014363,0,0.0,0,nan,,0,0,0.9672345519065857
M6_dense,procedural,rule_expert_gate,25,6,M6_dense_n6_seed25,5,True,3,142,219,44,33,78,77,6.99999957031082,-17.499997896424247,50,25.61341084524579,10.155974313417122,15.45743653182867,20.842975080856608,8.940827814828989,11.902147266027619,1.2151464985881333,25.978475938728316,0.40356943011283875,0.1828666195177879,0.3994026859290898,3.5985428907014363,3.5985428907014363,8.415325919572615,0,0.0,0,nan,,0,0,0.9672345519065857
M6_dense,procedural,rule_expert_gate,25,6,M6_dense_n6_seed25,5,True,3,1588,1982,156,238,395,394,6.99999960715013,-10.500001654788548,50,16.451664343409412,13.965964457332275,2.4856998860771373,14.63447065372579,12.747385609014813,1.887085044710977,1.2185788483174615,18.618525885907697,1.3090120553970337,0.22111513749991038,1.302367771975696,3.890337354006372,3.890337354006372,14.132192448728775,0,0.0,0,nan,,8,17,-0.5957649946212769
M6_dense,procedural,dlc_individual_transition,26,6,M6_dense_n6_seed26,5,True,1,1689,1747,36,22,59,58,7.000000372944214,-17.499999927691306,50,22.72499504311943,6.137169926665164,16.58782511645427,24.018713719666984,7.093041634509844,16.92567208515714,-0.9558717078446799,23.172579511076247,0.24088753759860992,0.20515128843865152,0.11499960720539093,31.744847525403344,31.744847525403344,6.029013950090789,0,0.0,0,nan,,0,0,0.9898056387901306
M6_dense,procedural,dlc_individual_transition,26,6,M6_dense_n6_seed26,5,True,2,233,1285,208,844,1053,1052,6.999998272681978,-17.500004553657845,50,12.967471813592834,10.316514496134529,2.650957317458305,9.45018620975064,9.418589557352236,0.031596652398404146,0.8979249387822925,11.617462332433986,1.5470823049545288,0.7645576565401719,1.533683143556118,2.808020910526114,2.808020910526114,2.8785666271661126,0,0.0,0,nan,,240,0,0.4790341854095459
M6_dense,procedural,dlc_individual_transition,26,6,M6_dense_n6_seed26,5,True,4,1697,1747,28,22,51,50,7.000000372944214,-17.49999966903306,50,23.299806453102434,5.221270425562308,18.078536027540125,24.018713719666984,5.25986586165235,18.758847858014633,-0.038595436090042234,23.172579511076247,0.24088753759860992,0.2054301421431934,0.11499960720539093,26.85486766775431,26.85486766775431,7.490068058590293,0,0.0,0,nan,,0,0,0.9898056387901306
M6_dense,procedural,dlc_joint_transition,26,6,M6_dense_n6_seed26,5,True,0,868,1078,108,102,211,210,6.999998272681296,-17.499999772270485,50,17.179199741343663,11.141788679650737,6.037411061692925,16.309408904708132,11.527474589659068,4.781934315049064,-0.3856859100083305,14.481457986875558,0.9031582474708557,0.7503472186660315,0.45122870802879333,3.1850900045947115,3.1850900045947115,10.735107885362746,0,0.0,0,nan,,0,0,0.9960364699363708
M6_dense,procedural,dlc_joint_transition,26,6,M6_dense_n6_seed26,5,True,2,700,804,69,35,105,104,6.999990684338854,-17.50001134859167,50,14.193249904976083,4.187677520103575,10.005572384872508,15.216102653030845,2.9704064911288794,12.245696161901964,1.2172710289746957,16.13634539397956,1.2797263860702515,0.9099794654619127,0.6097822785377502,11.007486470724814,11.007486470724814,6.419385562566025,0,0.0,0,nan,,19,0,0.7627221941947937
M6_dense,procedural,dlc_joint_transition,26,6,M6_dense_n6_seed26,5,True,4,543,815,226,46,273,272,7.000005861025102,-17.500001917638883,50,15.504275504505774,10.414468369718815,5.089807134786959,15.128269139823248,4.002054990477369,11.126214149345879,6.412413379241446,16.577645621624427,1.3987895250320435,0.971405124271309,0.7288454174995422,6.419385562566025,6.419385562566025,11.007486470724814,0,0.0,0,nan,,93,0,0.7555689215660095
M6_dense,procedural,dlc_joint_transition_observer,26,6,M6_dense_n6_seed26,5,True,0,634,1727,272,821,1094,1093,6.9999995236019,-17.500001005384092,50,11.519255899534137,9.22422995487801,2.2950259446561265,11.513954600065166,11.257564116260193,0.25639048380497265,-2.0333341613821823,12.405547250528597,1.7371197938919067,0.3761611677278144,1.7368104142369702,2.445566532375725,2.445566532375725,4.2530771150939355,0,0.0,0,nan,,194,0,0.471056193113327
M6_dense,procedural,dlc_joint_transition_observer,26,6,M6_dense_n6_seed26,5,True,1,1895,2040,80,65,146,145,7.0000020707007025,-17.50000078332073,50,19.32606549534942,12.50748308966537,6.818582405684051,19.954184696566,12.50499618551926,7.449188511046739,0.0024869041461101915,18.21980466942381,0.944587767124176,0.6081322407069272,0.6418275237083435,3.3820876445051757,3.3820876445051757,12.018709772043564,0,0.0,0,nan,,0,0,0.8662561774253845
M6_dense,procedural,dlc_joint_transition_observer,26,6,M6_dense_n6_seed26,5,True,2,347,1635,515,773,1289,1288,7.0000050155263125,-17.499998872338665,50,12.720907049087359,11.32959141075297,1.3913156383343885,11.026454121883654,10.839148382718957,0.18730573916469773,0.4904430280340133,11.878951327035427,1.7371197938919067,0.27322025912929626,1.7368104142369702,5.056571531138917,5.056571531138917,2.445566532375725,0,0.0,0,nan,,122,0,0.471056193113327
M6_dense,procedural,rule_expert_gate,26,6,M6_dense_n6_seed26,5,True,0,470,561,47,44,92,91,6.999990881934423,-17.49999720160065,50,23.227977679539464,6.773157792774532,16.45481988676493,21.11539955508857,8.274617469321326,12.840782085767243,-1.5014596765467942,24.953294824509793,0.42229047417640686,0.31640764223614143,0.4162676492705941,19.297369086373024,19.297369086373024,2.787227274486728,0,0.0,0,nan,,0,0,0.6945120692253113
M6_dense,procedural,rule_expert_gate,26,6,M6_dense_n6_seed26,5,True,1,477,575,64,34,99,98,7.000005861024874,-17.499994246177494,50,21.47099970842242,8.425190204752809,13.04580950366961,23.972399549831863,7.842958495499095,16.129441054332766,0.5822317092537137,24.393248329546243,0.42229047417640686,0.28765279162355295,0.4162676492705941,16.87184714990857,16.87184714990857,2.787227274486728,0,0.0,0,nan,,0,0,0.6945120692253113
M6_dense,procedural,rule_expert_gate,26,6,M6_dense_n6_seed26,5,True,2,162,272,67,43,111,110,7.0000018520769345,-17.49999932784408,50,21.09800935563248,9.860333037017034,11.237676318615447,12.731292629276487,7.856906441719358,4.874386187557128,2.0034265952976753,16.99255252144616,0.48557397723197937,0.2878503869916942,0.4055086821317673,3.871115633082777,3.871115633082777,3.100974457683847,0,0.0,0,nan,,0,0,-0.18579430878162384
M6_dense,procedural,rule_expert_gate,26,6,M6_dense_n6_seed26,5,True,3,398,553,82,73,156,155,7.000005861025102,-17.500000689581498,50,22.1686406241809,13.82516501387499,8.343475610305909,21.67157918586788,12.961748685366008,8.709830500501873,0.8634163285089826,25.110736954505256,0.6443774700164795,0.3461276475901309,0.6383546451106668,2.787227274486728,2.787227274486728,16.934870745203078,0,0.0,0,nan,,0,0,0.6945120692253113
M6_dense,procedural,dlc_individual_transition,27,6,M6_dense_n6_seed27,5,True,2,258,330,40,32,73,72,7.000002135039722,-17.500000752325036,50,21.897262533381515,7.509092991399356,14.388169541982158,21.912310498096375,6.21523832291868,15.697072175177695,1.2938546684806767,21.85523299948744,0.21248558163642883,0.19389918201590237,0.1058441698551178,9.281999012148082,9.281999012148082,9.571373201159048,0,0.0,0,nan,,0,0,0.9859020113945007
M6_dense,procedural,dlc_individual_transition,27,6,M6_dense_n6_seed27,5,True,3,266,347,41,40,82,81,6.9999986556899785,-17.49999917004152,50,21.913382789839517,9.075920896875829,12.837461892963688,21.89965354377843,9.462452380264384,12.437201163514047,-0.3865314833885556,21.357538836219494,0.21248558163642883,0.15938184308115302,0.1996161425486207,9.571373201159048,9.571373201159048,9.281999012148082,0,0.0,0,nan,,0,0,0.9817851781845093
M6_dense,procedural,dlc_joint_transition_observer,27,6,M6_dense_n6_seed27,5,True,2,364,437,47,26,74,73,7.000000712240308,-17.500000752325832,50,21.523656268887738,7.405545156247205,14.118111112640532,21.504769577362325,6.373222093047427,15.131547484314897,1.0323230631997786,15.97132249246669,0.19739241898059845,0.18163914535496686,0.05242204666137695,9.15594569341525,9.15594569341525,9.383345869798644,0,0.0,0,nan,,0,0,0.9987601041793823
M6_dense,procedural,dlc_joint_transition_observer,27,6,M6_dense_n6_seed27,5,True,3,372,467,46,49,96,95,7.000000245383944,-17.500000752326287,50,21.52515209799982,9.15010512966936,12.375046968330459,19.125914190415312,10.447453480561958,8.678460709853354,-1.297348350892598,15.514761864412074,0.33225154876708984,0.19670936930924654,0.16583888232707977,9.383345869798644,9.383345869798644,9.15594569341525,0,0.0,0,nan,,0,0,0.9910779595375061
M6_dense,procedural,rule_expert_gate,27,6,M6_dense_n6_seed27,5,True,2,163,227,40,24,65,64,10.499998617285314,-17.50000555817337,50,25.80775054280241,8.25402906960011,17.5537214732023,26.399460436039053,6.553500140155289,19.845960295883764,1.700528929444821,26.460933859310938,0.38015785813331604,0.15735387427177136,0.37926714931381866,6.319713560563139,6.319713560563139,5.811025163937907,0,0.0,0,nan,,0,0,0.9848716259002686
M6_dense,procedural,rule_expert_gate,27,6,M6_dense_n6_seed27,5,True,3,169,227,35,23,59,58,6.999996758623638,-17.500004546457944,50,25.5322881930652,9.839081917234422,15.693206275830777,26.442144573002853,9.281263912803025,17.16088066019983,0.5578180044313967,26.460933859310938,0.37579721212387085,0.13478895255179002,0.3749065033043735,5.811025163937907,5.811025163937907,6.319713560563139,0,0.0,0,nan,,0,0,0.9848716259002686
M6_dense,procedural,dlc_individual_transition,28,6,M6_dense_n6_seed28,5,True,0,1700,1873,128,45,174,173,7.000006190787417,-17.49999943445755,50,12.999364855290839,11.064311981032205,1.9350528742586341,13.890463989104026,7.475355560520451,6.415108428583575,3.588956420511754,20.076005496498922,0.2941412031650543,0.2199101758071746,0.1480780690908432,14.507245770800784,14.507245770800784,5.175523692849456,0,0.0,0,nan,,0,0,0.910403311252594
M6_dense,procedural,dlc_individual_transition,28,6,M6_dense_n6_seed28,5,True,2,266,1134,293,575,869,868,6.999993733397787,-17.499997454121285,50,11.752182175019732,9.745945174980736,2.006237000038995,9.3519241558167,9.165535694735434,0.1863884610812665,0.5804094802453026,15.307614483362823,1.5590567588806152,0.745779062694099,1.5590480941518763,3.4694086495068976,3.4694086495068976,6.757568752301796,0,0.0,0,nan,,303,0,0.4292619228363037
M6_dense,procedural,dlc_individual_transition,28,6,M6_dense_n6_seed28,5,True,3,1681,1873,129,63,193,192,7.000006190787872,-17.5000027152887,50,15.701327600480518,11.509370149437142,4.1919574510433755,12.51750240627524,8.087216364507293,4.430286041767946,3.422153784929849,20.076005496498922,0.2941412031650543,0.2154431006451345,0.2130216434597969,9.610159640995516,9.610159640995516,5.175523692849456,0,0.0,0,nan,,0,0,0.910403311252594
M6_dense,procedural,dlc_individual_transition,28,6,M6_dense_n6_seed28,5,True,4,1656,1873,93,124,218,217,7.000006190787872,-17.50000167859389,50,20.66867586389701,13.648868148340576,7.019807715556436,12.801613808248405,10.206089888071737,2.5955239201766673,3.442778260268838,20.076005496498922,0.2941412031650543,0.19331390049026578,0.2931311004795134,5.175523692849456,5.175523692849456,9.610159640995516,0,0.0,0,nan,,0,0,0.910403311252594
M6_dense,procedural,dlc_joint_transition,28,6,M6_dense_n6_seed28,5,True,0,1539,1901,316,46,363,362,6.999998767243596,-17.500001678593776,50,12.322267575659215,11.077193057327932,1.2450745183312826,13.546787940455532,7.525282574747368,6.0215053657081645,3.5519104825805643,18.76949036344428,0.3777485191822052,0.1132912453848961,0.3288612477481365,10.032398461313093,10.032398461313093,5.017508817457303,0,0.0,0,nan,,0,0,0.8432222008705139
M6_dense,procedural,dlc_joint_transition,28,6,M6_dense_n6_seed28,5,True,2,606,703,60,37,98,97,6.9999915769326435,-17.499999264851795,50,16.289185159545646,6.183875047804889,10.105310111740756,18.466515974036323,6.077551868409889,12.388964105626435,0.1063231793950008,19.095925357259922,0.9070372581481934,0.7936467534425308,0.40578144788742065,22.358624134475754,22.358624134475754,9.434352361847976,0,0.0,0,nan,,0,0,0.9417141079902649
M6_dense,procedural,dlc_joint_transition,28,6,M6_dense_n6_seed28,5,True,3,606,703,64,33,98,97,6.9999915769326435,-17.499999264851795,50,16.39542131160112,6.715129595135922,9.680291716465197,18.524401111200344,6.600436259809627,11.923964851390718,0.11469333532629467,19.095925357259922,0.9070372581481934,0.7936467534425308,0.40578144788742065,23.122429630226126,23.122429630226126,9.434352361847976,0,0.0,0,nan,,0,0,0.9417141079902649
M6_dense,procedural,dlc_joint_transition,28,6,M6_dense_n6_seed28,5,True,4,182,1901,1026,693,1720,1719,6.999998767244051,-14.000002607295528,50,15.132962812989172,14.590166213718284,0.5427965992708881,14.202694035813423,13.895263355282863,0.30743068053056,0.6949028584354213,18.76949036344428,1.0443434715270996,0.3100959089513327,1.0442274919332704,4.738453477291893,4.738453477291893,10.032398461313093,0,0.0,0,nan,,72,0,0.8432222008705139
M6_dense,procedural,dlc_joint_transition_observer,28,6,M6_dense_n6_seed28,5,True,0,613,2007,1019,375,1395,1394,7.00000090358958,-17.50000151878612,50,11.854775798656803,11.224573274266719,0.630202524390084,11.500016376565673,10.961561540001254,0.5384548365644193,0.263011734265465,10.734065365047416,1.221137523651123,0.8515210500809632,1.2207063867535908,5.0510988228075915,5.0510988228075915,6.60154946354865,0,0.0,0,nan,,389,0,0.9396281838417053
M6_dense,procedural,dlc_joint_transition_observer,28,6,M6_dense_n6_seed28,5,True,2,400,475,41,34,76,75,6.999999530688456,-17.499999828132104,50,21.029724384226963,7.217077413674848,13.812646970552116,20.857034720433365,6.530961587593242,14.326073132840122,0.6861158260816058,18.633360480812613,0.3067605793476105,0.25471355668024015,0.09646552801132202,9.65586349356374,9.65586349356374,10.065618752620145,0,0.0,0,nan,,0,0,0.9927399754524231
M6_dense,procedural,dlc_joint_transition_observer,28,6,M6_dense_n6_seed28,5,True,3,408,491,41,42,84,83,6.999997090296347,-17.500000540330575,50,21.025970795956315,8.989104122761903,12.036866673194412,19.673894608065382,10.169423505080665,9.504471102984716,-1.1803193823187623,19.982829352682252,0.3067605793476105,0.26053315578472047,0.07244744896888733,10.065618752620145,10.065618752620145,9.65586349356374,0,0.0,0,nan,,0,0,0.917868971824646
M6_dense,procedural,dlc_joint_transition_observer,28,6,M6_dense_n6_seed28,5,True,3,1708,2007,218,81,300,299,7.000000903590262,-10.500004146509127,50,11.024195661369314,9.971211453979874,1.0529842073894393,10.750100543243674,8.305759636677571,2.4443409065661026,1.6654518173023032,10.734065365047416,1.221137523651123,0.9552544691165288,0.4277116060256958,7.220604960065585,7.220604960065585,8.264190670563528,0,0.0,0,nan,,104,0,0.9396281838417053
M6_dense,procedural,rule_expert_gate,28,6,M6_dense_n6_seed28,5,True,2,163,227,40,24,65,64,10.499997345006932,-17.500005050922255,50,25.961641439401014,8.460524165596684,17.50111727380433,26.407899593049354,6.383462431039515,20.02443716200984,2.0770617345571694,26.173572943932687,0.37855246663093567,0.1699219648905385,0.3761521091219038,5.93899650251367,5.93899650251367,5.341442466492441,0,0.0,0,nan,,0,0,0.9855325222015381
M6_dense,procedural,rule_expert_gate,28,6,M6_dense_n6_seed28,5,True,3,169,227,36,22,59,58,6.999998699773869,-17.500005050922255,50,25.665865027262928,9.844891275745944,15.820973751516984,26.43844155095687,9.04527181698717,17.3931697339697,0.799619458758773,26.173572943932687,0.37651994824409485,0.14879090101773834,0.37411959073506296,5.341442466492441,5.341442466492441,5.93899650251367,0,0.0,0,nan,,0,0,0.9855325222015381
M6_dense,procedural,rule_expert_gate,28,6,M6_dense_n6_seed28,5,True,3,1977,2061,5,79,85,84,73.49999600553883,-6.999997522361809,50,17.044830614997807,8.864790180327969,8.180040434669838,10.379472132809418,8.432911421997158,1.9465607108122605,0.4318787583308108,7.452435891639991,2.3667144775390625,1.59953791253707,1.5640373826026917,4.990636486754728,4.990636486754728,17.740059481256377,0,0.0,0,nan,,73,0,0.02832212671637535
M6_dense,procedural,dlc_individual_transition,29,6,M6_dense_n6_seed29,5,True,0,543,599,35,21,57,56,6.999998339847707,-17.499986858206967,50,24.410506750313836,6.30307182772291,18.107434922590926,24.920559455186872,6.137848867506851,18.78271058768002,0.16522296021605865,24.82070838497242,0.19542481005191803,0.14222891746382965,0.12259212881326675,16.44045684414017,16.44045684414017,12.110657405304371,0,0.0,0,nan,,0,0,0.9164701104164124
M6_dense,procedural,dlc_individual_transition,29,6,M6_dense_n6_seed29,5,True,1,550,620,41,29,71,70,6.999998339851345,-17.500002467374884,50,24.830652952102863,8.135520006318355,16.695132945784508,24.899610332852163,8.819977385783696,16.07963294706847,-0.684457379465341,24.655637536592074,0.19542481005191803,0.11613700181101515,0.19346948550082743,10.792866956115084,10.792866956115084,16.44045684414017,0,0.0,0,nan,,0,0,0.9637563228607178
M6_dense,procedural,dlc_individual_transition,29,6,M6_dense_n6_seed29,5,True,2,269,496,179,48,228,227,6.999998831789981,-17.50000079558754,50,13.775316875885148,10.517011791196603,3.258305084688544,14.72339427477248,6.799635247488581,7.923759027283898,3.7173765437080224,17.40525258640198,0.2800006568431854,0.1451860231494433,0.22567439824342728,10.0063019812516,10.0063019812516,4.98144022436285,0,0.0,0,nan,,0,0,0.9890932440757751
M6_dense,procedural,dlc_individual_transition,29,6,M6_dense_n6_seed29,5,True,3,252,496,119,125,245,244,6.999998831789981,-17.50000079558788,50,16.15565799547388,11.15752574171616,4.998132253757721,12.84382502484219,9.570012541283349,3.2738124835588405,1.5875132004328112,17.40525258640198,0.2841702997684479,0.15360808632507617,0.22984404116868973,4.98144022436285,4.98144022436285,10.0063019812516,0,0.0,0,nan,,0,0,0.9890932440757751
M6_dense,procedural,dlc_joint_transition,29,6,M6_dense_n6_seed29,5,True,0,730,1227,122,375,498,497,7.000007617325764,-17.500002467377612,50,14.838837924583576,9.841023049815592,4.997814874767984,11.10561753906019,10.03580132944062,1.069816209619571,-0.19477827962502836,11.31831006285599,0.9843467473983765,0.7761239624885191,0.3717106580734253,3.486966865044807,3.486966865044807,5.5867040054745,0,0.0,0,nan,,0,0,0.9511294960975647
M6_dense,procedural,dlc_joint_transition,29,6,M6_dense_n6_seed29,5,True,1,1810,1889,54,25,80,79,7.000011204016573,-17.499995312905412,50,14.941645373227686,6.388009216660625,8.553636156567062,23.509170306853974,6.38244588263031,17.126724424223664,0.005563334030314948,23.504365573110125,0.2805061340332031,0.21855399794876576,0.10626845061779022,25.372704650470258,25.372704650470258,4.034193145429435,0,0.0,0,nan,,0,0,0.931600034236908
M6_dense,procedural,dlc_joint_transition,29,6,M6_dense_n6_seed29,5,True,2,589,676,46,41,88,87,7.000002110162768,-17.500004862757123,50,17.227924491418513,6.574720085034437,10.653204406384075,19.013950208143992,6.271879295560683,12.742070912583308,0.3028407894737546,19.900761956380556,0.9314054846763611,0.819720331240784,0.22337037324905396,11.786999033227014,11.786999033227014,8.29149816542676,0,0.0,0,nan,,0,0,0.942233681678772
M6_dense,procedural,dlc_joint_transition,29,6,M6_dense_n6_seed29,5,True,3,589,676,46,41,88,87,7.000002110162768,-17.500004862757123,50,17.227924491418513,7.966668463237612,9.2612560281809,19.013950208143992,6.880773009656017,12.133177198487974,1.0858954535815952,19.900761956380556,0.9314054846763611,0.819720331240784,0.22337037324905396,8.29149816542676,8.29149816542676,11.786999033227014,0,0.0,0,nan,,0,0,0.942233681678772
M6_dense,procedural,dlc_joint_transition,29,6,M6_dense_n6_seed29,5,True,4,1828,1889,36,25,62,61,7.000011204016573,-17.50000429554484,50,16.827990717518176,6.972549979929088,9.855440737589088,23.509170306853974,6.048217531010409,17.460952775843566,0.9243324489186788,23.504365573110125,0.2805061340332031,0.22743813140738395,0.10626845061779022,21.77998302049956,21.77998302049956,4.1502517926933535,0,0.0,0,nan,,0,0,0.931600034236908
M6_dense,procedural,dlc_joint_transition_observer,29,6,M6_dense_n6_seed29,5,True,0,706,1148,127,315,443,442,6.999999099770093,-17.500002467374657,50,14.712064256732194,9.987448484566718,4.7246157721654765,5.892928166040918,7.044306867094437,-1.1513787010535186,2.943141617472281,1.9346937185722752,3.286201238632202,1.6824811345836648,2.4154496788978577,3.0829941328001116,3.0829941328001116,5.678407127958142,0,0.0,0,nan,,307,141,-0.999963641166687
M6_dense,procedural,dlc_joint_transition_observer,29,6,M6_dense_n6_seed29,5,True,0,1321,2170,26,823,850,849,6.999999099769639,-6.999999099770321,30,4.9844687564508,6.320455589377361,-1.3359868329265607,4.857334526857186,6.417585129059813,-1.5602506022026272,-0.0971295396824523,2.801551696323687,7.177018642425537,4.662440239120932,4.997483491897583,4.079098975711822,4.079098975711822,6.177517611401629,0,0.0,0,nan,,850,400,-0.9999963641166687
M6_dense,procedural,dlc_joint_transition_observer,29,6,M6_dense_n6_seed29,5,True,2,558,646,45,43,89,88,7.000002110162768,-17.500004862757123,50,16.78865664305335,6.8794292272587505,9.9092274157946,15.456630494037734,6.5020769426097385,8.954553551427995,0.37735228464901205,15.012206571357767,0.6656286120414734,0.43914498204595587,0.3531508147716522,10.294531695099597,10.294531695099597,5.037216295413375,0,0.0,0,nan,,0,0,0.9200104475021362
M6_dense,procedural,dlc_joint_transition_observer,29,6,M6_dense_n6_seed29,5,True,3,547,646,56,43,100,99,7.000002110162768,-17.500001825661002,50,16.802315358026586,8.107900858845491,8.694414499181095,15.456630494037734,7.377964372702381,8.078666121335353,0.7299364861431101,15.012206571357767,0.8408050537109375,0.4746553286910057,0.5283272564411163,6.144935744244395,6.144935744244395,5.037216295413375,0,0.0,0,nan,,0,0,0.9200104475021362
M6_dense,procedural,dlc_joint_transition_observer,29,6,M6_dense_n6_seed29,5,True,4,194,1135,489,452,942,941,6.999999099769866,-14.000004648097274,50,14.747781394409905,14.303303062467112,0.4444783319427934,9.965389982882549,11.069632632381593,-1.104242649499044,3.2336704300855192,2.1566171378483996,3.286201238632202,1.2082829256789194,2.973723441362381,5.037216295413375,5.037216295413375,3.0829941328001116,0,0.0,0,nan,,413,128,-0.9890720248222351
M6_dense,procedural,dlc_joint_transition_observer,29,6,M6_dense_n6_seed29,5,True,4,1292,1614,117,205,323,322,6.999997579926685,-7.0000115753496175,50,5.092156797259755,7.833753144260179,-2.7415963470004234,5.133891257111492,7.7760072785594305,-2.6421160214479382,0.057745865700748134,2.0952300824480976,5.345798969268799,3.659239557136323,3.176880359649658,6.187395700663288,6.187395700663288,4.04170356422028,0,0.0,0,nan,,323,156,-0.9999963641166687
M6_dense,procedural,dlc_joint_transition_observer,29,6,M6_dense_n6_seed29,5,True,4,1785,2147,127,235,363,362,6.9999990997689565,-6.9999990997707755,50,5.36982281067626,7.475339587131669,-2.105516776455408,5.226026868336148,7.5977348355272545,-2.3717079671911065,-0.12239524839558591,2.6067140757370777,7.177018642425537,5.213282232442178,3.5829765796661377,6.177517611401629,6.177517611401629,4.08465084777717,0,0.0,0,nan,,363,159,-0.9999722242355347
M6_dense,procedural,rule_expert_gate,29,6,M6_dense_n6_seed29,5,True,2,173,442,111,158,270,269,6.99999918452022,-17.50000079558515,50,16.582924129293485,10.42509938191755,6.157824747375935,9.455121895776468,7.8248163833406315,1.6303055124358368,2.600282998576918,15.403107576735422,2.219876289367676,0.584090777348589,2.0727160423994064,4.942159762989347,4.942159762989347,2.811921430021165,0,0.0,0,nan,,50,0,0.34730926156044006
M6_dense,procedural,rule_expert_gate,29,6,M6_dense_n6_seed29,5,True,3,161,765,39,565,605,604,7.000003582348768,-17.499995878347136,50,26.67600251495126,11.348019633531411,15.32798288141985,11.107183709690435,9.840478942289032,1.2667047674014036,1.5075406912423794,6.625200347095354,2.453707218170166,1.0325623153008459,2.4400594448670745,2.811921430021165,2.811921430021165,4.527296959752069,0,0.0,0,nan,,265,258,-0.9999997615814209
M6_dense,procedural,dlc_individual_transition,30,6,M6_dense_n6_seed30,5,True,0,605,656,31,20,52,51,7.000001671142627,-17.500004177857363,50,27.700304257664232,6.4255772603593355,21.274726997304896,27.602855373959482,6.749170781835647,20.853684592123834,-0.3235935214763117,27.37955438719354,0.4501938223838806,0.2449091006643497,0.34253644943237305,10.616204412634389,10.616204412634389,6.880764917350094,0,0.0,0,nan,,0,0,0.969163715839386
M6_dense,procedural,dlc_individual_transition,30,6,M6_dense_n6_seed30,5,True,1,618,681,34,29,64,63,7.000001671143536,-17.500004177857363,50,27.6329438691799,9.24312108129293,18.38982278788697,27.477057168148978,9.905777509739456,17.571279658409523,-0.6626564284465264,27.224835031224547,0.5650725960731506,0.35066158266272396,0.45741522312164307,4.707478550804144,4.707478550804144,10.616204412634389,0,0.0,0,nan,,0,0,0.9831078052520752
M6_dense,procedural,dlc_individual_transition,30,6,M6_dense_n6_seed30,5,True,2,279,598,274,45,320,319,6.999999164128212,-17.499997804504346,50,12.771188943571575,11.239285525512805,1.5319034180587696,12.792644596177631,7.114433656590462,5.678210939587169,4.1248518689223435,27.470508603469362,0.37805211544036865,0.0661017414779053,0.3747919821180403,9.99789907702409,9.99789907702409,4.975100139702147,0,0.0,0,nan,,0,0,0.7911412715911865
M6_dense,procedural,dlc_individual_transition,30,6,M6_dense_n6_seed30,5,True,3,254,605,162,189,352,351,6.999988582895639,-17.500001568781954,50,15.157540601768957,11.302876834801124,3.8546637669678336,12.307043918211498,10.446652268918982,1.8603916492925165,0.8562245658821421,27.66208900915256,0.395793080329895,0.08663941743196285,0.3925329470075667,4.975100139702147,4.975100139702147,6.291820344884017,0,0.0,0,nan,,0,0,0.7911412715911865
M6_dense,procedural,dlc_joint_transition,30,6,M6_dense_n6_seed30,5,True,0,716,1070,110,244,355,354,7.000001671144673,-17.500004948968808,50,15.768784299712113,9.861688795912903,5.90709550379921,13.02735854086686,11.200918382019498,1.8264401588473618,-1.3392295861065957,14.63257707496676,0.8709967136383057,0.7903466599927822,0.40407103300094604,3.6962249182927542,3.6962249182927542,4.7673979297210956,0,0.0,0,nan,,0,0,0.9921095371246338
M6_dense,procedural,dlc_joint_transition,30,6,M6_dense_n6_seed30,5,True,1,1059,1354,251,44,296,295,7.000001761483418,-17.500003406750466,50,13.321550994409389,11.418108868057706,1.903442126351683,12.253927389010421,7.3968920049920515,4.85703538401837,4.021216863065654,12.336272446352293,0.5221718549728394,0.31538565665785523,0.4394736662507057,8.965347482548653,8.965347482548653,3.9786971109560825,0,0.0,0,nan,,0,0,0.9818644523620605
M6_dense,procedural,dlc_joint_transition,30,6,M6_dense_n6_seed30,5,True,2,597,683,51,35,87,86,6.999988582895639,-17.50000288393767,50,16.953889362936412,6.600963746601464,10.352925616334947,19.703102454283673,6.452239658562573,13.250862795721101,0.14872408803889137,21.355454897471258,0.9018255472183228,0.7617851625913861,0.3142956495285034,12.829052029622874,12.829052029622874,9.073104168334774,0,0.0,0,nan,,0,0,0.9607429504394531
M6_dense,procedural,dlc_joint_transition,30,6,M6_dense_n6_seed30,5,True,3,597,683,51,35,87,86,6.999988582895639,-17.50000288393767,50,16.953889362936412,7.617873265847699,9.336016097088713,19.703102454283673,7.05657602303318,12.646526431250493,0.5612972428145184,21.355454897471258,0.9018255472183228,0.7617851625913861,0.3142956495285034,9.073104168334774,9.073104168334774,12.829052029622874,0,0.0,0,nan,,0,0,0.9607429504394531
M6_dense,procedural,dlc_joint_transition,30,6,M6_dense_n6_seed30,5,True,4,445,1368,737,186,924,923,7.000001219743581,-17.5000049489704,50,15.00060521254404,13.792870265012708,1.207734947531332,13.282166467556605,11.740374323435846,1.541792144120759,2.0524959415768613,11.89865651431889,1.0118446350097656,0.6516525559386871,1.0105906350072473,4.7673979297210956,4.7673979297210956,3.6962249182927542,0,0.0,0,nan,,13,0,0.9607429504394531
M6_dense,procedural,dlc_joint_transition_observer,30,6,M6_dense_n6_seed30,5,True,4,194,560,160,206,367,366,7.000000957822408,-10.50000244573505,50,16.146119383549724,14.868785394986281,1.2773339885634432,17.28071746640329,14.8606065834661,2.4201108829371893,0.008178811520181739,14.544322452428254,1.1106387376785278,0.8477279839463715,0.5055975914001465,4.05178587640903,3.547691461989073,9.391785546662394,0,0.0,0,nan,,69,0,0.9062703847885132
M6_dense,procedural,rule_expert_gate,30,6,M6_dense_n6_seed30,5,True,2,173,381,68,140,209,208,7.000002369426738,-17.499997804523332,50,21.435003829594987,11.136991015608102,10.298012813986885,9.717743421340401,7.65050196288157,2.067241458458831,3.4864890527265313,7.035967865962189,1.802924633026123,0.5278734064306707,1.8015688550658524,4.801294495984088,4.801294495984088,2.8416085099276214,0,0.0,0,nan,,40,52,-0.6880218386650085
M6_dense,procedural,dlc_individual_transition,31,6,M6_dense_n6_seed31,5,True,1,1620,1768,61,87,149,148,6.999999448388962,-17.500002861309213,50,12.096480278710368,6.369536048404888,5.72694423030548,8.429266367784379,6.291257228393727,2.138009139390652,0.07827882001116127,5.28909992858234,1.3255665302276611,0.545965657788235,1.2318154275417328,26.278004194187076,26.278004194187076,2.3983282609287824,0,0.0,0,nan,,36,0,0.6555574536323547
M6_dense,procedural,dlc_individual_transition,31,6,M6_dense_n6_seed31,5,True,4,1634,1768,47,87,135,134,6.999999448387371,-17.50000512442398,50,11.89278373059018,6.786911699500349,5.105872031089831,8.429266367784379,5.577087491400587,2.8521788763837925,1.2098242080997625,5.28909992858234,1.3255665302276611,0.5838079892374851,1.2318154275417328,21.729476623343146,21.729476623343146,2.3983282609287824,0,0.0,0,nan,,36,0,0.6555574536323547
M6_dense,procedural,dlc_joint_transition_observer,31,6,M6_dense_n6_seed31,5,True,1,1646,1769,74,49,124,123,6.999998171275024,-17.500005124422273,50,13.160282000104495,6.30295439388118,6.857327606223315,13.107398201333465,6.257541444295128,6.849856757038338,0.04541294958605224,12.942170559593722,1.0251699686050415,0.9672146285733869,0.1401631236076355,24.753492025114426,24.753492025114426,12.171065457983062,0,0.0,0,nan,,42,0,0.9418810606002808
M6_dense,procedural,dlc_joint_transition_observer,31,6,M6_dense_n6_seed31,5,True,4,1646,1769,74,49,124,123,6.999998171273319,-17.50000512442398,50,13.160282000104495,5.944845477205134,7.215436522899361,13.107398201333465,5.521688493109669,7.5857097082237965,0.4231569840954652,12.942170559593722,1.0251699686050415,0.9672146285733869,0.1401631236076355,20.491460906735064,20.491460906735064,12.171065457983062,0,0.0,0,nan,,42,0,0.9418810606002808
M6_dense,procedural,rule_expert_gate,31,6,M6_dense_n6_seed31,5,True,2,163,539,101,275,377,376,6.999997860695203,-17.500000700592068,50,17.888601461710763,10.93420407066885,6.954397391041914,9.567806736975399,8.446939388256915,1.120867348718484,2.4872646824119347,5.617866307524274,2.624373435974121,0.6321153280335116,2.622501837555319,5.036998159516199,5.036998159516199,10.027574799286961,0,0.0,0,nan,,74,42,-0.8494604229927063
M6_dense,procedural,rule_expert_gate,31,6,M6_dense_n6_seed31,5,True,2,738,2157,506,913,1420,1419,6.999998390020664,-7.000010619530713,43,9.673827415583398,9.473790514275603,0.2000369013077954,9.56087006942769,9.16147108857386,0.39939898085382985,0.31231942570174276,7.242009804302995,5.28555965423584,0.9518908790045444,5.282251298194751,4.737063751465113,4.737063751465113,11.88738057217848,0,0.0,0,nan,,411,63,-0.7549285292625427
M6_dense,procedural,rule_expert_gate,31,6,M6_dense_n6_seed31,5,True,4,1889,2061,87,85,173,172,6.99999839002021,-17.500005124424433,50,12.858627837577963,7.0905157734369855,5.768112064140977,8.600479894761289,5.73630415372492,2.8641757410363686,1.354211619712065,9.47817563305149,0.2790312170982361,0.13265012030360543,0.2757228610571474,37.81201283638316,24.424333755593057,4.737063751465113,0,0.0,0,nan,,0,0,0.3721688687801361
M6_dense,procedural,dlc_individual_transition,32,6,M6_dense_n6_seed32,5,True,0,605,1084,176,303,480,479,7.000001982201638,-17.499999298555394,50,12.873767444025248,9.202168545585312,3.6715988984399353,13.077301093439806,11.325741088574452,1.751560004865354,-2.1235725429891392,15.179426367648816,1.0219807624816895,0.9108398166795572,0.39435768127441406,4.845288688328048,4.845288688328048,5.206421327614752,0,0.0,0,nan,,50,0,0.9818660020828247
M6_dense,procedural,dlc_individual_transition,32,6,M6_dense_n6_seed32,5,True,1,994,1464,285,185,471,470,6.999999200352249,-17.500005851935384,50,15.053340511574733,12.530461744461963,2.52287876711277,15.405948418759028,12.794778240066035,2.6111701786929924,-0.26431649560407244,14.752802950743384,1.0219807624816895,0.8834446010569351,0.3539028763771057,4.2178140458328155,4.2178140458328155,4.746285854703055,0,0.0,0,nan,,38,0,0.9735925793647766
M6_dense,procedural,dlc_individual_transition,32,6,M6_dense_n6_seed32,5,True,2,254,452,94,104,199,198,6.999999839476004,-17.49999841542126,50,17.558152539982174,10.269503696167588,7.288648843814586,14.613073103332672,10.185110936251021,4.427962167081651,0.08439275991656636,14.183865112719376,0.38202986121177673,0.1865306505231402,0.2611059620976448,4.596402004930125,4.596402004930125,5.007848501523536,0,0.0,0,nan,,0,0,0.9815134406089783
M6_dense,procedural,dlc_individual_transition,32,6,M6_dense_n6_seed32,5,True,3,238,1360,643,479,1123,1122,7.000000192418838,-17.50000220188008,50,14.203229609947803,13.12852327819509,1.0747063317527132,13.944494080247523,12.991384234879797,0.9531098453677256,0.13713904331529214,15.437599643884923,1.0219807624816895,0.6756049749227481,1.0181912099942565,4.746285854703055,4.746285854703055,4.238661035082271,0,0.0,0,nan,,70,0,0.7641701698303223
M6_dense,procedural,dlc_joint_transition,32,6,M6_dense_n6_seed32,5,True,0,1012,1329,142,175,318,317,6.99999909285998,-17.50000120929917,50,16.834652583474313,11.846976750049803,4.987675833424509,14.951858978411726,12.314052875644725,2.6378061027670014,-0.4670761255949216,14.558721601569204,1.0028775930404663,0.7720824647811974,0.5142635703086853,3.33448690635558,3.33448690635558,5.677403134524948,0,0.0,0,nan,,8,0,0.9910556674003601
M6_dense,procedural,dlc_joint_transition,32,6,M6_dense_n6_seed32,5,True,2,622,788,108,58,167,166,6.9999965048705235,-17.500009187201158,50,16.387878192227575,6.991720808939449,9.396157383288127,10.392772817539127,4.012676397594872,6.380096419944255,2.979044411344577,12.159405507805456,1.243449091911316,0.8617609692904764,0.6815816164016724,5.424477865374777,5.424477865374777,2.5210983096145196,0,0.0,0,nan,,35,0,0.8557209372520447
M6_dense,procedural,dlc_joint_transition,32,6,M6_dense_n6_seed32,5,True,3,601,1206,439,166,606,605,6.999996465651748,-17.500004167698762,50,14.85823933538985,12.686338707352112,2.171900628037738,16.75253250120615,13.378328672776014,3.3742038284301366,-0.6919899654239021,14.13437655496789,1.243449091911316,0.8851441676073736,0.6815816164016724,5.677403134524948,5.677403134524948,2.5210983096145196,0,0.0,0,nan,,69,0,0.8557209372520447
M6_dense,procedural,dlc_joint_transition,32,6,M6_dense_n6_seed32,5,True,4,431,770,260,79,340,339,6.999997460238092,-17.50000078195808,50,16.379246804293825,13.01844699299803,3.360799811295795,12.687337691190752,6.32550673480517,6.361830956385582,6.692940258192859,11.116251199334501,1.243449091911316,0.9301328034961924,0.6677684783935547,2.5210983096145196,2.5210983096145196,5.424477865374777,0,0.0,0,nan,,62,0,0.8557209372520447
M6_dense,procedural,dlc_joint_transition_observer,32,6,M6_dense_n6_seed32,5,True,0,622,760,56,82,139,138,6.999995549500682,-17.49999632264621,50,18.9354569529027,8.316084021061812,10.61937293184089,15.024529716253145,9.638957519065913,5.385572197187232,-1.3228734980041015,10.305350583825161,0.35519716143608093,0.18836629358639526,0.3532972213579342,4.266165397141748,3.9675584700192426,8.731354247875005,0,0.0,0,nan,,0,0,0.9751966595649719
M6_dense,procedural,dlc_joint_transition_observer,32,6,M6_dense_n6_seed32,5,True,2,296,505,135,74,210,209,6.999999839476004,-17.500002201879852,50,13.640096303464754,9.395294441233126,4.244801862231627,10.720821178323073,6.938539859299601,3.782281319023472,2.4567545819335255,13.608016549864923,0.13244545459747314,0.06438197314800206,0.13158087647752836,5.105354663865086,5.105354663865086,5.011919988017429,0,0.0,0,nan,,0,0,0.9908868074417114
M6_dense,procedural,dlc_joint_transition_observer,32,6,M6_dense_n6_seed32,5,True,3,271,505,96,138,235,234,6.999999839476004,-17.49999841542126,50,17.68833552486821,11.09472850786156,6.593607017006651,10.622785160121675,8.738519014579566,1.8842661455421084,2.3562094932819946,13.608016549864923,0.15162520110607147,0.0723726636113381,0.1507606229861267,5.011919988017429,5.011919988017429,5.105354663865086,0,0.0,0,nan,,0,0,0.9908868074417114
M6_dense,procedural,rule_expert_gate,32,6,M6_dense_n6_seed32,5,True,2,167,1536,331,1038,1370,1369,6.99999554949909,-17.50000760612852,50,11.318666862895585,9.158709856870479,2.159957006025106,7.70924165802811,7.588776747444406,0.12046491058370368,1.5699331094260724,8.432734106753612,6.199459075927734,2.4482790542018673,6.10292661190033,3.8034338170715363,3.8034338170715363,2.854485509184789,0,0.0,0,nan,,897,154,-0.8312845230102539
M8_scale,procedural,dlc_individual_transition,21,8,M8_scale_n8_seed21,7,True,0,777,869,53,39,93,92,7.00000402204887,-17.499996498186874,50,22.916655122309706,10.80684137756197,12.109813744747736,22.54159328697294,11.092940589720412,11.448652697252529,-0.28609921215844203,21.4763568469423,0.6025301814079285,0.5732237177510415,0.06121492385864258,5.719349185026648,5.719349185026648,4.307177664262731,0,0.0,0,nan,,0,0,0.9997708797454834
M8_scale,procedural,dlc_individual_transition,21,8,M8_scale_n8_seed21,7,True,1,830,954,61,63,125,124,7.0000018183468455,-17.49999649817937,50,22.363208198641015,11.957386778874742,10.405821419766273,20.191803419267327,12.40096173258021,7.790841686687116,-0.4435749537054683,17.176976696095437,0.5634104609489441,0.5427736492156983,0.03271442651748657,4.466048900068554,4.466048900068554,2.683528515263696,0,0.0,0,nan,,0,0,0.9998390674591064
M8_scale,procedural,dlc_individual_transition,21,8,M8_scale_n8_seed21,7,True,2,807,918,61,50,112,111,6.99999377066888,-17.500008953272754,50,22.64584937770564,11.237710148068805,11.408139229636836,21.546903259733345,11.132426125187985,10.41447713454536,0.10528402288082006,19.220450810141998,0.5926095247268677,0.551182532949107,0.061913490295410156,2.683528515263696,2.683528515263696,4.532844859327558,0,0.0,0,nan,,0,0,0.9997708797454834
M8_scale,procedural,dlc_individual_transition,21,8,M8_scale_n8_seed21,7,True,4,687,823,75,61,137,136,7.000004022050234,-17.499999313616627,50,23.363006082081867,14.817040207813962,8.545965874267905,23.012247347567637,14.974387478240773,8.037859869326864,-0.1573472704268113,22.54187323319283,0.6025301814079285,0.5697119745024799,0.16177332401275635,4.307177664262731,4.307177664262731,4.357960967934333,0,0.0,0,nan,,0,0,0.9760758280754089
M8_scale,procedural,dlc_individual_transition,21,8,M8_scale_n8_seed21,7,True,5,188,724,318,218,537,536,7.000004022049325,-17.50000213126259,50,15.145122036305134,13.174282581278124,1.9708394550270096,15.56623568538406,13.61814490572586,1.9480907796581999,-0.44386232444773555,23.34132649031605,0.6786674857139587,0.30480463029877447,0.6771165642421693,4.357960967934333,4.357960967934333,5.118668131464093,0,0.0,0,nan,,0,0,0.8919277191162109
M8_scale,procedural,dlc_joint_transition,21,8,M8_scale_n8_seed21,7,True,5,156,919,64,699,764,763,6.999994945624621,-17.49998917402877,50,20.751133956688548,10.288263385159883,10.462870571528665,11.427254674692001,10.265132837730265,1.1621218369617363,0.023130547429618176,23.694317152698805,3.8884572982788086,2.073085192181365,3.518238067626953,3.13909424931451,3.13909424931451,6.068330174164403,0,0.0,0,nan,,542,0,0.6657832264900208
M8_scale,procedural,dlc_joint_transition,21,8,M8_scale_n8_seed21,7,True,6,1306,1681,304,71,376,375,6.999999509660029,-17.500004929435363,50,12.945240173429278,10.808227147050024,2.137013026379254,5.400151377041267,9.368262626407324,-3.968111249366057,1.4399645206427003,5.2870485507224405,0.7103167176246643,0.16534481263528156,0.7100697821588255,3.8738839366282583,3.8738839366282583,4.9031710443851875,0,0.0,0,nan,,0,9,-0.1164066344499588
M8_scale,procedural,dlc_joint_transition_observer,21,8,M8_scale_n8_seed21,7,True,0,574,648,42,32,75,74,7.000004022049552,-17.499996498177097,50,23.984184495652325,7.664259432212653,16.319925063439673,23.550385866574253,7.946669846315633,15.60371602025862,-0.28241041410297996,22.88920916495245,0.7122517228126526,0.6763395484288534,0.13013416528701782,15.503972350833847,15.503972350833847,5.350607279798537,0,0.0,0,nan,,0,0,0.9942776560783386
M8_scale,procedural,dlc_joint_transition_observer,21,8,M8_scale_n8_seed21,7,True,1,588,670,45,37,83,82,6.999991566962308,-17.49999539632472,50,23.8142358347496,10.0314347600572,13.782801074692399,23.255413870435344,10.277265335871522,12.978148534563822,-0.24583057581432222,22.46741183324069,0.7135410904884338,0.6951845575527973,0.056764185428619385,11.474110508747527,11.474110508747527,5.350607279798537,0,0.0,0,nan,,0,0,0.9982109069824219
M8_scale,procedural,dlc_joint_transition_observer,21,8,M8_scale_n8_seed21,7,True,2,547,640,51,42,94,93,7.000004022050234,-17.499999876846232,50,23.040686807765642,11.120031256576024,11.920655551189618,23.71691002363294,12.264342996988413,11.452567026644529,-1.1443117404123893,23.026194325581084,0.8843533396720886,0.6624570596725383,0.354412317276001,5.350607279798537,5.350607279798537,9.441457380810272,0,0.0,0,nan,,0,0,0.7628645300865173
M8_scale,procedural,dlc_joint_transition_observer,21,8,M8_scale_n8_seed21,7,True,3,588,709,70,51,122,121,7.000004022050234,-17.499995396324266,50,23.644533709400015,14.277789002715885,9.36674470668413,22.711574231433836,14.112761196918804,8.598813034515032,0.16502780579708087,21.414825463943988,0.7135410904884338,0.6923387734616389,0.06242978572845459,4.7207077525388526,4.7207077525388526,5.350607279798537,0,0.0,0,nan,,0,0,0.9982109069824219
M8_scale,procedural,dlc_joint_transition_observer,21,8,M8_scale_n8_seed21,7,True,4,225,299,46,28,75,74,7.000002096643243,-17.50000191104084,50,16.918878562532075,8.494093348911619,8.424785213620456,22.029304828325557,7.7536957679408465,14.27560906038471,0.7403975809707726,21.99471324525699,0.10334056615829468,0.056969038954703136,0.1032070353103336,13.807407214932123,13.807407214932123,14.143895285140946,0,0.0,0,nan,,0,0,0.9312230944633484
M8_scale,procedural,dlc_joint_transition_observer,21,8,M8_scale_n8_seed21,7,True,5,213,291,54,24,79,78,6.9999970133137595,-17.499995095450004,50,16.23251283469958,8.541703176913089,7.690809657786492,21.82453784271567,7.395114276167277,14.429423566548394,1.1465889007458117,22.13061871147491,0.10334056615829468,0.056036332290976223,0.1032070353103336,14.143895285140946,14.143895285140946,13.807407214932123,0,0.0,0,nan,,0,0,0.9312230944633484
M8_scale,procedural,rule_expert_gate,21,8,M8_scale_n8_seed21,7,True,0,450,632,111,71,183,182,7.0000040220497795,-17.499999373271294,50,14.209529879251653,7.569819629535169,6.639710249716484,13.83467843605522,7.609489702933181,6.22518873312204,-0.03967007339801221,14.805565093746266,0.48320263624191284,0.3301928099550185,0.36447691917419434,11.013830838499697,10.976364931261786,5.0359229356894595,0,0.0,0,nan,,0,0,0.7957302331924438
M8_scale,procedural,rule_expert_gate,21,8,M8_scale_n8_seed21,7,True,1,478,723,109,136,246,245,7.000004022049097,-17.499999876846687,50,14.081006266088787,8.715357946335551,5.365648319753236,13.67455182795081,10.356351640404062,3.318200187546747,-1.640993694068511,14.860076720663326,0.48320263624191284,0.2658575570487183,0.48060427978634834,4.696258074278832,4.696258074278832,4.966540688791424,0,0.0,0,nan,,0,0,0.7726192474365234
M8_scale,procedural,rule_expert_gate,21,8,M8_scale_n8_seed21,7,True,2,355,437,46,36,83,82,6.999999869742169,-17.50000013460226,50,26.75551412582217,10.929422308138998,15.826091817683173,24.868319914786056,10.754148912889631,14.114171001896425,0.17527339524936636,15.371923844432267,0.3306317925453186,0.22339451623956408,0.3304978379892418,2.5323473090064974,2.5323473090064974,5.053062533929285,0,0.0,0,nan,,0,0,0.9791020154953003
M8_scale,procedural,rule_expert_gate,21,8,M8_scale_n8_seed21,7,True,3,374,1465,400,691,1092,1091,6.999999451476015,-17.500001551485866,50,15.4516163403382,13.38020948701862,2.07140685331958,14.075528262685667,13.243846594839905,0.8316816678457624,0.136362892178715,24.59514350369328,0.48320263624191284,0.16153994744504765,0.48317011653853115,4.778423164588309,4.778423164588309,2.5323473090064974,0,0.0,0,nan,,0,0,0.7456744313240051
M8_scale,procedural,rule_expert_gate,21,8,M8_scale_n8_seed21,7,True,4,167,235,43,25,69,68,7.00000465818141,-17.50000213126259,50,26.51103430407245,10.171614983790999,16.33941932028145,24.653501764736554,10.488558865956543,14.16494289878001,-0.31694388216554437,25.889084719756795,0.4317009747028351,0.3458650030087734,0.18732579052448273,4.8861553158400355,4.8861553158400355,5.060478031793888,0,0.0,0,nan,,0,0,0.9423345327377319
M8_scale,procedural,rule_expert_gate,21,8,M8_scale_n8_seed21,7,True,5,167,235,34,34,69,68,7.00000465818141,-17.49998917402877,50,26.887104148400258,10.425320421685292,16.461783726714966,24.76913171023296,8.608923568137625,16.160208142095335,1.8163968535476673,25.889084719756795,0.4317009747028351,0.3458650030087734,0.18732579052448273,5.060478031793888,5.060478031793888,4.8861553158400355,0,0.0,0,nan,,0,0,0.9423345327377319
M8_scale,procedural,dlc_individual_transition,22,8,M8_scale_n8_seed22,7,True,0,713,1119,53,353,407,406,7.000001878309831,-17.500004940895906,50,24.6372282756284,11.757329347846243,12.879898927782156,13.107291638712443,11.90581484866399,1.2014767900484529,-0.14848550081774725,12.738252826225832,0.4236198961734772,0.4072193870966206,0.052770525217056274,2.797405363050764,2.797405363050764,10.147015670540108,0,0.0,0,nan,,0,0,0.9972422122955322
M8_scale,procedural,dlc_individual_transition,22,8,M8_scale_n8_seed22,7,True,2,527,602,48,27,76,75,7.0000000281156645,-17.500003762424285,50,18.976162986332593,10.131809242410753,8.84435374392184,23.057322621575086,8.941188932601248,14.116133688973838,1.1906203098095052,25.29553377541517,0.719881534576416,0.5690080178411383,0.4360826015472412,5.91487733836095,5.91487733836095,5.577937619179813,0,0.0,0,nan,,0,0,0.8205241560935974
M8_scale,procedural,dlc_individual_transition,22,8,M8_scale_n8_seed22,7,True,3,509,588,60,19,80,79,6.9999936969204555,-17.500001491555167,50,19.246378380743632,9.452215092360463,9.794163288383169,20.11555144278961,8.297730095427772,11.817821347361837,1.1544849969326911,25.168084333686924,0.719881534576416,0.6366378910839557,0.40843111276626587,5.577937619179813,5.577937619179813,5.738156944275453,0,0.0,0,nan,,0,0,0.8205241560935974
M8_scale,procedural,dlc_individual_transition,22,8,M8_scale_n8_seed22,7,True,4,300,518,115,103,219,218,7.0000003431118785,-17.50000178131222,50,20.39764522370404,14.847491786648071,5.550153437055968,19.779915408047902,14.98340750645967,4.796507901588232,-0.13591571981159944,19.197870949573257,0.6706081032752991,0.46362061101143764,0.5696224793791771,4.258573253857516,4.258573253857516,3.90282971859208,0,0.0,0,nan,,0,0,0.9953324198722839
M8_scale,procedural,dlc_individual_transition,22,8,M8_scale_n8_seed22,7,True,5,198,407,136,73,210,209,7.000001290539558,-17.500006063368687,50,16.565089733817587,13.472866785699656,3.0922229481179304,20.059191160594978,14.290938048446609,5.7682531121483684,-0.8180712627469529,20.139992606565084,0.5132350921630859,0.22922827481358712,0.5115433593746275,3.90282971859208,3.90282971859208,7.4329566594115715,0,0.0,0,nan,,0,0,0.8934109210968018
M8_scale,procedural,dlc_joint_transition,22,8,M8_scale_n8_seed22,7,True,2,522,821,106,193,300,299,6.999991401463376,-17.49999952833764,50,15.915196470937222,9.643241581854838,6.271954889082384,11.039530830795112,8.914187336618186,2.125343494176926,0.729054245236652,11.2953083135212,0.8316637873649597,0.5206974182836711,0.827104021795094,5.769679732310412,5.769679732310412,2.7855639434873147,0,0.0,0,nan,,0,0,0.8455458879470825
M8_scale,procedural,dlc_joint_transition,22,8,M8_scale_n8_seed22,7,True,3,506,948,52,390,443,442,7.0000046200818815,-17.500001491555167,50,21.453605765500228,9.685157787061534,11.768447978438694,11.456638733028385,10.154132459671242,1.3025062733571424,-0.4689746726097077,11.102882395404801,1.0141907930374146,0.595404938859844,1.0096310274675488,2.7855639434873147,2.7855639434873147,4.20755583183692,0,0.0,0,nan,,5,0,0.8455458879470825
M8_scale,procedural,dlc_joint_transition,22,8,M8_scale_n8_seed22,7,True,4,347,506,95,64,160,159,6.999997654393383,-17.50000046086234,50,21.8649864845536,14.868089408061419,6.996897076492182,22.057926158513403,15.03566580660195,7.022260351911454,-0.16757639854053075,21.484443524194937,0.7843109965324402,0.6887204203754663,0.16544991731643677,4.550516314060707,4.550516314060707,18.446210842000244,0,0.0,0,nan,,0,0,0.9978020191192627
M8_scale,procedural,dlc_joint_transition,22,8,M8_scale_n8_seed22,7,True,5,139,277,43,95,139,138,7.000000266206598,-17.50000103858474,50,27.72462491068964,11.681789664223006,16.042835246466637,11.865772860447432,9.359198186964504,2.5065746734829286,2.322591477258502,13.25610678213828,1.0226637125015259,0.8394358265314171,0.3084533214569092,4.002805350927051,4.002805350927051,8.67089624150927,0,0.0,0,nan,,13,0,0.8944514989852905
M8_scale,procedural,dlc_joint_transition_observer,22,8,M8_scale_n8_seed22,7,True,5,527,1751,844,380,1225,1224,7.0000018783111955,-17.50000594524738,50,10.969403925567992,10.019813411926332,0.9495905136416596,8.734827661756569,8.86308259147032,-0.1282549297137514,1.156730820456012,11.134550968777438,1.2688599824905396,0.8726530088210592,0.6424679756164551,5.15240116474667,5.15240116474667,3.297078831529368,0,0.0,0,nan,,310,0,0.9706379175186157
M8_scale,procedural,dlc_joint_transition_observer,22,8,M8_scale_n8_seed22,7,True,6,746,1763,164,853,1018,1017,6.9999984355708875,-10.50000032081357,50,11.295924509721694,11.289233869544239,0.00669064017745491,8.866289838907557,8.615321339434702,0.2509684994728545,2.6739125301095363,11.803653182678161,1.2688599824905396,0.8988783406953681,0.6424679756164551,3.297078831529368,3.297078831529368,5.15240116474667,0,0.0,0,nan,,310,0,0.9706379175186157
M8_scale,procedural,rule_expert_gate,22,8,M8_scale_n8_seed22,7,True,0,1319,1439,47,73,121,120,6.999997570293544,-17.500001760701707,50,26.778125364021083,12.128137364426506,14.649987999594577,21.753274469395294,11.069821999493122,10.683452469902171,1.0583153649333834,23.401386100206523,0.5494572520256042,0.40418623646428764,0.2181212604045868,3.6307877583177506,3.6307877583177506,15.018854805046475,0,0.0,0,nan,,0,0,0.9291946887969971
M8_scale,procedural,rule_expert_gate,22,8,M8_scale_n8_seed22,7,True,1,1411,2141,280,450,731,730,7.000000070153874,-17.500004898153975,50,14.964478836662618,12.058376837773581,2.906101998889037,12.37819423518311,11.594713275910767,0.7834809592723424,0.46366356186281443,18.348203905525423,0.50890052318573,0.18062172923523745,0.5059666428714991,3.9352776489912107,3.9352776489912107,3.6307877583177506,0,0.0,0,nan,,0,0,-0.16839435696601868
M8_scale,procedural,rule_expert_gate,22,8,M8_scale_n8_seed22,7,True,2,809,879,38,32,71,70,7.0000046200818815,-17.499991722276945,50,23.111660663949063,7.2182975681178005,15.893363095831262,11.781158686071436,6.722782615398983,5.058376070672453,0.4955149527188176,17.785553999321635,0.2553941011428833,0.14434506805141417,0.2525140717625618,3.769979213948204,3.769979213948204,3.3641805312945396,0,0.0,0,nan,,0,0,0.8035380840301514
M8_scale,procedural,rule_expert_gate,22,8,M8_scale_n8_seed22,7,True,3,817,929,30,82,113,112,6.999991401463376,-17.50000494089545,50,23.7487752458434,9.058382025833538,14.690393220009863,15.353610238552239,9.023604804223854,6.330005434328385,0.03477722160968355,22.20713614225706,1.4014886617660522,0.3686277788262237,1.400042059016414,12.968149305939523,12.968149305939523,3.3641805312945396,0,0.0,0,nan,,17,0,0.3414955735206604
M8_scale,procedural,rule_expert_gate,22,8,M8_scale_n8_seed22,7,True,4,943,1153,114,96,211,210,7.000004620080745,-17.50000494089545,50,21.00414861392875,14.94346298197032,6.060685631958428,15.308298780795717,12.397110216525084,2.911188564270633,2.5463527654452367,18.6296269598036,1.2479212284088135,0.35976201789762596,1.2422912726178765,4.117238769402044,4.117238769402044,21.95187517253538,0,0.0,0,nan,,7,0,0.46130988001823425
M8_scale,procedural,rule_expert_gate,22,8,M8_scale_n8_seed22,7,True,5,141,575,85,349,435,434,7.000002643795483,-17.50000103858474,50,21.681695834135613,10.420244082392129,11.261451751743484,11.708989977215017,8.987228327178665,2.7217616500363526,1.4330157552134644,26.037063202222253,4.416398048400879,1.9478094066867884,4.376457545906305,4.506405874570247,4.506405874570247,7.143315470458567,0,0.0,0,nan,,266,97,-0.6654104590415955
M8_scale,procedural,rule_expert_gate,22,8,M8_scale_n8_seed22,7,True,6,734,893,106,53,160,159,6.999991401463376,-17.50000594524738,50,23.149446392133637,15.435213442988946,7.714232949144691,13.398361261533454,10.936985466302001,2.4613757952314526,4.498227976686945,21.12325837280476,0.4801143705844879,0.236301648781955,0.47866776783484966,3.3641805312945396,3.3641805312945396,3.769979213948204,0,0.0,0,nan,,0,0,0.35847488045692444
M8_scale,procedural,dlc_individual_transition,23,8,M8_scale_n8_seed23,7,True,0,845,926,47,34,82,81,6.999995446509956,-17.499999323761358,50,25.843502534941788,11.866911394016652,13.976591140925136,25.70440335219859,12.10315601928026,13.60124733291833,-0.23624462526360723,25.51428485837444,0.7597384452819824,0.7421229954172925,0.03592538833618164,5.014065690304163,5.014065690304163,13.228766057044737,0,0.0,0,nan,,0,0,0.9999251961708069
M8_scale,procedural,dlc_individual_transition,23,8,M8_scale_n8_seed23,7,True,1,906,995,48,41,90,89,7.000000394150902,-17.49999947558763,50,25.623958920841606,12.681872666270314,12.942086254571292,25.33838356560048,12.767965781420793,12.570417784179687,-0.08609311515047935,24.85238843450261,0.8075016140937805,0.7754613949192894,0.05849045515060425,5.26610035633444,5.26610035633444,5.014065690304163,0,0.0,0,nan,,0,0,0.9999160766601562
M8_scale,procedural,dlc_individual_transition,23,8,M8_scale_n8_seed23,7,True,1,1592,1654,20,42,63,62,7.000000240929012,-7.000002620922942,50,8.893470567377486,10.663176197350719,-1.7697056299732328,12.199805567059283,11.410111018968419,0.7896945480908641,-0.7469348216176996,29.744119791904396,1.0308623313903809,0.9289899553571429,0.5049370527267456,5.7415523790330285,5.7415523790330285,18.55406492773035,0,0.0,0,nan,,2,0,0.7174261212348938
M8_scale,procedural,dlc_individual_transition,23,8,M8_scale_n8_seed23,7,True,2,256,411,80,75,156,155,6.9999986000068475,-17.500002966724992,50,13.567676452456691,6.397336711757912,7.170339740698779,13.454024025073352,8.65800474521415,4.796019279859202,-2.2606680334562377,17.168876592799965,0.5607637763023376,0.33443957710495364,0.42530612647533417,13.416381158240585,13.173770201344524,4.080392795088534,0,0.0,0,nan,,0,0,0.9954438209533691
M8_scale,procedural,dlc_individual_transition,23,8,M8_scale_n8_seed23,7,True,3,710,811,56,45,102,101,7.000005643124268,-17.500000071933755,50,26.007577405643644,14.187673663849633,11.819903741794011,25.94354919343599,14.269139603772988,11.674409589663004,-0.08146593992335482,25.8998025879899,0.6993520855903625,0.6606804255176993,0.0926395058631897,4.632446030602404,4.632446030602404,13.833564664722442,0,0.0,0,nan,,0,0,0.9998083710670471
M8_scale,procedural,dlc_individual_transition,23,8,M8_scale_n8_seed23,7,True,4,184,676,448,44,493,492,7.000002776490419,-17.500002189157158,50,15.230748198170858,14.635969443347213,0.5947787548236452,21.147932200395662,14.270223945714896,6.8777082546807655,0.36574549763231623,26.038257568976544,0.9715014100074768,0.5367048766924933,0.8672186359763145,5.11181127140472,5.11181127140472,4.080392795088534,0,0.0,0,nan,,0,0,0.7987824082374573
M8_scale,procedural,dlc_individual_transition,23,8,M8_scale_n8_seed23,7,True,5,177,427,40,210,251,250,7.0000023927668735,-17.500009171986676,50,20.95574738404331,10.86322286502731,10.092524519016,14.140419823802183,13.684128006756518,0.4562918170456651,-2.8209051417292077,17.2402789020681,0.5926626324653625,0.3370301739509362,0.4883798584342003,4.080392795088534,4.080392795088534,8.97186973653839,0,0.0,0,nan,,0,0,0.8550470471382141
M8_scale,procedural,dlc_joint_transition,23,8,M8_scale_n8_seed23,7,True,0,1533,1887,270,84,355,354,7.000000508601488,-17.500001610182608,50,13.07611922409155,11.402331253936781,1.673787970154768,10.168459606906726,6.7316437132049805,3.4368158937017457,4.670687540731801,16.514262735442284,1.3904355764389038,0.22527638935602048,1.3752652080729604,10.140037780380554,10.140037780380554,2.8298293476533263,0,0.0,0,nan,,21,0,0.6374025940895081
M8_scale,procedural,dlc_joint_transition,23,8,M8_scale_n8_seed23,7,True,2,302,454,107,45,153,152,7.0000023927668735,-17.500002966724992,50,13.682768674538877,8.063317029876227,5.61945164466265,16.60356262012789,8.084281148998315,8.519281471129574,-0.02096411912208751,19.963395827646526,1.1744071245193481,0.9554868469051286,0.4098626971244812,18.241423588907427,17.648828258326507,3.6519798801653187,0,0.0,0,nan,,42,0,0.9871484637260437
M8_scale,procedural,dlc_joint_transition,23,8,M8_scale_n8_seed23,7,True,3,1452,1887,344,91,436,435,7.0000005086005785,-17.500003566856094,50,13.598247247017229,11.671779221227762,1.9264680257894664,10.413167840804169,7.594642965153009,2.8185248756511596,4.077136256074753,16.514262735442284,1.3904355764389038,0.20721713714557913,1.3752652080729604,5.370739392084056,5.370739392084056,2.8298293476533263,0,0.0,0,nan,,21,0,0.6374025940895081
M8_scale,procedural,dlc_joint_transition,23,8,M8_scale_n8_seed23,7,True,5,141,454,42,271,314,313,7.0000023927668735,-17.500007136972044,50,27.246215817876617,10.762108953498252,16.484106864378365,13.92816814822558,11.839040640513023,2.0891275077125577,-1.0769316870147705,19.963395827646526,1.1744071245193481,0.96286646025196,0.5217089056968689,3.6519798801653187,3.6519798801653187,9.970842814228817,0,0.0,0,nan,,159,0,0.9177935123443604
M8_scale,procedural,dlc_joint_transition_observer,23,8,M8_scale_n8_seed23,7,True,2,391,530,65,74,140,139,7.000000758728447,-17.50000058593514,50,17.96230362412765,8.20056742648893,9.761736197638719,15.12021477004626,9.451081592738632,5.669133177307629,-1.250514166249701,15.385816300860894,0.21140430867671967,0.07825122296947354,0.21134128779522143,8.419781032499332,8.419781032499332,5.950782268174327,0,0.0,0,nan,,0,0,0.9969155192375183
M8_scale,procedural,rule_expert_gate,23,8,M8_scale_n8_seed23,7,True,2,1119,1198,48,31,80,79,6.999998625184617,-17.50000082010456,50,26.57939256139007,11.926594305597485,14.652798255792584,26.740122974357163,11.595871129713773,15.14425184464339,0.3307231758837119,27.03869144919839,0.35971495509147644,0.3319582138210535,0.0699111819267273,2.8644385674433592,2.8644385674433592,49.212590977080254,0,0.0,0,nan,,0,0,0.9980657696723938
M8_scale,procedural,rule_expert_gate,23,8,M8_scale_n8_seed23,7,True,4,1368,1709,234,107,342,341,7.000000967170081,-17.500000212174655,50,16.83741458608207,13.736287221899085,3.101127364182984,15.06801836768803,12.28330550061402,2.78471286707401,1.4529817212850649,21.05349065708671,0.5404397249221802,0.25969097979723516,0.5402794326655567,3.8462964502799344,3.8462964502799344,4.827982185267504,0,0.0,0,nan,,0,0,-0.014400999061763287
M8_scale,procedural,rule_expert_gate,23,8,M8_scale_n8_seed23,7,True,5,142,711,40,529,570,569,7.000003336999157,-17.500007136972044,50,26.80563703994266,10.727762288746124,16.077874751196536,9.207056461075904,8.126380774969029,1.0806756861068756,2.6013815137770955,20.69304331290431,5.642285346984863,3.2962881679074805,5.321872383356094,4.28133792324244,4.28133792324244,7.776085907536551,0,0.0,0,nan,,464,137,-0.7486855983734131
M8_scale,procedural,rule_expert_gate,23,8,M8_scale_n8_seed23,7,True,6,1341,1568,108,119,228,227,6.999999510009047,-17.500000985375436,50,20.685529892311305,14.357012319250536,6.328517573060768,16.008107131231988,13.328027103060483,2.6800800281715045,1.028985216190053,15.874174017733239,0.48837098479270935,0.23392497799195872,0.4862848883494735,4.827982185267504,4.827982185267504,5.017915242191964,0,0.0,0,nan,,0,0,0.7891179919242859
M8_scale,procedural,dlc_individual_transition,24,8,M8_scale_n8_seed24,7,True,0,1730,1914,105,79,185,184,7.000004524609949,-17.500004860649597,50,18.34622414907096,11.889614152201778,6.456609996869181,17.6409056581973,11.735408931464937,5.905496726732364,0.1542052207368414,21.308780748404708,0.9311851263046265,0.836815201591801,0.18317896127700806,4.2750494693914955,4.2750494693914955,5.565259116976037,0,0.0,0,nan,,0,0,0.9996545910835266
M8_scale,procedural,dlc_individual_transition,24,8,M8_scale_n8_seed24,7,True,1,1806,1955,119,30,150,149,6.999996391688228,-17.500005254870985,50,17.70441400082982,12.392878499517124,5.311535501312697,20.544044342896235,10.53009486719103,10.013949475705205,1.862783632326094,29.519322257821155,0.8520485758781433,0.7392038889726003,0.672236442565918,4.292657544178118,4.292657544178118,4.2750494693914955,0,0.0,0,nan,,0,0,0.782096803188324
M8_scale,procedural,dlc_individual_transition,24,8,M8_scale_n8_seed24,7,True,2,964,1020,32,24,57,56,6.999999875190724,-17.500000291254537,50,17.080630694008754,6.3853737130746655,10.695256980934088,20.424100865009084,6.189828145860297,14.234272719148787,0.1955455672143689,10.985561327705149,0.5531401634216309,0.3767386750693907,0.5171193331480026,30.5671328042672,30.5671328042672,2.9580490922755196,0,0.0,0,nan,,0,0,0.764498770236969
M8_scale,procedural,dlc_individual_transition,24,8,M8_scale_n8_seed24,7,True,3,964,1039,36,39,76,75,7.000002074550139,-17.500000291254537,50,17.327303508260485,6.585465011736137,10.741838496524348,15.434765656892273,6.654653727021398,8.780111929870873,-0.06918871528526171,12.241756203401739,0.5531401634216309,0.3021793899334673,0.547785185277462,30.25762447142322,30.25762447142322,2.9580490922755196,0,0.0,0,nan,,0,0,0.764498770236969
M8_scale,procedural,dlc_individual_transition,24,8,M8_scale_n8_seed24,7,True,4,311,964,84,569,654,653,6.999993004621501,-17.50000178465143,50,20.912249265305995,11.515112127047027,9.397137138258968,12.976826800293582,12.397680134802075,0.579146665491507,-0.8825680077550473,18.798615508884378,0.8747197985649109,0.5410920722347425,0.8418035358190536,2.35007246661088,2.35007246661088,4.868139440412514,0,0.0,0,nan,,0,0,0.7110165953636169
M8_scale,procedural,dlc_individual_transition,24,8,M8_scale_n8_seed24,7,True,5,301,741,83,357,441,440,6.999993076970441,-17.50000250582434,50,21.40980238652424,11.445322691211908,9.964479695312333,12.782145930079958,11.723960116184049,1.0581858138959088,-0.27863742497214083,11.871544636756775,0.8747197985649109,0.49854328276382553,0.8418035358190536,4.959441386260601,4.959441386260601,2.389322213651162,0,0.0,0,nan,,0,0,0.9237434267997742
M8_scale,procedural,dlc_individual_transition,24,8,M8_scale_n8_seed24,7,True,6,852,1874,791,231,1023,1022,6.999997422660272,-17.500006115630413,50,16.66212686722585,16.43205019565383,0.2300766715720215,14.832600594919365,14.059378566909768,0.7732220280095969,2.3726716287440617,17.234403981238966,1.0015169382095337,0.744697675300773,0.9990093798842281,2.9580490922755196,2.9580490922755196,2.807952244809339,0,0.0,0,nan,,6,0,0.764498770236969
M8_scale,procedural,dlc_joint_transition,24,8,M8_scale_n8_seed24,7,True,2,579,645,41,25,67,66,6.9999929942860035,-17.499997472010364,50,23.987715758325184,7.829048607239567,16.158667151085616,24.0597303344499,6.713903827088202,17.345826507361696,1.1151447801513656,23.847805337175956,0.7518759369850159,0.7408880804901692,0.05733674764633179,11.884403818216551,11.884403818216551,11.291945646434678,0,0.0,0,nan,,0,0,0.9985885620117188
M8_scale,procedural,dlc_joint_transition,24,8,M8_scale_n8_seed24,7,True,3,586,652,37,29,67,66,6.9999929942860035,-17.499997472010364,50,24.008829194866653,9.273177802130872,14.73565139273578,24.0576532393691,9.127761892962086,14.929891346407013,0.14541590916878633,23.72321208288384,0.7518759369850159,0.7353360386037114,0.06558716297149658,11.291945646434678,11.291945646434678,11.884403818216551,0,0.0,0,nan,,0,0,0.9985885620117188
M8_scale,procedural,dlc_joint_transition,24,8,M8_scale_n8_seed24,7,True,4,290,386,63,33,97,96,6.999992911601453,-17.499998494078,50,21.878237302373687,8.578406896495089,13.299830405878598,21.364014154676276,8.078222354143612,13.285791800532664,0.5001845423514766,21.848020221579254,0.7897660732269287,0.7123113846041492,0.24099397659301758,8.965965766194076,8.965965766194076,9.39162726160076,0,0.0,0,nan,,0,0,0.9448922276496887
M8_scale,procedural,dlc_joint_transition,24,8,M8_scale_n8_seed24,7,True,5,283,378,62,33,96,95,7.000000425420126,-17.50000186683519,50,21.95874823570079,8.490562907964554,13.468185327736235,21.383379888222034,7.537778139593529,13.845601748628505,0.9527847683710249,21.755223972136417,0.7897660732269287,0.7020366216699282,0.24099397659301758,9.39162726160076,9.39162726160076,8.965965766194076,0,0.0,0,nan,,0,0,0.9448922276496887
M8_scale,procedural,dlc_joint_transition_observer,24,8,M8_scale_n8_seed24,7,True,2,725,863,58,80,139,138,7.000002010996468,-17.499997498495077,50,18.660996982582557,7.388587735994083,11.272409246588474,11.596003131443025,6.496043697179749,5.099959434263276,0.892544038814334,12.279934258040807,1.2601897716522217,0.8901574748883144,0.60406094789505,5.005859166941175,5.005859166941175,5.219871807092968,0,0.0,0,nan,,39,0,0.7802971601486206
M8_scale,procedural,dlc_joint_transition_observer,24,8,M8_scale_n8_seed24,7,True,3,733,960,69,158,228,227,6.999999875190724,-17.499997503016857,50,15.651172384454998,9.216814964652608,6.4343574198023905,12.053173061356878,10.277282094306212,1.7758909670506657,-1.0604671296536043,12.572841063763917,1.2601897716522217,0.9410490443309149,0.60406094789505,5.219871807092968,5.219871807092968,5.005859166941175,0,0.0,0,nan,,94,0,0.7802971601486206
M8_scale,procedural,dlc_joint_transition_observer,24,8,M8_scale_n8_seed24,7,True,4,471,624,75,78,154,153,7.000007939239367,-17.500005151197,50,21.434882245053267,13.024766723634295,8.410115521418971,19.849585706883374,13.565093847222302,6.284491859661072,-0.5403271235880069,22.575566097974825,1.0129320621490479,0.9192091791660755,0.18341541290283203,8.025942809896945,8.025942809896945,10.287922969160025,0,0.0,0,nan,,13,0,0.992303192615509
M8_scale,procedural,dlc_joint_transition_observer,24,8,M8_scale_n8_seed24,7,True,4,936,1949,863,150,1014,1013,6.9999906691518845,-17.499989395096918,50,14.467429221239723,14.075361645302808,0.392067575936915,15.203264210324335,12.187486334840573,3.015777875483762,1.8878753104622348,13.67585191790345,0.9330503940582275,0.5645304550315736,0.6217041015625,4.489034705882472,4.489034705882472,3.352890433419223,0,0.0,0,nan,,0,0,0.9097408652305603
M8_scale,procedural,dlc_joint_transition_observer,24,8,M8_scale_n8_seed24,7,True,5,459,624,82,83,166,165,7.000007939239367,-17.500005151197,50,21.545025502337598,12.851314602945674,8.693710899391924,19.882445038973778,14.044245736920063,5.838199302053715,-1.1929311339743887,22.575566097974825,1.0129320621490479,0.9127414158309799,0.19306796789169312,10.287922969160025,10.287922969160025,8.025942809896945,0,0.0,0,nan,,13,0,0.992303192615509
M8_scale,procedural,dlc_joint_transition_observer,24,8,M8_scale_n8_seed24,7,True,5,960,1767,660,147,808,807,7.0000025133479085,-17.50000587067052,50,14.358291810146726,13.39440604936342,0.963885760783306,15.023634534500594,13.124555573402574,1.89907896109802,0.26985047596084577,16.411374535654073,0.8900091648101807,0.5326691112748467,0.5786628723144531,5.097628625303276,5.097628625303276,3.352890433419223,0,0.0,0,nan,,0,0,0.9097408652305603
M8_scale,procedural,dlc_joint_transition_observer,24,8,M8_scale_n8_seed24,7,True,6,1385,1681,114,182,297,296,6.999998527231355,-7.000006887998779,50,14.640918127960436,14.671027045958263,-0.030108917997827334,14.266075743055723,13.031290468238405,1.2347852748173178,1.6397365777198587,16.02833292555092,0.603500485420227,0.5219270640150063,0.2921541929244995,3.48089545652384,3.48089545652384,5.450307482038014,0,0.0,0,nan,,0,0,0.9097408652305603
M8_scale,procedural,rule_expert_gate,24,8,M8_scale_n8_seed24,7,True,0,1589,1801,140,72,213,212,6.999997422661409,-17.500003095754437,50,18.305696525350328,11.333832257076281,6.971864268274047,17.34614641388842,9.828854828124328,7.517291585764092,1.5049774289519533,19.011582656544018,1.116632342338562,0.44375462119987874,1.1110593066550791,2.7710616521869462,2.7710616521869462,4.137043466408371,0,0.0,0,nan,,19,0,0.32901787757873535
M8_scale,procedural,rule_expert_gate,24,8,M8_scale_n8_seed24,7,True,1,1698,1914,149,67,217,216,7.000005632909961,-17.500004860649597,50,18.71928524442239,12.66683577601655,6.052449468405841,20.13529168025822,11.633042380268671,8.502249299989549,1.0337933957478782,23.22319362330679,1.116632342338562,0.5662109838811518,1.109857506584376,2.863423387007763,2.863423387007763,2.7710616521869462,0,0.0,0,nan,,21,0,0.32901787757873535
M8_scale,procedural,rule_expert_gate,24,8,M8_scale_n8_seed24,7,True,2,996,1051,30,25,56,55,6.999999875190724,-17.500000291254537,50,25.14004879054891,6.426684717425062,18.71336407312385,25.300866620432345,6.599470287389572,18.701396333042773,-0.17278556996450956,22.567873251320147,0.4186977446079254,0.23834646765940956,0.3843928463757038,30.9759993535477,30.9759993535477,14.583909882871225,0,0.0,0,nan,,0,0,0.9028155207633972
M8_scale,procedural,rule_expert_gate,24,8,M8_scale_n8_seed24,7,True,3,996,1060,39,25,65,64,7.000002074550139,-17.500000291254537,50,24.890806595078015,6.647916236653988,18.242890358424027,25.434635782728165,6.594658966087637,18.83997681664053,0.05325727056635099,21.984604885171304,0.4670902192592621,0.2684771171556069,0.4327853210270405,31.11571096796206,31.11571096796206,13.829235505162012,0,0.0,0,nan,,0,0,0.9028155207633972
M8_scale,procedural,rule_expert_gate,24,8,M8_scale_n8_seed24,7,True,4,190,504,47,267,315,314,7.000001444233703,-17.5000005999417,50,26.943421808379604,12.8015842476931,14.141837560686504,12.133124169470733,8.638883566136055,3.494240603334678,4.162700681557045,20.096170955272427,4.364467620849609,2.186398129208782,4.361148827942088,4.995645018528414,4.995645018528414,5.852779147633311,0,0.0,0,nan,,215,183,-0.9999550580978394
M8_scale,procedural,rule_expert_gate,24,8,M8_scale_n8_seed24,7,True,5,190,492,45,257,303,302,7.000001444233703,-17.5000005999417,50,26.947207204088503,12.69877361624887,14.248433587839633,11.862845264212789,7.731481814558291,4.131363449654498,4.967291801690579,22.06103837648566,4.364467620849609,2.18001088054571,4.361148827942088,5.852779147633311,5.852779147633311,4.995645018528414,0,0.0,0,nan,,203,183,-0.9999550580978394
M8_scale,procedural,rule_expert_gate,24,8,M8_scale_n8_seed24,7,True,6,1018,1678,292,368,661,660,7.000003816429626,-17.50000423282131,50,19.372038808241705,16.19999572733827,3.1720430809034355,16.967919753683788,15.85343192814091,1.1144878255428772,0.3465637991973587,19.980534368584042,0.48389437794685364,0.16674767737307672,0.4837358038057573,4.137043466408371,4.137043466408371,11.675759828414506,0,0.0,0,nan,,0,0,0.34995725750923157
M8_scale,procedural,dlc_individual_transition,25,8,M8_scale_n8_seed25,7,True,0,679,802,69,54,124,123,7.000003752686325,-17.499995783643726,50,21.681167024479464,11.864613181476672,9.816553843002792,20.91821418763911,12.024339826582976,8.893874361056133,-0.15972664510630352,20.322676022610086,0.9487213492393494,0.9172388493053375,0.10392266511917114,6.241262474665753,6.241262474665753,11.421389446339354,0,0.0,0,nan,,0,0,0.9987344145774841
M8_scale,procedural,dlc_individual_transition,25,8,M8_scale_n8_seed25,7,True,1,752,899,79,68,148,147,7.00000229927582,-17.50001023778259,50,20.735878457608028,12.673814996626263,8.062063460981765,19.61730122868679,12.744453923432935,6.872847305253856,-0.07063892680667294,17.76267407040074,0.9487213492393494,0.9155512552809071,0.13836342096328735,5.936457483412681,5.936457483412681,6.241262474665753,0,0.0,0,nan,,0,0,0.9987559914588928
M8_scale,procedural,dlc_individual_transition,25,8,M8_scale_n8_seed25,7,True,1,1173,1293,19,101,121,120,7.000000889523676,-7.0000008895206065,50,3.9895709277202656,5.040816665420052,-1.0512457376997864,5.267750306147831,6.011118591265502,-0.7433682851176711,-0.9703019258454502,4.61873003976824,0.7274589538574219,0.30410122950484375,0.726318908855319,3.8091897773675822,3.8091897773675822,6.433502457651736,0,0.0,0,nan,,0,65,-0.853626549243927
M8_scale,procedural,dlc_individual_transition,25,8,M8_scale_n8_seed25,7,True,2,306,357,30,21,52,51,7.000003367405498,-17.499994058498714,50,24.142968186780717,6.337820719714513,17.805147467066206,24.13885272897101,6.191730447396166,17.947122281574842,0.1460902723183466,24.13195229294487,0.2263861894607544,0.15230885792810184,0.1518251597881317,25.722547753596235,25.722547753596235,18.25894829877977,0,0.0,0,nan,,0,0,0.9988731741905212
M8_scale,procedural,dlc_individual_transition,25,8,M8_scale_n8_seed25,7,True,3,314,368,29,25,55,54,10.500002420441774,-17.499999657879812,50,24.142380804060878,5.482070937065398,18.66030986699548,24.121330588388773,5.340098244835881,18.781232343552894,0.14197269222951725,24.170668375670925,0.20861783623695374,0.12778102972290734,0.1345796138048172,21.31623477416919,21.31623477416919,19.326497357311162,0,0.0,0,nan,,0,0,0.9988731741905212
M8_scale,procedural,dlc_individual_transition,25,8,M8_scale_n8_seed25,7,True,4,207,278,48,23,72,71,7.000001582342634,-17.500000949930836,50,16.151453890786183,9.635738884008111,6.515715006778072,22.860771037800472,9.758886193815846,13.101884843984626,-0.12314730980773447,24.143417444979487,0.32679125666618347,0.20959886132429043,0.22285624593496323,11.663088511446674,11.663088511446674,13.105372104569568,0,0.0,0,nan,,0,0,0.8979657888412476
M8_scale,procedural,dlc_individual_transition,25,8,M8_scale_n8_seed25,7,True,5,197,278,51,30,82,81,7.000001582342634,-17.500004042416776,50,15.996346068831224,9.007656505144249,6.988689563686975,22.31608405029765,9.700360869096484,12.615723181201167,-0.6927043639522346,24.143417444979487,0.32679125666618347,0.21906449927425967,0.22285624593496323,13.105372104569568,13.105372104569568,11.663088511446674,0,0.0,0,nan,,0,0,0.8979657888412476
M8_scale,procedural,dlc_joint_transition,25,8,M8_scale_n8_seed25,7,True,2,370,456,59,27,87,86,6.999999570294449,-17.499999657879812,50,14.864355471884018,6.258287851140943,8.606067620743076,16.013119002801357,6.320553666126909,9.692565336674448,-0.06226581498596584,15.90334826404367,0.7151960730552673,0.7046686040944067,0.02419990301132202,28.794100181673702,28.794100181673702,6.104072437666881,0,0.0,0,nan,,0,0,0.9976955652236938
M8_scale,procedural,dlc_joint_transition,25,8,M8_scale_n8_seed25,7,True,3,370,456,48,38,87,86,6.999999570294449,-17.499999657879812,50,14.697387665844914,5.454879589066771,9.242508076778144,15.891488893585207,5.469982340586605,10.4215065529986,-0.015102751519833646,15.90334826404367,0.7151960730552673,0.7046686040944067,0.02419990301132202,23.909003366641862,23.909003366641862,6.104072437666881,0,0.0,0,nan,,0,0,0.9976955652236938
M8_scale,procedural,dlc_joint_transition,25,8,M8_scale_n8_seed25,7,True,4,133,899,240,526,767,766,6.999993917481561,-17.500005597682502,50,17.048860241775984,13.391033177039875,3.657827064736109,15.246871016302356,13.965256963208839,1.2816140530935165,-0.5742237861689645,14.809999833167543,1.0415871143341064,0.6472735355676162,1.0372007372789085,2.81246900825191,2.81246900825191,4.832439533843264,0,0.0,0,nan,,15,0,0.5889559984207153
M8_scale,procedural,dlc_joint_transition,25,8,M8_scale_n8_seed25,7,True,5,140,303,53,110,164,163,7.000001582342634,-17.500011477604176,50,26.884005410280402,12.094301575986485,14.789703834293917,11.453371574891486,8.547988993317537,2.9053825815739494,3.546312582668948,13.111693993498884,1.0415871143341064,0.8413681020823921,0.40301448106765747,4.832439533843264,4.832439533843264,4.6622956557947655,0,0.0,0,nan,,15,0,0.8742805123329163
M8_scale,procedural,dlc_joint_transition_observer,25,8,M8_scale_n8_seed25,7,True,2,397,528,86,45,132,131,6.9999995703109334,-17.500001990768965,50,14.317275922898325,6.66101149097349,7.656264431924836,15.684282615074588,6.444377581926546,9.239905033148041,0.21663390904694335,13.366314777417141,0.316203236579895,0.19304201294752685,0.24339982867240906,33.15695807033667,31.343414165420015,2.798650380592984,0,0.0,0,nan,,0,0,0.9938290119171143
M8_scale,procedural,dlc_joint_transition_observer,25,8,M8_scale_n8_seed25,7,True,3,397,489,63,29,93,92,6.999999570294449,-17.499999657879812,50,13.914462301318457,5.447859960077283,8.466602341241174,15.438307099737964,6.359949830043245,9.078357269694719,-0.9120898699659623,15.309075069495773,0.316203236579895,0.2284587828382369,0.17496450245380402,29.380371931863348,29.380371931863348,3.7272171868003836,0,0.0,0,nan,,0,0,0.9938290119171143
M8_scale,procedural,dlc_joint_transition_observer,25,8,M8_scale_n8_seed25,7,True,4,261,669,154,254,409,408,7.000000044947683,-17.50000823832204,50,15.512539200317669,12.2753841313736,3.237155068944068,14.857286084571967,13.092816609783197,1.7644694747887701,-0.8174324784095965,15.69449798646396,0.3682127594947815,0.17315091280332678,0.36643834924325347,2.5203673244321996,2.5203673244321996,4.634469887560798,0,0.0,0,nan,,0,0,0.9403389096260071
M8_scale,procedural,dlc_joint_transition_observer,25,8,M8_scale_n8_seed25,7,True,5,249,489,113,127,241,240,6.999999570294449,-17.50000823832204,50,15.546850036275089,11.929047796858931,3.6178022394161573,14.783946700464002,12.636803892991455,2.1471428074725463,-0.707756096132524,15.309075069495773,0.316203236579895,0.14646396198117884,0.3161784531584999,4.634469887560798,4.634469887560798,3.7272171868003836,0,0.0,0,nan,,0,0,0.9403389096260071
M8_scale,procedural,rule_expert_gate,25,8,M8_scale_n8_seed25,7,True,2,1001,1625,332,292,625,624,7.000006062146213,-17.5000010817904,50,12.644557205930933,10.69603621463569,1.9485209912952435,7.601787666306596,6.820969802485813,0.7808178638207837,3.8750664121498772,7.192589299222661,5.748211860656738,1.4124127293091266,5.746211900608614,10.057488129328295,10.057488129328295,4.992702571688374,0,0.0,0,nan,,228,24,-0.5299578905105591
M8_scale,procedural,rule_expert_gate,25,8,M8_scale_n8_seed25,7,True,5,148,1693,340,1205,1546,1545,7.000006062146213,-17.500011477604176,50,13.252704526670684,11.246069596559988,2.006634930110696,9.127727466682346,8.98440571190567,0.14332175477667697,2.2616638846543182,7.175434335184298,7.1501383781433105,2.234943148427472,7.148138418095186,4.984566755687952,4.984566755687952,4.233846636089857,0,0.0,0,nan,,878,159,-0.6730861067771912
M8_scale,procedural,dlc_individual_transition,26,8,M8_scale_n8_seed26,7,True,0,577,645,37,31,69,68,7.000006058620556,-17.500011348591784,50,21.613577541135353,6.458632130552959,15.154945410582393,22.809192814456452,6.196204754208159,16.61298806024829,0.2624273763448004,21.725368346062606,0.46464523673057556,0.30486877025037573,0.23726244270801544,17.37621009222299,17.37621009222299,5.499421576818323,0,0.0,0,nan,,0,0,0.8609021306037903
M8_scale,procedural,dlc_individual_transition,26,8,M8_scale_n8_seed26,7,True,1,584,668,46,38,85,84,6.999990684337945,-17.500001005384092,50,22.501416581238242,8.30202543349912,14.199391147739123,22.527851541168165,9.082761984666858,13.445089556501307,-0.7807365511677382,19.26563618464846,0.38215604424476624,0.2809603287893183,0.15477325022220612,11.723782229661875,11.723782229661875,6.176202941233876,0,0.0,0,nan,,0,0,0.8609021306037903
M8_scale,procedural,dlc_individual_transition,26,8,M8_scale_n8_seed26,7,True,2,518,599,52,29,82,81,7.000000891943728,-17.50000002901811,50,18.15897600000939,10.31893212080032,7.84004387920907,19.782229729272398,8.915177270635892,10.867052458636506,1.403754850164427,22.840758702628545,0.6277629137039185,0.5127507262840504,0.40038011968135834,6.176202941233876,6.176202941233876,5.4794544825516,0,0.0,0,nan,,0,0,0.8609021306037903
M8_scale,procedural,dlc_individual_transition,26,8,M8_scale_n8_seed26,7,True,3,491,584,67,26,94,93,6.999998193980446,-17.49999993758638,50,18.969888470484847,9.995973697760862,8.973914772723985,17.148790600343965,8.566981713278604,8.58180888706536,1.4289919844822574,22.529966267859606,0.6277629137039185,0.5739841619704632,0.24560686945915222,5.4794544825516,5.4794544825516,5.614193321184696,0,0.0,0,nan,,0,0,0.8609021306037903
M8_scale,procedural,dlc_individual_transition,26,8,M8_scale_n8_seed26,7,True,4,195,491,198,98,297,296,7.000001775546025,-17.500006786835797,50,17.783639747692543,14.609291024030915,3.1743487236616286,19.69875318315324,15.054235716451965,4.644517466701275,-0.44494469242104984,19.304467165801615,0.5915337204933167,0.2854810496545256,0.5902717778226361,3.8773007369768573,3.8773007369768573,3.163251045647731,0,0.0,0,nan,,0,0,0.8934086561203003
M8_scale,procedural,dlc_individual_transition,26,8,M8_scale_n8_seed26,7,True,5,177,398,122,99,222,221,7.000001852077048,-17.49999725368218,50,16.686895994672998,12.72861164895135,3.9582843457216477,19.574230259592508,14.479046092476436,5.095184167116072,-1.7504344435250854,19.89069554545534,0.44656118750572205,0.16776450622359057,0.44529924483504146,3.163251045647731,3.163251045647731,5.746331288655314,0,0.0,0,nan,,0,0,0.8934086561203003
M8_scale,procedural,dlc_joint_transition,26,8,M8_scale_n8_seed26,7,True,2,1130,1329,156,43,200,199,7.000006058620784,-17.49999977227003,50,13.897877887248452,9.988664185205666,3.909213702042786,12.277160379356006,6.72131429309066,5.555846086265347,3.267349892115006,11.42700633718374,0.9368842840194702,0.4989641273021698,0.7191993445158005,8.54925637447202,8.54925637447202,3.1607753490735524,0,0.0,0,nan,,0,0,0.8315697908401489
M8_scale,procedural,dlc_joint_transition,26,8,M8_scale_n8_seed26,7,True,4,684,1186,237,265,503,502,7.000006058620784,-17.500001917638883,50,6.4396181038400755,8.839142129388353,-2.3995240255482777,7.878838899761325,8.658975214959394,-0.7801363151980691,0.18016691442895905,13.063462158254486,1.069518804550171,0.6450654801748976,1.0687790605588816,3.1607753490735524,3.1607753490735524,3.199230360541085,0,0.0,0,nan,,29,151,-0.5833030939102173
M8_scale,procedural,dlc_joint_transition,26,8,M8_scale_n8_seed26,7,True,5,140,1167,523,504,1028,1027,6.999990684338172,-17.500004108886515,50,10.225099240735819,9.996770704818747,0.22832853591707192,11.863512675324031,11.458492109893118,0.40502056543091314,-1.4617214050743712,15.717747543377866,1.069518804550171,0.5324900743910481,1.069100179563975,4.320307250896052,4.320307250896052,3.1607753490735524,0,0.0,0,nan,,40,151,-0.5833030939102173
M8_scale,procedural,dlc_joint_transition,26,8,M8_scale_n8_seed26,7,True,6,839,1343,239,265,505,504,7.000006058620784,-14.000011919645885,50,9.51301530054194,10.157315606052986,-0.644300305511047,7.398468439841431,10.410976737502573,-3.0125082976611415,-0.25366113144958646,10.024427437963842,1.069518804550171,0.5759693487825122,1.0687790605588816,4.720591557578428,4.720591557578428,3.1607753490735524,0,0.0,0,nan,,29,151,-0.5833030939102173
M8_scale,procedural,dlc_joint_transition_observer,26,8,M8_scale_n8_seed26,7,True,0,1212,1412,108,92,201,200,6.999998470277205,-17.499999574674575,50,16.962258288221193,10.876339907456567,6.085918380764626,12.865801260136886,7.951161637336033,4.914639622800853,2.9251782701205338,19.150964154491927,0.6886847615242004,0.35354506409731673,0.5734509527683258,4.803092665105823,4.803092665105823,2.957600378945584,0,0.0,0,nan,,0,0,0.8552748560905457
M8_scale,procedural,dlc_joint_transition_observer,26,8,M8_scale_n8_seed26,7,True,1,1429,1518,39,50,90,89,6.999999741073907,-17.499998145092377,50,17.479117088733307,7.291346893181861,10.187770195551447,10.130815995063793,6.757170700473718,3.3736452945900757,0.5341761927081432,11.237539137052385,0.6590930223464966,0.3464232062300046,0.5177647620439529,22.148572540414435,22.148572540414435,3.587845910032,0,0.0,0,nan,,0,0,0.8374365568161011
M8_scale,procedural,dlc_joint_transition_observer,26,8,M8_scale_n8_seed26,7,True,1,1723,1796,41,32,74,73,7.000001034948582,-17.500000624226004,50,14.864713726853427,6.45598447617658,8.408729250676847,13.814510046615165,6.44977520532925,7.364734841285915,0.006209270847329584,14.615222161101393,0.24795228242874146,0.16584708002974857,0.19889900088310242,14.31837298474989,14.31837298474989,8.999636691269385,0,0.0,0,nan,,0,0,0.9929307103157043
M8_scale,procedural,dlc_joint_transition_observer,26,8,M8_scale_n8_seed26,7,True,2,722,878,69,87,157,156,6.999990684338854,-17.50001134859167,50,14.509938219602903,6.636039983584834,7.873898236018069,4.25991318875798,5.148018805379982,-0.8881056166220018,1.4880211782048525,6.326405641516248,0.8171432614326477,0.6625751458155881,0.30890506505966187,4.068758483948969,4.068758483948969,3.1476210253838475,0,0.0,0,nan,,0,0,0.7276906371116638
M8_scale,procedural,dlc_joint_transition_observer,26,8,M8_scale_n8_seed26,7,True,3,1429,1518,28,61,90,89,6.999999741074134,-17.49999814509215,50,19.137035758760636,7.488801108439987,11.64823465032065,10.694907622434279,6.866818948093573,3.828088674340706,0.6219821603464144,11.237539137052385,0.6590930223464966,0.3464232062300046,0.5177647620439529,17.13536920764704,17.13536920764704,3.587845910032,0,0.0,0,nan,,0,0,0.8374365568161011
M8_scale,procedural,dlc_joint_transition_observer,26,8,M8_scale_n8_seed26,7,True,3,1702,1821,69,50,120,119,7.000004092396466,-17.499999092791313,50,15.188438327118675,6.468472578515376,8.719965748603299,14.074211893365163,8.086550216070243,5.98766167729492,-1.618077637554867,16.514366627208574,0.24795228242874146,0.15453607725600402,0.19955401122570038,12.766710733152062,10.923495736045524,7.209360305390773,0,0.0,0,nan,,0,0,0.9929307103157043
M8_scale,procedural,dlc_joint_transition_observer,26,8,M8_scale_n8_seed26,7,True,4,1429,1518,28,61,90,89,6.999999741074134,-17.49999814509215,50,19.137035758760636,7.625921914514925,11.51111384424571,10.694907622434279,7.0778375395080735,3.6170700829262055,0.5480843750068516,11.237539137052385,0.6590930223464966,0.3464232062300046,0.5177647620439529,12.112899846312775,12.112899846312775,3.587845910032,0,0.0,0,nan,,0,0,0.8374365568161011
M8_scale,procedural,dlc_joint_transition_observer,26,8,M8_scale_n8_seed26,7,True,4,1577,1955,161,217,379,378,7.000000841944939,-17.500001568550488,50,14.895091972174871,9.650171287501951,5.24492068467292,16.34303829904989,12.95287006902499,3.3901682300249014,-3.3026987815230378,14.121223399436774,0.24795228242874146,0.12856383895061327,0.2477651820081519,3.094719960356924,3.094719960356924,10.907848834200504,0,0.0,0,nan,,0,0,0.9631173014640808
M8_scale,procedural,dlc_joint_transition_observer,26,8,M8_scale_n8_seed26,7,True,5,521,878,281,76,358,357,6.999990684338854,-17.500002583356263,50,14.306783017878166,11.420101806275339,2.886681211602827,4.88307785741028,5.457391318132597,-0.5743134607223173,5.962710488142742,6.326405641516248,0.8171432614326477,0.6164889700252917,0.3629875183105469,4.175009246082486,4.175009246082486,3.1476210253838475,0,0.0,0,nan,,0,0,0.7276906371116638
M8_scale,procedural,rule_expert_gate,26,8,M8_scale_n8_seed26,7,True,0,2009,2084,54,21,76,75,7.000000072823013,-17.50000300321574,50,15.553988352557433,8.390792262289535,7.163196090267897,25.920702289097058,7.8519508132552085,18.06875147584185,0.5388414490343267,22.794112133677665,0.4470374882221222,0.21698445590261958,0.43772422801703215,45.28431507389188,45.28431507389188,4.986651054242342,0,0.0,0,nan,,0,0,0.7830103635787964
M8_scale,procedural,rule_expert_gate,26,8,M8_scale_n8_seed26,7,True,2,1284,1361,39,38,78,77,10.500009087931176,-17.499999772269348,50,13.52344166435673,5.308307576459238,8.215134087897493,13.505571530903227,5.109719925044499,8.395851605858727,0.19858765141473889,13.613159121124312,0.4008094370365143,0.3729629623584258,0.038898199796676636,16.00909401200071,16.00909401200071,5.017211604329269,0,0.0,0,nan,,0,0,0.9765087962150574
M8_scale,procedural,rule_expert_gate,26,8,M8_scale_n8_seed26,7,True,4,1271,1361,55,35,91,90,7.000006058620784,-17.499999772269348,50,13.53368496738844,4.082383597570007,9.451301369818434,13.530659938009906,3.340794023064478,10.189865914945429,0.7415895745055288,13.613159121124312,0.4008094370365143,0.3721856281652555,0.038898199796676636,12.833408130470543,12.833408130470543,5.017211604329269,0,0.0,0,nan,,0,0,0.9765087962150574
M8_scale,procedural,rule_expert_gate,26,8,M8_scale_n8_seed26,7,True,5,141,2063,564,1358,1923,1922,7.0000050155263125,-17.500004108886515,50,13.25623498533099,12.089879853394596,1.1663551319363936,11.194509982465277,11.078686315291778,0.11582366717349935,1.0111935381028179,24.16002686510025,5.849730491638184,1.329483106624489,5.848846644395962,4.927710935270041,4.927710935270041,7.573017900670189,0,0.0,0,nan,,615,76,-0.721357524394989
M8_scale,procedural,rule_expert_gate,26,8,M8_scale_n8_seed26,7,True,6,1993,2084,63,28,92,91,7.000000072823013,-17.500003003215852,50,12.723139068811268,6.731785930567093,5.9913531382441745,25.960227700199514,6.963615504138537,18.996612196060976,-0.23182957357144396,22.794112133677665,0.46124768257141113,0.25911328778602183,0.4519344223663211,44.09080441545162,44.09080441545162,4.94163512597587,0,0.0,0,nan,,0,0,0.7830103635787964
M8_scale,procedural,dlc_individual_transition,27,8,M8_scale_n8_seed27,7,True,0,1006,1086,45,35,81,80,6.99999980292705,-17.499996777725187,50,26.94745514793657,11.782589059799754,15.164866088136815,26.783208820018146,11.820573168482333,14.962635651535813,-0.037984108682579176,26.63928420407949,1.0039751529693604,0.9683904427069204,0.09985190629959106,6.331974473016572,6.331974473016572,15.289841419059623,0,0.0,0,nan,,7,0,0.9935000538825989
M8_scale,procedural,dlc_individual_transition,27,8,M8_scale_n8_seed27,7,True,1,1073,1152,46,33,80,79,7.0000009576447155,-17.500003305603627,50,26.677839838108287,12.66370996338241,14.014129874725878,26.553610325753855,12.602560605429964,13.95104972032389,0.061149357952444916,26.33519718784777,1.0044840574264526,0.9611815974116326,0.10036081075668335,6.450886004497661,6.450886004497661,6.331974473016572,0,0.0,0,nan,,7,0,0.9935000538825989
M8_scale,procedural,dlc_individual_transition,27,8,M8_scale_n8_seed27,7,True,2,742,793,32,19,52,51,7.000001969875939,-17.49999803699302,50,25.187895817544682,6.733068967435798,18.454826850108883,27.24730707658614,6.729144392048687,20.51816268453745,0.003924575387111773,27.11511053643804,0.775806725025177,0.5734343414123242,0.29218560457229614,38.43260501820802,38.43260501820802,4.709288930128736,0,0.0,0,nan,,0,0,0.7989820241928101
M8_scale,procedural,dlc_individual_transition,27,8,M8_scale_n8_seed27,7,True,3,747,799,27,25,53,52,7.000001969875939,-17.499995794535153,50,26.24712831041204,6.610783515592954,19.636344794819088,27.237716081343148,6.712644155098592,20.525071926244557,-0.10186063950563806,27.09821640401653,0.6344549059867859,0.5588981261793172,0.15083378553390503,37.72925597743339,37.72925597743339,4.583253560758238,0,0.0,0,nan,,0,0,0.8204560875892639
M8_scale,procedural,dlc_individual_transition,27,8,M8_scale_n8_seed27,7,True,4,730,819,50,39,90,89,7.000001969875939,-17.499998459464223,50,22.956332004335444,14.651390818428446,8.304941185906998,27.18183442461081,14.742819665467177,12.439014759143632,-0.09142884703873122,27.071845300027864,0.9191575646400452,0.6144748542043897,0.4355364441871643,4.565949694227045,4.565949694227045,4.709288930128736,0,0.0,0,nan,,0,0,0.7989820241928101
M8_scale,procedural,dlc_individual_transition,27,8,M8_scale_n8_seed27,7,True,5,207,443,78,158,237,236,7.000002135039836,-17.500000762428726,50,14.773234983565786,9.988908612343494,4.784326371222292,9.001706782134058,9.616358108201048,-0.6146513260669906,0.3725505041424455,13.317017377591796,0.71230548620224,0.37056377680995795,0.6754849664866924,4.008643676918619,4.008643676918619,4.392428032937782,0,0.0,0,nan,,0,0,0.9033735394477844
M8_scale,procedural,dlc_individual_transition,27,8,M8_scale_n8_seed27,7,True,6,502,793,222,69,292,291,7.000001969875939,-14.000004759174772,50,14.774324657819918,16.505185625930427,-1.730860968110509,22.313268757969333,16.646159641536638,5.6671091164326945,-0.14097401560621137,27.11511053643804,0.9325065016746521,0.7955452634455407,0.44888538122177124,4.709288930128736,4.709288930128736,4.940523782780442,0,0.0,0,nan,,0,0,0.7989820241928101
M8_scale,procedural,dlc_joint_transition,27,8,M8_scale_n8_seed27,7,True,0,770,928,74,84,159,158,7.000002670584763,-17.499998179149202,50,20.563428904719864,11.896712194310515,8.666716710409348,17.420184542490624,11.94409195403029,5.476092588460334,-0.047379759719774484,16.312983568284363,0.958906352519989,0.8727981549388958,0.22600072622299194,5.9667555311436065,5.9667555311436065,14.226957949892892,0,0.0,0,nan,,0,0,0.9706985950469971
M8_scale,procedural,dlc_joint_transition,27,8,M8_scale_n8_seed27,7,True,1,867,1237,159,211,371,370,7.000001948154022,-17.500006676458383,50,16.442386112186373,12.661429459230378,3.780956652955995,14.700405446311073,12.656631650510787,2.043773795800286,0.00479780871959079,13.727249400599513,1.0035555362701416,0.9806975622704087,0.1065019965171814,6.629859646360442,6.629859646360442,5.9667555311436065,0,0.0,0,nan,,10,0,0.9978139996528625
M8_scale,procedural,dlc_joint_transition,27,8,M8_scale_n8_seed27,7,True,2,537,608,48,23,72,71,7.0000002859726465,-17.500004094430096,50,21.43893396226768,6.086460842290363,15.352473119977315,23.988553346072564,6.140275621975215,17.84827772409735,-0.05381477968485182,24.530977966556534,0.4620944857597351,0.33512741192761397,0.4009535536170006,14.049051188994552,14.049051188994552,14.751580518593583,0,0.0,0,nan,,0,0,0.9511963129043579
M8_scale,procedural,dlc_joint_transition,27,8,M8_scale_n8_seed27,7,True,3,545,608,40,23,64,63,7.0000002859726465,-17.500001241031896,50,21.361205308710616,7.290902602091964,14.070302706618651,23.988553346072564,6.7116966641959905,17.276856681876573,0.5792059378959733,24.530977966556534,0.4620944857597351,0.3210925165330991,0.4009535536170006,14.751580518593583,14.751580518593583,14.049051188994552,0,0.0,0,nan,,0,0,0.9511963129043579
M8_scale,procedural,dlc_joint_transition,27,8,M8_scale_n8_seed27,7,True,4,128,374,60,186,247,246,7.000002135039836,-17.500000996370318,50,25.703252673303503,11.42982609701478,14.273426576288722,15.828261137156279,11.616523629626101,4.211737507530177,-0.18669753261132094,20.02446180137267,1.0395082235336304,0.8336756019457149,0.44934195280075073,2.617631485640651,2.617631485640651,5.009410136821606,0,0.0,0,nan,,16,0,0.9347891807556152
M8_scale,procedural,dlc_joint_transition,27,8,M8_scale_n8_seed27,7,True,5,142,295,74,79,154,153,6.999998940203,-17.500005412063842,50,24.195118648799898,12.023676161234931,12.171442487564967,13.794902928300036,9.790945623926818,4.003957304373218,2.2327305373081128,14.151394353863093,1.0395082235336304,0.878350927458181,0.3231537342071533,5.009410136821606,5.009410136821606,2.617631485640651,0,0.0,0,nan,,16,0,0.9347891807556152
M8_scale,procedural,dlc_joint_transition_observer,27,8,M8_scale_n8_seed27,7,True,2,844,958,60,54,115,114,7.000001969875939,-17.499997478438445,50,15.303159921385822,6.738401384249348,8.564758537136473,15.7166630352697,6.690958190139018,9.025704845130683,0.04744319411033082,15.788554309516917,0.7352026700973511,0.6136897978575333,0.2130962610244751,41.09291036857666,41.09291036857666,3.871500508920217,0,0.0,0,nan,,0,0,0.9798001646995544
M8_scale,procedural,dlc_joint_transition_observer,27,8,M8_scale_n8_seed27,7,True,3,856,958,57,45,103,102,7.000001969875939,-17.50001167022856,50,15.396647177527258,6.711851149965136,8.684796027562122,15.801063291876027,6.686131535770035,9.114931756105992,0.025719614195100604,15.788554309516917,0.7352026700973511,0.6037160250747088,0.2130962610244751,40.50581632380592,40.50581632380592,3.871500508920217,0,0.0,0,nan,,0,0,0.9798001646995544
M8_scale,procedural,dlc_joint_transition_observer,27,8,M8_scale_n8_seed27,7,True,5,320,1201,203,678,882,881,7.0000012691616575,-17.499994502527784,50,15.459571388090982,11.963247409576153,3.4963239785148286,15.128165715385514,13.936186666587863,1.1919790487976503,-1.97293925701171,16.687540850998072,1.057605504989624,0.7570625846686007,0.6923168897628784,3.0858271237505113,3.0858271237505113,5.266887765109129,0,0.0,0,nan,,100,0,0.9419077634811401
M8_scale,procedural,rule_expert_gate,27,8,M8_scale_n8_seed27,7,True,0,1650,1749,63,36,100,99,6.999998985822231,-17.500008567040595,50,20.064597837426906,9.934707240757412,10.129890596669494,17.509795087864493,6.4252771603308885,11.084517927533604,3.5094300804265233,27.033135719029776,0.40037041902542114,0.24916823339648544,0.3998569152317941,7.848993386439219,7.848993386439219,3.925807455443047,0,0.0,0,nan,,0,0,0.8778190612792969
M8_scale,procedural,rule_expert_gate,27,8,M8_scale_n8_seed27,7,True,1,1801,1906,49,56,106,105,7.000000511472081,-17.500005833555974,50,26.79442603918428,12.869490484949242,13.924935554235038,20.815601543222307,11.519794061194686,9.295807482027621,1.3496964237545566,25.36883347561939,0.4874919652938843,0.370379368370434,0.2540569603443146,4.85994427563388,4.85994427563388,31.22177176598454,0,0.0,0,nan,,0,0,0.9490740299224854
M8_scale,procedural,rule_expert_gate,27,8,M8_scale_n8_seed27,7,True,2,1022,1169,94,53,148,147,7.000001269166887,-17.499997478438218,50,12.929363515470863,6.874834254530841,6.054529260940022,17.742341802072467,7.002867903745984,10.739473898326484,-0.12803364921514326,20.456530212380954,0.8778725862503052,0.38445526172290556,0.8759707320714369,58.27778545661929,58.27778545661929,3.9566028744405957,0,0.0,0,nan,,0,0,0.47476911544799805
M8_scale,procedural,rule_expert_gate,27,8,M8_scale_n8_seed27,7,True,3,1022,1178,104,52,157,156,6.999988478798514,-17.49999817914818,50,13.103547901151181,6.7376072476874125,6.365940653463769,18.60780235673141,7.040525863979061,11.567276492752347,-0.30291861629164885,20.707146047301478,0.8778725862503052,0.4016568316406256,0.8759707320714369,57.257014255941066,57.257014255941066,3.9566028744405957,0,0.0,0,nan,,0,0,0.47476911544799805
M8_scale,procedural,rule_expert_gate,27,8,M8_scale_n8_seed27,7,True,4,635,752,21,96,118,117,7.000001564471972,-17.500000762428726,50,16.082498188721424,10.22954940186045,5.852948786860974,17.88420295126401,12.151597408129605,5.732605543134406,-1.922048006269156,19.791123918964615,1.546912670135498,0.4843727714674137,1.544239783193916,3.0750697099069426,3.0750697099069426,43.5921355289887,0,0.0,0,nan,,8,0,0.44581741094589233
M8_scale,procedural,rule_expert_gate,27,8,M8_scale_n8_seed27,7,True,5,141,329,68,120,189,188,7.0000027410313805,-17.500005412063842,50,22.389191811423405,11.874314283283965,10.51487752813944,12.380636903606455,9.218205827035538,3.1624310765709165,2.656108456248427,8.11433812412464,0.8385720252990723,0.5747138717601066,0.8216306660324335,5.246848655860363,5.069781378288838,2.8281952391264613,0,0.0,0,nan,,0,12,-0.9694602489471436
M8_scale,procedural,rule_expert_gate,27,8,M8_scale_n8_seed27,7,True,5,402,459,20,37,58,57,6.999998940203,-7.00000202037927,50,11.531609653680903,4.829231936779181,6.702377716901721,18.113874360515116,4.922582611511141,13.191291749003975,-0.09335067473195924,13.625145445619374,1.0678949356079102,0.6402149292768846,1.0544245382770896,6.09163487155394,6.09163487155394,2.79559200716712,0,0.0,0,nan,,14,9,0.19232162833213806
M8_scale,procedural,rule_expert_gate,27,8,M8_scale_n8_seed27,7,True,5,957,1125,69,99,169,168,7.000001269161203,-17.49999803699302,50,24.032869923231623,13.543586638621575,10.489283284610048,13.711110765996526,11.093021041419739,2.6180897245767873,2.4505655972018356,18.502973772183346,0.4693279266357422,0.3211003156873458,0.46742607245687395,3.9566028744405957,3.9566028744405957,44.60572740670306,0,0.0,0,nan,,0,0,0.4911661744117737
M8_scale,procedural,rule_expert_gate,27,8,M8_scale_n8_seed27,7,True,6,1636,1749,50,63,114,113,10.499996741839823,-17.500005213775694,50,23.833348532261265,10.247221575099045,13.58612695716222,16.824259854849466,11.500220486019295,5.324039368830171,-1.2529989109202493,27.033135719029776,0.40037041902542114,0.2460739009752216,0.3998569152317941,3.925807455443047,3.925807455443047,7.848993386439219,0,0.0,0,nan,,0,0,0.8778190612792969
M8_scale,procedural,dlc_individual_transition,28,8,M8_scale_n8_seed28,7,True,2,732,825,56,37,94,93,6.999994041115315,-17.49999247230153,50,16.62744507147684,6.68409482107935,9.943350250397488,14.158756923895913,6.746329335492672,7.412427588403241,-0.06223451441332184,15.840472708434515,0.25381219387054443,0.11727989654978142,0.2518607086967677,37.60517538028707,37.60517538028707,2.3750905105724702,0,0.0,0,nan,,0,0,0.9045108556747437
M8_scale,procedural,dlc_individual_transition,28,8,M8_scale_n8_seed28,7,True,3,745,837,48,44,93,92,6.999993733397787,-17.500006557056622,50,17.150540275168904,6.729791174999075,10.420749100169829,14.46045022608684,6.691589289536541,7.768860936550299,0.038201885462534335,15.77196433670421,0.25381219387054443,0.12290424737398342,0.2115008309483528,37.294374918319974,37.294374918319974,2.3750905105724702,0,0.0,0,nan,,0,0,0.9045108556747437
M8_scale,procedural,dlc_individual_transition,28,8,M8_scale_n8_seed28,7,True,4,848,1923,1042,33,1076,1075,6.999998767244051,-17.500007537282727,50,15.390934611820299,15.059046455238077,0.33188815658222204,19.44825880172375,9.312986313332674,10.135272488391076,5.746060141905403,13.90209307299485,0.39408111572265625,0.1428126618619084,0.3938730170193594,10.007114367743423,10.007114367743423,2.369209938930127,0,0.0,0,nan,,0,0,0.9024738073348999
M8_scale,procedural,dlc_individual_transition,28,8,M8_scale_n8_seed28,7,True,6,501,1923,1344,78,1423,1422,6.999998767244051,-14.000005631569366,50,15.313421320707429,15.370213060580449,-0.05679173987302022,15.922176624365129,13.75991208639744,2.1622645379676886,1.6103009741830085,13.90209307299485,0.5302788615226746,0.16942676360467668,0.5300707628193777,4.102816392575412,4.102816392575412,2.369209938930127,0,0.0,0,nan,,0,0,0.9024738073348999
M8_scale,procedural,dlc_joint_transition,28,8,M8_scale_n8_seed28,7,True,0,788,1078,137,153,291,290,7.000001878284365,-17.50000000783291,50,17.036880169637584,11.92255970235216,5.114320467285424,14.935527416840783,11.923894043295224,3.0116333735455587,-0.0013343409430639497,15.516396877566835,1.0437806844711304,0.7744594081160948,0.5009839534759521,5.6677682299799885,5.6677682299799885,16.367034391633005,0,0.0,0,nan,,6,0,0.909599781036377
M8_scale,procedural,dlc_joint_transition,28,8,M8_scale_n8_seed28,7,True,1,1021,1407,164,222,387,386,6.999999307185362,-17.500001890193744,50,15.376751835091483,12.537118566636398,2.839633268455085,14.575930606720192,12.620844942589779,1.9550856641304133,-0.08372637595338084,13.307728975383693,1.0066419839859009,0.9497584518844151,0.12216544151306152,6.47519537123021,6.47519537123021,5.943960193020032,0,0.0,0,nan,,0,0,0.9965500831604004
M8_scale,procedural,dlc_joint_transition,28,8,M8_scale_n8_seed28,7,True,2,541,616,50,25,76,75,6.9999915769326435,-17.49999754647206,50,20.718124455744498,6.057157913937955,14.660966541806543,23.486752473966295,5.9883501005295985,17.498402373436697,0.06880781340835629,24.344837276705498,0.5659809112548828,0.4265461499361615,0.4394219070672989,14.69319663842233,14.69319663842233,15.473564058803296,0,0.0,0,nan,,0,0,0.9281134605407715
M8_scale,procedural,dlc_joint_transition,28,8,M8_scale_n8_seed28,7,True,3,549,616,42,25,68,67,6.9999915769326435,-17.499999264851795,50,20.633793412403218,7.227537850599067,13.406255561804151,23.486752473966295,6.533381934753083,16.95337053921321,0.6941559158459834,24.344837276705498,0.5640336871147156,0.41081878258024945,0.43747468292713165,15.473564058803296,15.473564058803296,14.69319663842233,0,0.0,0,nan,,0,0,0.9281134605407715
M8_scale,procedural,dlc_joint_transition,28,8,M8_scale_n8_seed28,7,True,4,136,364,59,169,229,228,7.000000109114353,-17.50001172539214,50,24.8374470764724,10.929441954938556,13.908005121533845,15.635545406921057,11.48303902939666,4.152506377524396,-0.5535970744581054,19.764689572232975,1.0486900806427002,0.837451017059093,0.40970712900161743,2.75582841442685,2.75582841442685,5.157736167604744,0,0.0,0,nan,,16,0,0.924619734287262
M8_scale,procedural,dlc_joint_transition,28,8,M8_scale_n8_seed28,7,True,5,149,295,74,72,147,146,7.000001084964424,-17.49999899593638,50,23.412103353612636,11.687514342211273,11.724589011401363,13.848240588197145,9.695404144447885,4.15283644374926,1.9921101977633882,14.061528007698866,1.0486900806427002,0.8770622213681539,0.30741018056869507,5.157736167604744,5.157736167604744,2.75582841442685,0,0.0,0,nan,,16,0,0.924619734287262
M8_scale,procedural,dlc_joint_transition_observer,28,8,M8_scale_n8_seed28,7,True,2,788,907,78,41,120,119,7.000008792299468,-17.500006557056622,50,14.69331850921716,6.761130436742178,7.9321880724749825,16.884373702074125,6.697531814311912,10.186841887762213,0.06359862243026626,16.337746709992494,0.9016091823577881,0.6999251370628675,0.47420454025268555,42.25298829589024,42.25298829589024,8.924868421213588,0,0.0,0,nan,,0,0,0.9591730237007141
M8_scale,procedural,dlc_joint_transition_observer,28,8,M8_scale_n8_seed28,7,True,3,808,919,68,43,112,111,7.000008792299468,-17.500002805985787,50,15.339427148818448,6.724004324156355,8.615422824662094,16.573819419479253,6.701156512691263,9.87266290678799,0.02284781146509207,16.827585774307106,0.8624849319458008,0.6466702084456172,0.43508028984069824,42.201004233614675,42.201004233614675,8.924868421213588,0,0.0,0,nan,,0,0,0.9591730237007141
M8_scale,procedural,rule_expert_gate,28,8,M8_scale_n8_seed28,7,True,0,626,712,42,44,87,86,7.000001570565473,-17.49999970011345,50,26.630038010885023,12.210749381126906,14.419288629758118,22.549804621253976,10.178343275678078,12.371461345575899,2.0324061054488283,18.69932217718987,0.47219762206077576,0.3611628918469637,0.28062301874160767,4.9695529740411795,4.9695529740411795,9.474422265606083,0,0.0,0,nan,,0,0,0.8998343348503113
M8_scale,procedural,rule_expert_gate,28,8,M8_scale_n8_seed28,7,True,1,664,1334,262,408,671,670,6.999998598744469,-17.500007229563607,50,15.016321373772954,12.183729816206815,2.832591557566138,12.745470125275153,11.613753521269318,1.1317166040058346,0.5699762949374971,19.34351087793283,0.47219762206077576,0.13721974973425258,0.47188659390667453,4.720226643665514,4.720226643665514,4.9695529740411795,0,0.0,0,nan,,0,0,0.5546920895576477
M8_scale,procedural,rule_expert_gate,28,8,M8_scale_n8_seed28,7,True,2,482,541,27,32,60,59,7.000005711668109,-17.499997031641215,50,26.965942182143205,6.663669088317106,20.3022730938261,25.524802641188877,6.93490289513036,18.589899746058517,-0.27123380681325404,27.000262408525376,0.341987282037735,0.28416667828957237,0.15205495059490204,6.012259103895317,6.012259103895317,7.392656987243787,0,0.0,0,nan,,0,0,0.9441320896148682
M8_scale,procedural,rule_expert_gate,28,8,M8_scale_n8_seed28,7,True,3,482,541,36,23,60,59,7.000005711668109,-17.499997031641215,50,26.365701768890926,9.104178803962256,17.26152296492867,25.900385206775542,9.109975889984506,16.790409316791035,-0.005797086022250042,27.000262408525376,0.341987282037735,0.28416667828957237,0.15205495059490204,7.392656987243787,7.392656987243787,6.012259103895317,0,0.0,0,nan,,0,0,0.9441320896148682
M8_scale,procedural,rule_expert_gate,28,8,M8_scale_n8_seed28,7,True,4,128,295,48,119,168,167,7.000001084964424,-17.499993457816117,50,26.828015756098086,11.517966183065779,15.310049573032307,15.337025038362356,8.551869352897643,6.785155685464712,2.9660968301681354,21.93953431460569,0.8758071660995483,0.5825011966129144,0.7117695063352585,2.7848787845829217,2.7848787845829217,5.4654985469384565,0,0.0,0,nan,,0,0,0.6232293248176575
M8_scale,procedural,rule_expert_gate,28,8,M8_scale_n8_seed28,7,True,5,141,287,63,83,147,146,6.999999283330112,-17.50001172539214,50,23.416418009586152,11.920252119563887,11.496165890022265,13.607589543826249,9.297868227057835,4.309721316768414,2.6223838925060523,21.18965699782235,0.8758071660995483,0.6217241684595743,0.5537143349647522,5.4654985469384565,5.4654985469384565,2.7848787845829217,0,0.0,0,nan,,0,0,0.6232293248176575
M8_scale,procedural,dlc_individual_transition,29,8,M8_scale_n8_seed29,7,True,0,574,680,55,51,107,106,6.999998339851345,-17.49999264478322,50,16.445768217111333,6.303550255054202,10.142217962057131,16.260365843034833,7.723576508202205,8.536789334832628,-1.420026253148003,13.538583156933589,0.4550457000732422,0.4034146791863664,0.10028836131095886,12.820287142620792,12.723382980317094,11.065261301640213,0,0.0,0,nan,,0,0,0.9621415138244629
M8_scale,procedural,dlc_individual_transition,29,8,M8_scale_n8_seed29,7,True,1,595,1817,997,225,1223,1222,7.000002307600653,-17.500002467374998,50,12.324335883522767,12.040065281477071,0.2842706020456962,13.626763917503526,11.759146186282972,1.8676177312205535,0.28091909519409874,11.58079121438679,0.5704525113105774,0.4649397467894332,0.3956041783094406,3.422625091025038,3.422625091025038,12.538504091434323,0,0.0,0,nan,,0,0,0.8947253227233887
M8_scale,procedural,dlc_individual_transition,29,8,M8_scale_n8_seed29,7,True,2,408,565,113,44,158,157,7.000003009813554,-17.499999219601705,50,15.650253323550716,10.326119714270517,5.324133609280199,12.61003160684998,6.972274645026454,5.637756961823525,3.3538450692440627,16.09771228797647,0.5063753128051758,0.3747124994480157,0.23280730843544006,9.904350422019276,9.904350422019276,4.966576982885829,0,0.0,0,nan,,0,0,0.9216462969779968
M8_scale,procedural,dlc_individual_transition,29,8,M8_scale_n8_seed29,7,True,3,386,555,76,93,170,169,7.000002311076059,-17.50000079558754,50,20.29414497697887,11.136760074534518,9.157384902444353,12.489335786150487,9.403682943520858,3.0856528426296297,1.7330771310136601,15.463703694489322,0.5063753128051758,0.3541786689092131,0.2791764438152313,4.966576982885829,4.966576982885829,9.904350422019276,0,0.0,0,nan,,0,0,0.9216462969779968
M8_scale,procedural,dlc_individual_transition,29,8,M8_scale_n8_seed29,7,True,4,195,273,50,28,79,78,6.999994280757278,-17.50000475895729,50,20.302343190845757,9.395563800510532,10.906779390335226,22.02415912755654,8.412058994286033,13.612100133270507,0.9835048062244987,23.307909168970518,0.2169233113527298,0.0973627588172337,0.21641228708904237,8.727782452238827,8.727782452238827,9.14039863520162,0,0.0,0,nan,,0,0,0.9101598858833313
M8_scale,procedural,dlc_individual_transition,29,8,M8_scale_n8_seed29,7,True,5,195,273,44,34,79,78,6.999994280757278,-17.500003135687166,50,20.265109938925047,9.49526544838861,10.769844490536437,21.768493464740263,8.316846653126904,13.45164681161336,1.178418795261706,23.307909168970518,0.2169233113527298,0.0973627588172337,0.21641228708904237,9.14039863520162,9.14039863520162,8.727782452238827,0,0.0,0,nan,,0,0,0.9101598858833313
M8_scale,procedural,dlc_joint_transition,29,8,M8_scale_n8_seed29,7,True,0,613,740,61,66,128,127,7.000011575349163,-17.500002467374884,50,17.401087100397397,7.438638083390414,9.962449017006984,15.932900011174542,8.860876219286732,7.07202379188781,-1.4222381358963183,13.558696584818286,0.30299657583236694,0.15972253496875055,0.2521880529820919,6.23507287928897,6.23507287928897,9.343839631781048,0,0.0,0,nan,,0,0,0.9718808531761169
M8_scale,procedural,dlc_joint_transition,29,8,M8_scale_n8_seed29,7,True,2,475,602,69,58,128,127,7.000002110162768,-17.500001265894298,50,18.096978102280744,10.008412401908924,8.08856570037182,12.326636435329021,6.64757023752509,5.679066197803931,3.3608421643838335,17.65551091527564,0.2124420702457428,0.11033189365116414,0.20818443689495325,8.942393597869605,8.942393597869605,4.554079058291294,0,0.0,0,nan,,0,0,0.817331075668335
M8_scale,procedural,dlc_joint_transition,29,8,M8_scale_n8_seed29,7,True,3,460,589,69,60,130,129,7.000003009813554,-17.500001736202194,50,20.255888299749817,10.754966771431915,9.500921528317901,11.788349272038147,9.281211923287032,2.5071373487511153,1.4737548481448837,17.308113845305236,0.19160683453083038,0.11064192232890771,0.18734920118004084,4.554079058291294,4.554079058291294,8.942393597869605,0,0.0,0,nan,,0,0,0.817331075668335
M8_scale,procedural,dlc_joint_transition,29,8,M8_scale_n8_seed29,7,True,4,174,342,55,113,169,168,7.000003886773015,-17.500009296598364,50,23.454199918482033,10.190998394710327,13.263201523771706,15.098236866059683,11.475922619315195,3.6223142467444873,-1.2849242246048682,21.708280252709912,0.8789864182472229,0.7635271616235992,0.28835177421569824,4.174159137383874,4.174159137383874,5.171030977693129,0,0.0,0,nan,,0,0,0.9464361071586609
M8_scale,procedural,dlc_joint_transition,29,8,M8_scale_n8_seed29,7,True,5,174,315,37,104,142,141,7.000000840896746,-17.500009296598364,50,25.5436099541893,10.543249575704106,15.000360378485194,14.596877605597749,10.115437046797105,4.481440558800644,0.42781252890700117,20.5267314344663,0.8789864182472229,0.7849536349236126,0.17724108695983887,5.171030977693129,5.171030977693129,4.3985222301507925,0,0.0,0,nan,,0,0,0.9464361071586609
M8_scale,procedural,dlc_joint_transition_observer,29,8,M8_scale_n8_seed29,7,True,0,1250,1346,44,52,97,96,7.000007617325764,-17.499995469657506,50,12.382635285005154,7.468984832656019,4.9136504523491356,13.564956075096111,6.149428052456333,7.415528022639778,1.3195567801996857,14.703653323883076,0.3798753619194031,0.2457670096269588,0.22420375049114227,7.39240005899873,7.39240005899873,2.3778136798096514,0,0.0,0,nan,,0,0,0.9935869574546814
M8_scale,procedural,dlc_joint_transition_observer,29,8,M8_scale_n8_seed29,7,True,1,1797,1911,62,52,115,114,7.000011204016573,-17.499995312905412,50,12.160019689680121,6.312359433899404,5.847660255780717,12.187786126057578,6.331919478356019,5.855866647701559,-0.019560044456614634,14.545803730988574,0.3609279990196228,0.2146470023724048,0.3456142917275429,23.61425581220374,23.61425581220374,2.3831006329662894,0,0.0,0,nan,,0,0,0.893001139163971
M8_scale,procedural,dlc_joint_transition_observer,29,8,M8_scale_n8_seed29,7,True,2,612,688,43,33,77,76,7.000002110162768,-17.500004862757123,50,16.2931856766549,6.542725941554201,9.7504597351007,16.209792645536,6.415556502424472,9.79423614311153,0.12716943912972845,15.681525696616909,0.07382170110940933,0.03451438638602396,0.07367233466356993,19.123114051500465,19.123114051500465,4.483903499579413,0,0.0,0,nan,,0,0,0.9394721388816833
M8_scale,procedural,dlc_joint_transition_observer,29,8,M8_scale_n8_seed29,7,True,3,612,688,43,33,77,76,7.000002110162768,-17.500004862757123,50,16.2931856766549,7.257145266797557,9.036040409857343,16.209792645536,6.94033258224523,9.269460063290772,0.3168126845523265,15.681525696616909,0.07382170110940933,0.03451438638602396,0.07367233466356993,15.315476775074302,15.315476775074302,4.483903499579413,0,0.0,0,nan,,0,0,0.9394721388816833
M8_scale,procedural,dlc_joint_transition_observer,29,8,M8_scale_n8_seed29,7,True,6,1797,1911,62,52,115,114,7.000011204016573,-17.499995312905412,50,12.160019689680121,7.156678759703764,5.003340929976357,12.187786126057578,5.994699820789327,6.193086305268251,1.1619789389144373,14.545803730988574,0.3609279990196228,0.2146470023724048,0.3456142917275429,20.911225315205492,20.911225315205492,2.3831006329662894,0,0.0,0,nan,,0,0,0.893001139163971
M8_scale,procedural,rule_expert_gate,29,8,M8_scale_n8_seed29,7,True,0,911,1155,175,69,245,244,6.999997579924411,-17.500002467371928,50,15.665811181203493,11.33803863760839,4.327772543595103,19.456182688148417,11.534950890687158,7.9212317974612585,-0.19691225307876792,23.62243531244637,0.888718843460083,0.31433648091303756,0.8839507908560336,2.7879832107392843,2.7879832107392843,3.8641849285800935,0,0.0,0,nan,,0,0,0.3194355070590973
M8_scale,procedural,rule_expert_gate,29,8,M8_scale_n8_seed29,7,True,1,1164,1342,59,119,179,178,6.999995912382474,-17.49999394981171,50,23.959800992303723,12.641213114419328,11.318587877884395,13.085774688924998,9.848003160191235,3.237771528733763,2.793209954228093,21.58147159958146,0.5375354290008545,0.31568624542287277,0.5324851116165519,3.8362185026584226,3.8362185026584226,6.140172340927729,0,0.0,0,nan,,0,0,0.07897032797336578
M8_scale,procedural,rule_expert_gate,29,8,M8_scale_n8_seed29,7,True,2,722,774,27,25,53,52,7.000002110162768,-17.500004862757123,50,25.221637298555404,6.245310113702394,18.97632718485301,22.25714549024829,6.21445520173899,16.042690288509302,0.030854911963404064,25.759360417245453,0.17179028689861298,0.0727481507929042,0.1704466234659776,30.03106301722591,30.03106301722591,18.560356296522997,0,0.0,0,nan,,0,0,0.9189932942390442
M8_scale,procedural,rule_expert_gate,29,8,M8_scale_n8_seed29,7,True,3,722,774,27,25,53,52,7.000002110162768,-17.500004862757123,50,25.221637298555404,6.544914639719379,18.676722658836024,22.25714549024829,6.568540199412062,15.688605290836229,-0.02362555969268243,25.759360417245453,0.17179028689861298,0.0727481507929042,0.1704466234659776,26.562932049426802,26.562932049426802,18.560356296522997,0,0.0,0,nan,,0,0,0.9189932942390442
M8_scale,procedural,rule_expert_gate,29,8,M8_scale_n8_seed29,7,True,4,175,540,53,312,366,365,7.000002060060069,-17.500009296598364,50,22.22708167698651,10.029871570065286,12.197210106921226,9.09182901014599,8.968912446638646,0.12291656350734392,1.06095912342664,21.715189835097643,4.830757141113281,2.8685720055643977,4.522844076156616,3.807380821193183,3.807380821193183,2.3886549161877655,0,0.0,0,nan,,283,26,-0.4802408814430237
M8_scale,procedural,rule_expert_gate,29,8,M8_scale_n8_seed29,7,True,5,175,579,33,371,405,404,6.999997303289547,-17.500009296598364,50,27.04934461719825,10.391228130169672,16.65811648702858,10.539993231860285,8.518328276628802,2.0216649552314827,1.8728998535408703,23.501644516339855,4.830757141113281,2.8236371997697853,4.522844076156616,2.3886549161877655,2.3886549161877655,3.807380821193183,0,0.0,0,nan,,322,26,-0.4802408814430237
M8_scale,procedural,rule_expert_gate,29,8,M8_scale_n8_seed29,7,True,6,774,1075,133,168,302,301,6.999997579924639,-17.500002467374543,50,21.49751907762469,16.23733011958647,5.260188958038221,16.037641078744205,14.777522053167477,1.2601190255767278,1.4598080664189936,18.688669937390742,0.47252368927001953,0.16793763198556735,0.4693009238690138,3.8641849285800935,3.8641849285800935,5.720804701467948,0,0.0,0,nan,,0,0,0.3194355070590973
M8_scale,procedural,dlc_individual_transition,30,8,M8_scale_n8_seed30,7,True,0,579,683,61,43,105,104,7.000001671142741,-17.50000417785725,50,16.970958273589044,6.286917320929351,10.684040952659693,16.657662836555737,7.241411721933886,9.41625111462185,-0.9544944010045349,13.561339980739358,0.4341872036457062,0.3709313906374432,0.1307690143585205,13.609241191501782,13.491752650023473,10.787377343160113,0,0.0,0,nan,,0,0,0.9685019850730896
M8_scale,procedural,dlc_individual_transition,30,8,M8_scale_n8_seed30,7,True,2,419,570,118,33,152,151,7.000000558798888,-17.50000062773006,50,15.01816448835862,10.559405557372534,4.458758930986086,11.75704013133208,6.928440897072473,4.828599234259606,3.6309646603000605,16.588197614833728,0.4380073547363281,0.29012778568032543,0.23396873474121094,10.151131869015328,10.151131869015328,5.139105844213896,0,0.0,0,nan,,0,0,0.9343863129615784
M8_scale,procedural,dlc_individual_transition,30,8,M8_scale_n8_seed30,7,True,3,397,570,86,87,174,173,7.000000558798888,-17.500001568799576,50,19.046345661814676,11.06887031846488,7.977475343349797,11.90719314859908,9.715877142830854,2.1913160057682255,1.352993175634026,16.588197614833728,0.4380073547363281,0.27704142650653574,0.26916103065013885,5.139105844213896,5.139105844213896,10.151131869015328,0,0.0,0,nan,,0,0,0.9343863129615784
M8_scale,procedural,dlc_individual_transition,30,8,M8_scale_n8_seed30,7,True,4,197,277,54,26,81,80,7.000002276093824,-17.500000635856964,50,20.035693635777033,9.23646395438308,10.799229681393953,22.424993324359182,8.372273880052449,14.052719444306733,0.8641900743306312,23.305438965206346,0.25857484340667725,0.13109005855131942,0.25798764545470476,9.010876276036203,9.010876276036203,9.327081029139844,0,0.0,0,nan,,0,0,0.9111582040786743
M8_scale,procedural,dlc_individual_transition,30,8,M8_scale_n8_seed30,7,True,5,197,277,45,35,81,80,7.000002276093824,-17.499999729980345,50,20.018517290649832,9.384524139248349,10.633993151401484,21.832685848173032,8.231988125712668,13.600697722460364,1.1525360135356806,23.305438965206346,0.25857484340667725,0.13109005855131942,0.25798764545470476,9.327081029139844,9.327081029139844,9.010876276036203,0,0.0,0,nan,,0,0,0.9111582040786743
M8_scale,procedural,dlc_joint_transition_observer,30,8,M8_scale_n8_seed30,7,True,0,604,682,43,35,79,78,7.000001671142741,-17.50000417785725,50,20.229256078919995,6.476873794365929,13.752382284554066,19.683682197864556,7.382329690808839,12.301352507055718,-0.90545589644291,16.80186606850575,0.4347803592681885,0.3937417019771624,0.10126832127571106,13.837726338061286,13.742026624207556,9.966992352559846,0,0.0,0,nan,,0,0,0.9966438412666321
M8_scale,procedural,dlc_joint_transition_observer,30,8,M8_scale_n8_seed30,7,True,1,621,1862,63,1178,1242,1241,7.000003643048444,-17.50000417785725,50,19.838741862579486,9.634165583113441,10.204576279466044,11.918427313017702,11.762576764499698,0.1558505485180035,-2.128411181386257,22.160631200714604,1.022706389427185,0.37444967404507623,1.0226406132205739,2.3964859205251394,2.3964859205251394,13.742026624207556,0,0.0,0,nan,,25,0,0.8034137487411499
M8_scale,procedural,dlc_joint_transition_observer,30,8,M8_scale_n8_seed30,7,True,2,534,604,47,23,71,70,6.999988582895639,-17.50000067144731,50,16.153331662249283,7.560788788270101,8.59254287397918,18.272729967679364,6.77326070299542,11.499469264683945,0.7875280852746815,20.180291401448446,0.6739477515220642,0.583215209380002,0.297280490398407,11.191913060847297,11.191913060847297,6.289002179676298,0,0.0,0,nan,,0,0,0.8645719289779663
M8_scale,procedural,dlc_joint_transition_observer,30,8,M8_scale_n8_seed30,7,True,3,505,604,68,31,100,99,6.999988582895639,-17.500000510095788,50,16.98108115479386,8.556733728459902,8.424347426333958,17.52344375604944,7.764806782386935,9.758636973662504,0.7919269460729668,20.180291401448446,0.6739477515220642,0.6027883151173592,0.297280490398407,6.289002179676298,6.289002179676298,11.191913060847297,0,0.0,0,nan,,0,0,0.8645719289779663
M8_scale,procedural,dlc_joint_transition_observer,30,8,M8_scale_n8_seed30,7,True,4,235,307,48,24,73,72,6.999999289100629,-17.4999951787064,50,16.49540808942316,8.57577445615268,7.919633633270482,22.019393367605925,7.837451315197279,14.181942052408647,0.7383231409554005,21.52047908547693,0.2669204771518707,0.1724560852736643,0.1748102605342865,14.412053300498632,14.412053300498632,14.86108391767412,0,0.0,0,nan,,0,0,0.9307780861854553
M8_scale,procedural,dlc_joint_transition_observer,30,8,M8_scale_n8_seed30,7,True,5,223,307,52,32,85,84,6.999999289100629,-17.500000635856964,50,15.525176163864767,8.588854068570958,6.936322095293809,21.67260867737871,7.51675297620516,14.155855701173552,1.0721010923657985,21.52047908547693,0.2669204771518707,0.17894924212904537,0.1748102605342865,14.86108391767412,14.86108391767412,14.412053300498632,0,0.0,0,nan,,0,0,0.9307780861854553
M8_scale,procedural,rule_expert_gate,30,8,M8_scale_n8_seed30,7,True,0,1199,1272,45,28,74,73,6.999996235277649,-17.499996428657482,50,26.710631422983983,11.134647167305776,15.575984255678208,25.80410465486153,9.849631923299416,15.954472731562113,1.2850152440063596,26.192006711960264,0.3504180312156677,0.26956805853626215,0.30622588470578194,4.7986568670043726,4.7986568670043726,2.679202012562829,0,0.0,0,nan,,0,0,0.985011637210846
M8_scale,procedural,rule_expert_gate,30,8,M8_scale_n8_seed30,7,True,1,1299,1467,58,110,169,168,7.0000002390784175,-17.500001095806283,50,24.06591255112093,12.541699454156493,11.524213096964438,13.150965395053225,10.122511095634394,3.028454299418831,2.4191883585220992,19.172426804227428,0.4493083655834198,0.2575422071813214,0.44709512311965227,4.084723454515307,4.084723454515307,14.436990117016826,0,0.0,0,nan,,0,0,0.28736454248428345
M8_scale,procedural,rule_expert_gate,30,8,M8_scale_n8_seed30,7,True,2,916,963,27,20,48,47,6.999988582895639,-17.50000288393767,50,24.691065316700342,6.368116384942141,18.3229489317582,25.13810777144604,5.945196139157555,19.192911632288485,0.422920245784586,23.458781322997677,0.2479282021522522,0.13529984815977514,0.21053111925721169,46.77446981109466,46.77446981109466,4.220884355610287,0,0.0,0,nan,,0,0,0.9071561694145203
M8_scale,procedural,rule_expert_gate,30,8,M8_scale_n8_seed30,7,True,3,916,963,27,20,48,47,6.999988582895639,-17.50000288393767,50,24.691065316700342,6.695144445558049,17.995920871142292,25.13810777144604,5.653020728776085,19.485087042669957,1.0421237167819637,23.458781322997677,0.2479282021522522,0.13529984815977514,0.21053111925721169,48.405608312513465,48.405608312513465,4.220884355610287,0,0.0,0,nan,,0,0,0.9071561694145203
M8_scale,procedural,rule_expert_gate,30,8,M8_scale_n8_seed30,7,True,4,175,532,76,281,358,357,6.999998605149017,-17.500006860677445,50,19.284929837919396,9.744733862595025,9.540195975324371,10.093220186000314,8.790147512330636,1.3030726736696785,0.954586350264389,15.487670096454497,4.497541904449463,2.5494443690976616,4.188466101884842,2.710198840876458,2.710198840876458,3.5633591426903175,0,0.0,0,nan,,271,7,-0.4000120162963867
M8_scale,procedural,rule_expert_gate,30,8,M8_scale_n8_seed30,7,True,4,868,950,53,29,83,82,7.000000558798888,-17.50000062773006,50,25.51483540649097,12.865756364571931,12.64907904191904,24.41961617019368,10.9050279890599,13.514588181133782,1.9607283755120317,24.160639655433755,0.25034868717193604,0.13107952043846816,0.25021847266179975,4.220884355610287,4.220884355610287,6.156660247736404,0,0.0,0,nan,,0,0,0.9071561694145203
M8_scale,procedural,rule_expert_gate,30,8,M8_scale_n8_seed30,7,True,5,175,338,33,130,164,163,7.000002276093824,-17.500006860677445,50,27.040167403794648,10.624016643528906,16.416150760265744,11.773920863186689,8.051349154417592,3.722571708769097,2.572667489111314,7.2365426098356425,2.862053155899048,1.1534238733896396,2.552977353334427,5.030098135628773,4.2593246898484445,4.984028795254431,0,0.0,0,nan,,77,0,-0.21169668436050415
M8_scale,procedural,rule_expert_gate,30,8,M8_scale_n8_seed30,7,True,5,868,943,51,24,76,75,6.999999469981049,-17.50000062773006,50,25.50137785165626,12.659125973732852,12.84225187792341,24.527387634449735,10.545084711545394,13.98230292290434,2.114041262187458,24.419866286894738,0.25034868717193604,0.13325128673999356,0.25021847266179975,6.156660247736404,6.156660247736404,4.220884355610287,0,0.0,0,nan,,0,0,0.9071561694145203
M8_scale,procedural,rule_expert_gate,30,8,M8_scale_n8_seed30,7,True,6,1186,1258,42,30,73,72,7.0000001289217835,-17.49999797088094,50,26.86451851647469,11.560512690458939,15.30400582601575,26.108889574380594,11.55901686195611,14.549872712424484,0.001495828502829255,26.048308744853387,0.3504180312156677,0.30754099500505894,0.1799166202545166,2.679202012562829,2.679202012562829,4.894473558119765,0,0.0,0,nan,,0,0,0.985011637210846
M8_scale,procedural,dlc_individual_transition,31,8,M8_scale_n8_seed31,7,True,0,966,1049,53,30,84,83,7.0000020903125915,-17.499997418322096,50,23.08260676580759,10.479660571490278,12.602946194317312,23.026223423004087,9.063957366480166,13.962266056523921,1.4157032050101126,22.98732561351931,0.8120424747467041,0.7807878646112624,0.086203932762146,11.016584214127429,11.016584214127429,4.4456962776889695,0,0.0,0,nan,,0,0,0.999400794506073
M8_scale,procedural,dlc_individual_transition,31,8,M8_scale_n8_seed31,7,True,1,1049,1152,60,43,104,103,7.000000551427092,-17.499999080445946,50,22.978289160369183,10.967616927018353,12.01067223335083,22.840576451629005,11.261863909569707,11.578712542059298,-0.2942469825513534,22.60390902966142,0.7618001699447632,0.7284014872633494,0.08586758375167847,4.893520558702266,4.893520558702266,3.797561432913428,0,0.0,0,nan,,0,0,0.9887599349021912
M8_scale,procedural,dlc_individual_transition,31,8,M8_scale_n8_seed31,7,True,2,1072,1176,60,44,105,104,7.000000060078719,-17.49999773786385,50,22.939312713553413,11.154182829169075,11.785129884384338,22.696109171375152,11.504978866134172,11.19113030524098,-0.35079603696509665,22.56356957847249,0.7618001699447632,0.7267882557142349,0.08586758375167847,3.7162079485857147,3.7162079485857147,4.893520558702266,0,0.0,0,nan,,0,0,0.9887599349021912
M8_scale,procedural,dlc_individual_transition,31,8,M8_scale_n8_seed31,7,True,4,933,1072,77,62,140,139,7.0000037524357595,-17.49999908045288,50,22.62061351868602,14.098188322423498,8.522425196262523,23.016520580787947,15.066871962216393,7.949648618571555,-0.9686836397928946,22.951814891955426,1.134492039680481,0.7924748058829989,0.41130828857421875,5.2120381436106875,5.2120381436106875,4.4456962776889695,0,0.0,0,nan,,6,0,0.9080260992050171
M8_scale,procedural,dlc_individual_transition,31,8,M8_scale_n8_seed31,7,True,5,208,893,80,605,686,685,6.999996054281382,-17.500001281098548,50,14.748290522547205,10.097882287877855,4.650408234669349,13.507500745206872,13.03960623599578,0.4678945092110922,-2.941723948117925,20.517518876173643,0.7012112140655518,0.31815511005536556,0.7009475730010308,2.391793416358437,2.391793416358437,4.174768914639706,0,0.0,0,nan,,0,0,0.7537037134170532
M8_scale,procedural,dlc_individual_transition,31,8,M8_scale_n8_seed31,7,True,6,848,1042,138,56,195,194,6.999995223219912,-17.50001115251598,50,21.00135598668637,15.330667544406209,5.670688442280161,23.054219734085546,14.302519742855278,8.751699991230268,1.028147801550931,22.988149874485654,1.2358665466308594,0.6437062031371543,1.2356029055663384,4.4456962776889695,4.4456962776889695,2.59159782579772,0,0.0,0,nan,,25,0,0.3791969120502472
M8_scale,procedural,dlc_joint_transition,31,8,M8_scale_n8_seed31,7,True,0,733,831,58,40,99,98,6.99999688534399,-17.499998249390273,50,21.47070984464402,9.297974122636504,12.172735722007516,21.829173269304523,10.145999873599514,11.683173395705008,-0.8480257509630107,18.618617848730324,0.6146120429039001,0.38102958855604885,0.48499882221221924,3.3964834722671413,3.3964834722671413,11.249271174195652,0,0.0,0,nan,,0,0,0.9768309593200684
M8_scale,procedural,dlc_joint_transition,31,8,M8_scale_n8_seed31,7,True,4,128,319,60,131,192,191,7.000000485267606,-17.50001003549778,50,25.772988536469388,11.431331433304422,14.341657103164966,14.108897541706652,8.498544504648432,5.6103530370582195,2.9327869286559896,11.14313430310427,1.0485810041427612,0.7703022013107935,0.444088339805603,2.8815941904426174,2.8815941904426174,5.045385220046182,0,0.0,0,nan,,16,0,0.9234947562217712
M8_scale,procedural,dlc_joint_transition,31,8,M8_scale_n8_seed31,7,True,5,141,318,84,93,178,177,6.999999799373882,-17.500002122757678,50,22.713874034566853,11.827620388639575,10.886253645927278,12.162440407615245,9.06897112167817,3.0934692859370756,2.758649266961406,11.146949063520967,1.0485810041427612,0.7791601523254694,0.4407415986061096,5.045385220046182,5.045385220046182,2.8815941904426174,0,0.0,0,nan,,16,0,0.9234947562217712
M8_scale,procedural,dlc_joint_transition_observer,31,8,M8_scale_n8_seed31,7,True,5,847,1140,162,131,294,293,7.0000089574068625,-17.500011983574268,50,14.759925606286956,11.705815935661484,3.054109670625472,3.447000357052637,7.649494352109269,-4.202493995056631,4.056321583552215,1.3400979373028716,1.3790457248687744,0.732397357521414,0.9519636929035187,3.6759216369070202,3.6759216369070202,5.889436238622989,0,0.0,0,nan,,77,18,-0.09741629660129547
M8_scale,procedural,rule_expert_gate,31,8,M8_scale_n8_seed31,7,True,1,544,791,182,65,248,247,7.00001061953094,-17.500004682867825,50,11.95921521428274,8.212138656933913,3.7470765573488265,7.405165918787325,8.130961372528134,-0.7257954537408091,0.0811772844057792,4.1797406447510905,1.2484281063079834,0.4108293405677526,1.2483849949821888,4.478019944580502,4.478019944580502,2.4212412929923013,0,0.0,0,nan,,38,0,0.5302835702896118
M8_scale,procedural,rule_expert_gate,31,8,M8_scale_n8_seed31,7,True,1,924,1089,104,61,166,165,7.000010619531167,-10.500002195108891,50,17.178311302693235,9.295764121795072,7.882547180898163,20.492349310832132,10.044202012177616,10.448147298654517,-0.7484378903825437,21.052028091856243,3.425314426422119,1.7829123685158879,3.1110941767692566,3.1434642508620385,3.1434642508620385,14.035645526198605,0,0.0,0,nan,,105,8,-0.4522939622402191
M8_scale,procedural,rule_expert_gate,31,8,M8_scale_n8_seed31,7,True,2,1064,1622,230,328,559,558,6.999999864891834,-17.50001281463983,50,14.059425930751512,10.841524227838926,3.2179017029125863,12.415535025793005,10.323199541095333,2.0923354846976725,0.5183246867435933,23.057623755729114,2.2907955646514893,0.17682165802270675,2.289785594912246,2.830908049987312,2.830908049987312,3.14382180009794,0,0.0,0,nan,,25,0,0.39173704385757446
M8_scale,procedural,rule_expert_gate,31,8,M8_scale_n8_seed31,7,True,4,128,314,49,137,187,186,7.000000485267606,-17.50001003549778,50,26.775738652439088,11.766998583557598,15.00874006888149,14.325125295130237,8.97269065818813,5.352434636942107,2.794307925369468,21.408868664305395,0.9224666953086853,0.6333163198940257,0.6015252768993378,2.8049752147111247,2.8049752147111247,5.468979880900926,0,0.0,0,nan,,0,0,0.7022141814231873
M8_scale,procedural,rule_expert_gate,31,8,M8_scale_n8_seed31,7,True,5,141,304,77,86,164,163,6.999999799373882,-17.500002122757678,50,21.07154157404711,11.577204070258722,9.494337503788389,12.826857286463916,9.413986748335288,3.4128705381286277,2.163217321923433,20.67826534959995,0.9224666953086853,0.6684989901940998,0.6015252768993378,5.468979880900926,5.468979880900926,2.8049752147111247,0,0.0,0,nan,,0,0,0.7022141814231873
M8_scale,procedural,dlc_individual_transition,32,8,M8_scale_n8_seed32,7,True,0,581,676,51,44,96,95,6.999997460236955,-17.499997950268153,50,20.777143623696848,7.307294429704659,13.46984919399219,19.75266469275964,8.367839683587205,11.384825009172436,-1.0605452538825455,13.020329509847002,0.44412386417388916,0.34613021727030474,0.19505387544631958,11.224879122416631,11.224879122416631,8.28214933531272,0,0.0,0,nan,,0,0,0.991754412651062
M8_scale,procedural,dlc_individual_transition,32,8,M8_scale_n8_seed32,7,True,2,405,573,117,51,169,168,7.000003987405762,-17.50000030865067,50,16.230151426830364,10.785907194810695,5.444244232019669,14.477064075946128,10.467131562341157,4.009932513604971,0.31877563246953855,20.747092175113668,0.5520485639572144,0.438073704757634,0.21440139412879944,6.556477768960867,6.556477768960867,3.5996419447989174,0,0.0,0,nan,,0,0,0.8971790671348572
M8_scale,procedural,dlc_individual_transition,32,8,M8_scale_n8_seed32,7,True,3,382,565,64,119,184,183,7.000002720305474,-17.499998415421487,50,21.759959414349595,11.273347155206878,10.486612259142717,13.55382917649585,10.309903139334297,3.243926037161552,0.9634440158725806,20.51253007857972,0.5520485639572144,0.4253289317307265,0.27489933371543884,3.5996419447989174,3.5996419447989174,6.556477768960867,0,0.0,0,nan,,0,0,0.8971790671348572
M8_scale,procedural,dlc_individual_transition,32,8,M8_scale_n8_seed32,7,True,4,184,257,46,27,74,73,6.999995645084482,-17.499997583834556,50,19.723980733716655,9.365410891276758,10.358569842439897,20.97829309120222,8.484743968574913,12.493549122627309,0.8806669227018453,22.510684340669055,0.2215917408466339,0.11080577814592854,0.2202162427129224,8.485599555346749,8.485599555346749,8.916018957196064,0,0.0,0,nan,,0,0,0.9148961305618286
M8_scale,procedural,dlc_individual_transition,32,8,M8_scale_n8_seed32,7,True,5,176,257,53,28,82,81,6.999995645084482,-17.500001176318165,50,20.338646828144874,9.559801241143125,10.778845587001749,20.861064293576952,8.364492343431307,12.496571950145645,1.1953088977118185,22.510684340669055,0.2215917408466339,0.10679603455355391,0.2202162427129224,8.916018957196064,8.916018957196064,8.485599555346749,0,0.0,0,nan,,0,0,0.9148961305618286
M8_scale,procedural,dlc_joint_transition,32,8,M8_scale_n8_seed32,7,True,0,1193,1512,155,164,320,319,6.999999715025751,-17.50000433611467,50,17.315179518962722,12.389311144422319,4.9258683745404035,15.119066162902977,12.352492419414183,2.7665737434887934,0.036818725008135544,16.94033740867781,0.5848835706710815,0.4204673705768073,0.5795386591926217,3.114943085816854,3.114943085816854,2.855537712556631,0,0.0,0,nan,,0,0,0.658749520778656
M8_scale,procedural,dlc_joint_transition,32,8,M8_scale_n8_seed32,7,True,2,960,1063,55,48,104,103,6.99999554949909,-17.4999992985513,50,23.187795478198044,10.603200443999308,12.584595034198736,21.53084375006452,11.382462120180103,10.148381629884417,-0.7792616761807949,22.620449688140766,0.6088274717330933,0.31409674825576633,0.5150497332215309,4.02760593967454,4.02760593967454,3.454849175302003,0,0.0,0,nan,,0,0,0.9520920515060425
M8_scale,procedural,dlc_joint_transition,32,8,M8_scale_n8_seed32,7,True,3,1156,1404,154,94,249,248,7.0000007089952305,-17.500002244106327,50,17.78091826744636,12.33474228098286,5.4461759864634995,17.274847139697716,12.358430562094659,4.916416577603057,-0.02368828111179866,13.815188984049211,0.6826471090316772,0.44882897454048376,0.6773021975532174,3.1171527960691012,3.1171527960691012,2.855537712556631,0,0.0,0,nan,,0,0,0.658749520778656
M8_scale,procedural,dlc_joint_transition,32,8,M8_scale_n8_seed32,7,True,4,923,1039,67,49,117,116,6.99999554949909,-17.49999929855676,50,23.59548530013357,13.3708390778854,10.224646222248172,22.218528411202833,12.22935639344273,9.989172017760103,1.1414826844426695,22.005377136900506,0.6088274717330933,0.30556603603892857,0.5150497332215309,3.454849175302003,3.454849175302003,4.02760593967454,0,0.0,0,nan,,0,0,0.9520920515060425
M8_scale,procedural,dlc_joint_transition,32,8,M8_scale_n8_seed32,7,True,5,155,817,60,602,663,662,7.000000135293021,-17.500009619039247,50,21.63490844356857,10.969758771470332,10.665149672098238,11.02087176107773,9.910965820429157,1.1099059406485736,1.058792951041175,18.10795582904658,3.4769668579101562,2.0478924752899963,2.68671977519989,3.2959597457221355,3.2959597457221355,5.92707594984701,0,0.0,0,nan,,510,0,0.7167954444885254
M8_scale,procedural,dlc_joint_transition,32,8,M8_scale_n8_seed32,7,True,6,1014,1286,123,149,273,272,7.0000004853006885,-17.4999992985513,50,22.27361379745976,16.824647162509123,5.4489666349506365,18.119757762039857,14.831274003811936,3.2884837582279207,1.993373158697187,19.377843184411113,0.7270614504814148,0.4655131645698523,0.721716539002955,2.855537712556631,2.855537712556631,3.454849175302003,0,0.0,0,nan,,0,0,0.658749520778656
M8_scale,procedural,dlc_joint_transition_observer,32,8,M8_scale_n8_seed32,7,True,0,631,934,79,224,304,303,6.999995549496589,-17.499999298555394,50,17.155339320372203,8.647893541198513,8.50744577917369,12.794741717381298,10.880892911842096,1.9138488055392013,-2.232999370643583,11.257791908601687,0.5367028117179871,0.22245116785818123,0.5350697623798624,2.8571873202429376,2.8571873202429376,8.292722718117492,0,0.0,0,nan,,0,0,0.9744365215301514
M8_scale,procedural,dlc_joint_transition_observer,32,8,M8_scale_n8_seed32,7,True,1,1991,2194,85,118,204,203,7.000003597874638,-17.5000033233689,6,10.220746644116089,6.663920334765006,3.5568263093510826,7.898653224550032,6.705850408145305,1.1928028164047273,-0.04193007338029897,8.772830821329753,1.3602508306503296,1.0055160949043198,0.7719108462333679,35.73350558901617,35.73350558901617,3.9494115492887047,0,0.0,0,nan,,117,0,0.7147409915924072
M8_scale,procedural,dlc_joint_transition_observer,32,8,M8_scale_n8_seed32,7,True,2,532,631,56,43,100,99,6.999994998633838,-17.50000025642248,50,15.709249947655865,9.967150235316678,5.742099712339186,17.700384632074698,7.926745395388837,9.773639236685861,2.0404048399278416,17.930974752156782,0.8395922183990479,0.7096017974615098,0.3215683698654175,7.057012501820171,7.057012501820171,6.758015067281545,0,0.0,0,nan,,0,0,0.8347749710083008
M8_scale,procedural,dlc_joint_transition_observer,32,8,M8_scale_n8_seed32,7,True,3,501,613,81,31,113,112,7.000005222673963,-17.500000071997192,50,16.396894465074915,9.8571603478305,6.539734117244414,16.411506174454296,8.009669874801645,8.40183629965265,1.8474904730288557,18.518283171718686,0.8395922183990479,0.7640653099633951,0.3215683698654175,6.758015067281545,6.758015067281545,7.057012501820171,0,0.0,0,nan,,0,0,0.8347749710083008
M8_scale,procedural,dlc_joint_transition_observer,32,8,M8_scale_n8_seed32,7,True,3,1991,2194,85,118,204,203,7.000003597872592,-17.500003323370947,6,10.220746644116089,6.81745794174447,3.4032887023716185,7.898653224550032,6.687604554739847,1.211048669810185,0.1298533870046228,8.772830821329753,1.3602508306503296,1.0055160949043198,0.7719108462333679,31.46031728621803,31.46031728621803,3.9494115492887047,0,0.0,0,nan,,117,0,0.7147409915924072
M8_scale,procedural,dlc_joint_transition_observer,32,8,M8_scale_n8_seed32,7,True,4,231,293,40,22,63,62,7.000000491786295,-17.50000883873554,50,14.378524163831244,8.568164343933494,5.81035981989775,20.64768520717214,7.746848182640536,12.900837024531604,0.821316161292958,21.69410823015729,0.47919705510139465,0.37676598439140924,0.2434663474559784,16.206338249546267,16.206338249546267,14.94353285880775,0,0.0,0,nan,,0,0,0.9074211120605469
M8_scale,procedural,dlc_joint_transition_observer,32,8,M8_scale_n8_seed32,7,True,5,218,293,53,22,76,75,7.000000491786295,-17.500006978317288,50,14.270143355455069,8.474776435103077,5.7953669203519915,20.64768520717214,7.522234926960641,13.125450280211501,0.9525415081424367,21.69410823015729,0.47919705510139465,0.3860072854318117,0.2434663474559784,16.6185996703388,16.6185996703388,14.94353285880775,0,0.0,0,nan,,0,0,0.9074211120605469
M8_scale,procedural,dlc_joint_transition_observer,32,8,M8_scale_n8_seed32,7,True,6,2008,2194,106,80,187,186,7.000003597872592,-17.50000431597732,6,9.35632518613644,7.171110849091551,2.185214337044888,7.859481791927297,6.581015242398853,1.278466549528444,0.5900956066926986,8.772830821329753,1.3602508306503296,1.0397088428869605,0.7719108462333679,28.10191427497472,28.10191427497472,3.9494115492887047,0,0.0,0,nan,,117,0,0.7147409915924072
M8_scale,procedural,rule_expert_gate,32,8,M8_scale_n8_seed32,7,True,5,166,550,34,350,385,384,7.000000491786295,-17.500001176318165,50,26.816810405002595,10.493648978431114,16.32316142657148,8.709299285022007,7.974353452074924,0.7349458329470835,2.5192955263561903,15.129200012265215,4.45810079574585,2.709563916766798,4.144051194190979,3.9266757791461275,3.9266757791461275,5.3228587009336366,0,0.0,0,nan,,306,82,-0.7260697484016418
M4_sparse,procedural,ours_dnq_dlc,21,4,/tmp/ours_ens/M4_sparse_n4_seed21,3,True,2,1,91,23,67,91,90,6.999999226519094,-7.00000465818141,50,9.825760484674797,8.82070899236363,1.0050514923111677,18.068994120922692,11.76911118399307,6.299882936929622,-2.948402191629441,20.218525529254194,0.6420333981513977,0.40512744247258364,0.4043664187192917,4.904209056656301,4.904209056656301,49.12863821860335,0,0.0,0,1.0,True,0,0,0.9449678659439087
M4_sparse,procedural,ours_dnq_dlc,22,4,/tmp/ours_ens/M4_sparse_n4_seed22,3,True,1,378,1114,227,509,737,736,6.999998121155386,-10.500000320814024,50,12.707415912338826,12.354505132092175,0.3529107802466509,13.459912133025956,12.628312014832591,0.8316001181933643,-0.2738068827404163,13.345451116853111,2.747642993927002,1.0156475802127833,2.022500455379486,4.915288388764847,4.915288388764847,6.222467712817451,146,0.1855146124523507,0,1.0,True,156,0,0.887180745601654
M4_sparse,procedural,ours_dnq_dlc,22,4,/tmp/ours_ens/M4_sparse_n4_seed22,3,True,2,1,70,19,50,70,69,6.999998310270826,-7.000002124062917,50,10.207303735575818,8.45582472853581,1.7514790070400093,21.233995763257003,12.031208660420708,9.202787102836295,-3.5753839318848986,20.115533356309026,0.6176759600639343,0.39300357614244735,0.475700706243515,4.391827844928779,4.391827844928779,47.744300264416616,0,0.0,0,1.0,True,0,0,0.9306824207305908
M4_sparse,procedural,ours_dnq_dlc,23,4,/tmp/ours_ens/M4_sparse_n4_seed23,3,True,0,355,631,79,197,277,276,6.999991607241441,-17.499996858722056,50,12.14023801560782,11.374673732218731,0.7655642833890877,14.154098753994036,11.73115373734592,2.422945016648116,-0.3564800051271888,17.59719550727489,1.613403558731079,0.950696772831872,0.8944392204284668,5.322198962272056,5.322198962272056,8.677799791864771,48,0.14678899082568808,0,1.0,True,80,0,0.7128924131393433
M4_sparse,procedural,ours_dnq_dlc,23,4,/tmp/ours_ens/M4_sparse_n4_seed23,3,True,1,357,801,292,152,445,444,6.999998625184162,-17.50000007192932,50,13.862735106790916,12.58345548664828,1.2792796201426366,13.539625754782024,10.11655114514723,3.423074609634794,2.466904341501049,11.83868161537888,1.6251845359802246,0.8254429863211228,1.620781757403165,2.813193516289266,2.813193516289266,5.322198962272056,72,0.14545454545454545,0,1.0,True,105,0,0.2739795446395874
M4_sparse,procedural,ours_dnq_dlc,23,4,/tmp/ours_ens/M4_sparse_n4_seed23,3,True,2,1,179,18,160,179,178,7.0000023927668735,-7.000003336999157,50,9.056589123252715,8.371689368201006,0.6848997550517097,13.703711023988324,10.704797881107172,2.998913142881152,-2.3331085129061666,23.481400120781405,0.2932610809803009,0.18776370242417545,0.29227192199323326,2.839399557599559,2.839399557599559,52.30874323852958,0,0.0,0,1.0,True,0,0,0.9064115881919861
M4_sparse,procedural,ours_dnq_dlc,24,4,/tmp/ours_ens/M4_sparse_n4_seed24,3,True,0,809,1143,182,152,335,334,6.999999321783207,-10.50000654888754,50,12.915331470911658,11.934406372312308,0.9809250985993501,15.116023134436219,11.929090591654107,3.1869325427821114,0.005315780658200708,15.693113022081327,0.9164125919342041,0.538615641672053,0.9119939594529569,3.960561983437837,3.960561983437837,5.025843844862258,72,0.18701298701298702,0,1.0,True,0,3,0.1447748839855194
M4_sparse,procedural,ours_dnq_dlc,24,4,/tmp/ours_ens/M4_sparse_n4_seed24,3,True,1,836,1105,80,189,270,269,6.999999321785253,-7.000014454211396,50,12.400782257515841,12.284200593188942,0.11658166432689931,15.253433316256936,12.129230416696267,3.12420289956067,0.1549701764926752,14.780915617060721,0.9164125919342041,0.5370862063365403,0.909028647467494,5.025843844862258,5.025843844862258,3.960561983437837,48,0.15,0,1.0,True,0,0,0.7543172836303711
M4_sparse,procedural,ours_dnq_dlc,25,4,/tmp/ours_ens/M4_sparse_n4_seed25,3,True,0,363,718,218,137,356,355,6.999996226946223,-10.500004175622053,50,12.613886138959051,11.648799467300407,0.9650866716586446,15.244922937327026,11.872607753419599,3.3723151839074266,-0.22380828611919235,15.758075281138204,2.1384897232055664,1.0305941364403521,1.4360817670822144,5.020251949977322,5.020251949977322,10.429585376931122,70,0.1724137931034483,0,1.0,True,118,0,0.9407233595848083
M4_sparse,procedural,ours_dnq_dlc,25,4,/tmp/ours_ens/M4_sparse_n4_seed25,3,True,1,520,1143,336,287,624,623,6.99999805210291,-17.500010237772358,50,14.600896665979386,12.63789935618892,1.9629973097904667,12.118554017163818,12.579688712404652,-0.4611346952408333,0.058210643784267546,11.541454899949548,2.326425552368164,1.1757116278585715,1.624017596244812,6.452324655445534,6.452324655445534,5.020251949977322,98,0.14540059347181009,0,1.0,True,275,0,0.9372166991233826
M4_sparse,procedural,ours_dnq_dlc,25,4,/tmp/ours_ens/M4_sparse_n4_seed25,3,True,2,1,61,20,40,61,60,6.999996977125534,-7.000005558363682,50,10.411451314895022,8.516107933467161,1.8953433814278604,21.970700377823597,12.041613261287209,9.929087116536389,-3.5255053278200474,19.16642170349702,0.6195863485336304,0.36389752880471654,0.5095334276556969,4.463848598094817,4.463848598094817,49.01560784750406,0,0.0,0,1.0,True,0,0,0.928633451461792
M4_sparse,procedural,ours_dnq_dlc,26,4,/tmp/ours_ens/M4_sparse_n4_seed26,3,True,0,333,375,40,2,43,42,7.000001027546887,-17.499992111685515,50,11.669749059546385,6.7907347386692205,4.879014320877165,11.356403871254695,7.0681598326654616,4.288244038589234,-0.27742509399624105,11.750704485018812,1.6385643482208252,1.174458125302958,0.8425570130348206,20.63930368289929,20.63930368289929,18.949019974138437,18,0.1935483870967742,0,1.0,True,28,0,0.6478871703147888
M4_sparse,procedural,ours_dnq_dlc,26,4,/tmp/ours_ens/M4_sparse_n4_seed26,3,True,1,333,389,41,15,57,56,7.0000008919438415,-17.49999720160065,50,11.660558864453439,6.813906921734152,4.846651942719286,11.799329976535812,6.323081334641404,5.476248641894409,0.4908255870927487,11.761708601961029,1.6385643482208252,1.2518649864615055,0.8425570130348206,19.57152916248105,19.57152916248105,18.919721317804864,18,0.16822429906542055,0,1.0,True,42,0,0.6478871703147888
M4_sparse,procedural,ours_dnq_dlc,26,4,/tmp/ours_ens/M4_sparse_n4_seed26,3,True,2,1,61,18,42,61,60,6.9999976442173875,-7.000000633798209,50,9.898281076629344,8.2469956954997,1.651285381129643,21.52501920490991,11.979298617394454,9.545720587515456,-3.732302921894753,20.11939745150904,0.638493537902832,0.3435163681135803,0.4874114394187927,4.191884406960136,4.191884406960136,49.07426820847948,0,0.0,0,1.0,True,0,0,0.9352419972419739
M4_sparse,procedural,ours_dnq_dlc,27,4,/tmp/ours_ens/M4_sparse_n4_seed27,3,True,1,380,820,188,252,441,440,6.999994173267169,-10.500010401062582,50,12.945460205146285,12.566482696737832,0.3789775084084521,14.482800047900243,12.667650371321473,1.8151496765787698,-0.10116767458364073,17.805757735863917,2.4325263500213623,1.0489946159105452,1.7205858826637268,4.92445659281878,4.92445659281878,5.780936898041271,74,0.15071283095723015,0,1.0,True,135,0,0.9014910459518433
M4_sparse,procedural,ours_dnq_dlc,27,4,/tmp/ours_ens/M4_sparse_n4_seed27,3,True,2,1,59,9,49,59,58,6.999998854722435,-6.999994797534441,50,6.01026190581715,5.959999661568719,0.05026224424843129,20.794425226315457,11.696168245618,9.098256980697457,-5.736168584049282,20.419435967248095,0.601176917552948,0.3709247377464327,0.35736414790153503,4.277823408801149,4.277823408801149,48.44500425958547,0,0.0,0,1.0,True,0,0,0.9540040493011475
M4_sparse,procedural,ours_dnq_dlc,28,4,/tmp/ours_ens/M4_sparse_n4_seed28,3,True,1,396,731,175,160,336,335,7.0000012628486274,-10.500005966715435,50,12.82014483818521,12.579352034761385,0.24079280342382425,15.335409294027063,12.45661058503146,2.8787987089956033,0.12274144972992573,14.316349899471742,2.4010472297668457,1.056285342530048,2.3942792541347444,3.0559334956563435,3.0559334956563435,6.173957737876062,33,0.08549222797927461,0,1.0,True,133,0,0.803650975227356
M4_sparse,procedural,ours_dnq_dlc,28,4,/tmp/ours_ens/M4_sparse_n4_seed28,3,True,2,1,50,8,41,50,49,7.000004502685329,-6.999995182067096,50,5.5873619719476055,5.5509698108790495,0.03639216106855603,20.4294167037922,11.426247033074198,9.003169670718002,-5.875277222195148,19.589566896482093,0.5799823999404907,0.35999702572822573,0.31785815954208374,4.453937770733725,4.453937770733725,50.24945704416182,0,0.0,0,1.0,True,0,0,0.9513582587242126
M4_sparse,procedural,ours_dnq_dlc,29,4,/tmp/ours_ens/M4_sparse_n4_seed29,3,True,2,1,495,164,330,495,494,20.99999293849578,-10.500002551681064,50,10.561099871522549,10.807022585839633,-0.2459227143170839,12.655122069522154,11.583898764921203,1.0712233046009505,-0.7768761790815706,10.903558432403656,2.9619300365448,0.5807442472527989,2.9607884029392153,4.8569308371362645,4.8569308371362645,38.43033070681599,48,0.08807339449541285,0,1.0,True,84,0,0.6152838468551636
M4_sparse,procedural,ours_dnq_dlc,30,4,/tmp/ours_ens/M4_sparse_n4_seed30,3,True,0,333,391,30,28,59,58,6.999988582895412,-17.500002883937896,50,23.434969595210283,6.838696008044707,16.596273587165577,22.325648215085977,6.319259894408568,16.00638832067741,0.5194361136361385,23.308515035869533,0.5227787494659424,0.23317011715686423,0.5179031193256378,8.082750437422177,8.082750437422177,7.001050075283443,0,0.0,0,1.0,True,0,0,0.7605337500572205
M4_sparse,procedural,ours_dnq_dlc,30,4,/tmp/ours_ens/M4_sparse_n4_seed30,3,True,1,333,399,31,35,67,66,6.999992710472952,-17.500002883937896,50,23.412863720057132,6.8196437859130645,16.593219934144066,22.43719037312151,6.278446696585476,16.158743676536034,0.5411970893275884,23.18491967812495,0.5227787494659424,0.2604322400527881,0.5179031193256378,7.001050075283443,7.001050075283443,8.082750437422177,0,0.0,0,1.0,True,0,0,0.7605337500572205
M4_sparse,procedural,ours_dnq_dlc,30,4,/tmp/ours_ens/M4_sparse_n4_seed30,3,True,2,1,147,28,118,147,146,6.999996132522142,-7.000001682797006,50,12.858407985519838,9.00325955678555,3.8551484287342888,16.58922261639754,11.781680782192106,4.807541834205432,-2.7784212254065572,11.747510282489927,0.8314071893692017,0.5945827741948825,0.827470432035625,3.694591205495469,3.694591205495469,49.017551531848795,48,0.2436548223350254,0,1.0,True,0,0,0.7383166551589966
M4_sparse,procedural,ours_dnq_dlc,31,4,/tmp/ours_ens/M4_sparse_n4_seed31,3,True,0,352,363,11,0,12,11,7.000003353347665,-17.500004471121883,50,11.49345784669214,6.44617488133621,5.0472829653559295,11.494265486540385,6.465640745060437,5.028624741479948,-0.01946586372422665,11.252177961396331,2.8763413429260254,2.7634114623069763,0.2446889877319336,30.19866866045171,30.19866866045171,20.820910466966286,0,0.0,0,1.0,True,12,0,0.6771313548088074
M4_sparse,procedural,ours_dnq_dlc,31,4,/tmp/ours_ens/M4_sparse_n4_seed31,3,True,2,1,58,9,48,58,57,7.000002470506956,-7.000009095123573,50,6.010547101083362,5.961018751040035,0.04952835004332723,20.988389946662757,11.724705767189816,9.263684179472941,-5.763687016149781,19.91741578752401,0.5934181213378906,0.3436498462126173,0.3765595108270645,4.037086321576223,4.037086321576223,48.45448023508053,4,0.037037037037037035,0,1.0,True,0,0,0.9551237225532532
M4_sparse,procedural,ours_dnq_dlc,32,4,/tmp/ours_ens/M4_sparse_n4_seed32,3,True,0,258,349,55,36,92,91,7.000005222675327,-17.500000308649305,50,17.52133841832802,9.487606111923155,8.033732306404866,13.330231788444989,7.59333505763615,5.736896730808839,1.894271054287005,12.496601291725456,0.855259358882904,0.7529838363761487,0.16474300622940063,11.304563633972851,11.304563633972851,9.971573209489424,50,0.352112676056338,0,1.0,True,0,0,0.9221482276916504
M4_sparse,procedural,ours_dnq_dlc,32,4,/tmp/ours_ens/M4_sparse_n4_seed32,3,True,1,258,349,61,30,92,91,7.000005222675327,-17.500000308649305,50,16.91758778044059,9.024960067077902,7.892627713362689,13.719636759506157,7.230266549355785,6.489370210150372,1.7946935177221173,12.496601291725456,0.855259358882904,0.7529838363761487,0.16474300622940063,9.971573209489424,9.971573209489424,11.304563633972851,50,0.352112676056338,0,1.0,True,0,0,0.9221482276916504
M4_sparse,procedural,ours_dnq_dlc,32,4,/tmp/ours_ens/M4_sparse_n4_seed32,3,True,2,1,60,17,42,60,59,6.99999717646665,-7.000003047225164,50,9.580579616739067,8.108770850739457,1.4718087659996097,21.793695805414,11.928018188151608,9.865677617262392,-3.8192473374121505,21.095834152153756,0.5975344777107239,0.3237183084090551,0.44266177713871,3.944133119306153,3.944133119306153,48.85948860701005,0,0.0,0,1.0,True,0,0,0.9352869987487793
M6_dense,procedural,ours_dnq_dlc,21,6,/tmp/ours_ens/M6_dense_n6_seed21,5,True,0,588,786,158,40,199,198,7.000001818343662,-17.50000785142015,50,12.257895013046554,8.695298401900317,3.562596611146237,22.452256647015588,10.519442326491781,11.932814320523807,-1.8241439245914641,11.982810080529052,0.4659379720687866,0.12108975536910695,0.46401377860456705,3.5407908807081347,3.5407908807081347,2.622783176457966,14,0.05622489959839357,0,0.8894472361809045,True,0,0,0.8405658006668091
M6_dense,procedural,ours_dnq_dlc,21,6,/tmp/ours_ens/M6_dense_n6_seed21,5,True,1,731,910,126,53,180,179,7.000001818346391,-17.499996498186874,50,17.77453035957837,11.850770022875917,5.923760336702454,21.630719355476746,12.290354896584102,9.340364458892644,-0.4395848737081849,22.44107862982906,0.7982611656188965,0.4793466707523395,0.7963369721546769,2.6661713090528334,2.6661713090528334,2.622783176457966,14,0.06086956521739131,0,1.0,True,0,0,0.8335707783699036
M6_dense,procedural,ours_dnq_dlc,21,6,/tmp/ours_ens/M6_dense_n6_seed21,5,True,2,343,754,122,289,412,411,6.999991566963217,-17.50000013460226,50,16.98403186213658,11.132950291459162,5.851081570677417,12.994720074480945,10.614815042482878,2.3799050319980672,0.518135248976284,17.855723097295883,0.8477569222450256,0.3486983436295419,0.8458327287808061,2.622783176457966,2.622783176457966,5.024812973537468,24,0.05194805194805195,0,0.941747572815534,True,0,0,0.9014783501625061
M6_dense,procedural,ours_dnq_dlc,22,6,/tmp/ours_ens/M6_dense_n6_seed22,5,True,0,438,1115,392,285,678,677,7.000001878310059,-17.500004940895565,50,13.219327828364348,11.513341183510803,1.7059866448535441,13.443050042867574,11.930846064513483,1.5122039783540906,-0.4175048810026798,12.439894530680903,2.442908763885498,0.9893979028438749,1.720447301864624,5.116369076634152,5.116369076634152,14.336419382138997,169,0.23214285714285715,0,1.0,True,138,0,0.9220696091651917
M6_dense,procedural,ours_dnq_dlc,22,6,/tmp/ours_ens/M6_dense_n6_seed22,5,True,1,874,1342,468,0,469,468,10.499998052519459,-17.50000684646261,50,12.97883182662126,12.483179561426217,0.4956522651950426,12.97477901707132,12.483013232115086,0.49176578495623424,0.0001663293111313635,11.19381586018225,2.9189369678497314,1.0277531501580912,2.1990060806274414,12.55179043073674,12.55179043073674,5.116369076634152,97,0.18689788053949905,0,1.0,True,84,0,0.6394799947738647
M6_dense,procedural,ours_dnq_dlc,22,6,/tmp/ours_ens/M6_dense_n6_seed22,5,True,2,174,308,69,65,135,134,7.000001290555133,-17.50000046086234,50,20.18936238340378,11.269147856976184,8.920214526427594,19.298770411089677,11.277620052205092,8.021150358884585,-0.008472195228907964,20.57194240372404,0.7261848449707031,0.6016293207804362,0.3174906075000763,6.198186594105561,6.198186594105561,3.2221319976654557,0,0.0,0,0.7851851851851852,True,0,0,0.9515940546989441
M6_dense,procedural,ours_dnq_dlc,22,6,/tmp/ours_ens/M6_dense_n6_seed22,5,True,3,149,248,59,40,100,99,7.000001290539558,-17.500001393823823,50,21.708353015931934,11.272298247993211,10.436054767938723,18.273564780579516,11.240317097545578,7.033247683033938,0.031981150447633055,18.959671220601866,0.6610549092292786,0.5873045760393143,0.17538517713546753,3.4143855209652765,3.2221319976654557,7.3604867786700625,0,0.0,0,1.0,True,0,0,0.9586153030395508
M6_dense,procedural,ours_dnq_dlc,23,6,/tmp/ours_ens/M6_dense_n6_seed23,5,True,2,203,261,29,29,59,58,6.99999699678483,-17.500002966724992,50,18.22279215709817,7.200710712875398,11.02208144422277,18.379904099274633,6.0339275894522535,12.345976509822378,1.1667831234231443,16.24772606779096,0.7198013067245483,0.7028687555911177,0.028442561626434326,15.829471133790506,15.829471133790506,9.670957481068157,23,0.21100917431192662,0,1.0,True,0,0,0.9962275624275208
M6_dense,procedural,ours_dnq_dlc,23,6,/tmp/ours_ens/M6_dense_n6_seed23,5,True,3,453,696,178,65,244,243,7.000005643124268,-17.500000766871835,50,19.13807279127102,13.691584536767806,5.446488254503215,21.187180489938296,13.649705146081615,7.537475343856681,0.04187939068619073,12.097480109353173,0.864702045917511,0.5506176208603943,0.8559368187561631,2.9893602861854847,2.9893602861854847,16.514305718887126,24,0.08163265306122448,0,1.0,True,0,0,0.8038673996925354
M6_dense,procedural,ours_dnq_dlc,24,6,/tmp/ours_ens/M6_dense_n6_seed24,5,True,0,2044,2107,6,57,64,63,7.000003835675216,-17.499996886747795,50,11.6598750235051,9.882270877323169,1.7776041461819307,13.737740082568488,11.369903431190076,2.3678366513784113,-1.4876325538669075,15.800784095792455,1.5542891025543213,0.9216057043522596,1.1780862510204315,5.261472164579878,5.261472164579878,6.36004579839665,24,0.21052631578947367,0,0.828125,True,19,0,0.39920303225517273
M6_dense,procedural,ours_dnq_dlc,24,6,/tmp/ours_ens/M6_dense_n6_seed24,5,True,2,1401,1622,143,78,222,221,6.999999321782525,-17.500005625718586,50,16.030988869666295,11.474444733929944,4.556544135736351,18.23609722228922,11.927743255851128,6.3083539664380925,-0.4532985219211838,20.5665534132281,0.7532691955566406,0.5459851668224679,0.3583865463733673,2.8508278097276154,2.8508278097276154,3.8550258501910686,0,0.0,0,0.954954954954955,True,0,0,0.9533965587615967
M6_dense,procedural,ours_dnq_dlc,24,6,/tmp/ours_ens/M6_dense_n6_seed24,5,True,3,1121,1232,4,107,112,111,6.99999932178207,-7.000014454212533,50,6.813083182746035,9.696710703923637,-2.883627521177602,6.6538260399263125,8.722283317784129,-2.0684572778578163,0.9744273861395083,3.033819711623397,1.0450183153152466,0.5018746388211314,1.0397782120853662,3.679467089525225,3.679467089525225,5.193688773517806,24,0.14814814814814814,0,1.0,True,20,28,-0.9998660087585449
M6_dense,procedural,ours_dnq_dlc,24,6,/tmp/ours_ens/M6_dense_n6_seed24,5,True,3,1278,1586,89,219,309,308,6.999999321782525,-6.999999321784799,50,13.359953031381169,13.574485495224454,-0.21453246384328573,15.727341413388642,13.624961249569395,2.1023801638192463,-0.05047575434494078,19.956074139866413,0.7788109183311462,0.543415478518094,0.37562447786331177,3.8550258501910686,3.8550258501910686,3.0596865388384296,0,0.0,0,1.0,True,0,0,0.560211181640625
M6_dense,procedural,ours_dnq_dlc,24,6,/tmp/ours_ens/M6_dense_n6_seed24,5,True,4,799,832,18,15,34,33,48.99998562966334,-7.00000802192335,50,11.765769599269131,14.890710650737683,-3.124941051468552,11.60122375435997,15.493903921211311,-3.892680166851342,-0.6031932704736285,3.483250738959028,1.947341799736023,1.5595180181895985,0.7550599575042725,8.692388271279148,8.692388271279148,15.096848900983417,0,0.0,0,0.058823529411764705,False,34,1,-0.39277276396751404
M6_dense,procedural,ours_dnq_dlc,24,6,/tmp/ours_ens/M6_dense_n6_seed24,5,True,4,1985,2055,63,7,71,70,7.000002146476845,-17.500005317876457,50,13.471448443390345,11.953306838658454,1.5181416047318912,11.882717085581309,11.497668153919504,0.38504893166180487,0.4556386847389504,13.738298912969816,1.5542891025543213,1.0425341935224937,0.8268229961395264,11.595194574875274,8.594606056429255,10.975847034338457,24,0.19834710743801653,0,1.0,True,29,0,0.39920303225517273
M6_dense,procedural,ours_dnq_dlc,25,6,/tmp/ours_ens/M6_dense_n6_seed25,5,True,0,984,1486,277,225,503,502,7.0000004117830485,-17.500002341206027,50,12.122947518153646,11.716474363599042,0.40647315455460387,12.818747995421639,11.811205723101287,1.007542272320352,-0.09473135950224432,15.019321441370517,2.2764875888824463,1.380809719946465,1.5580599904060364,5.138004803592508,5.138004803592508,19.95895138416108,48,0.0867992766726944,0,1.0,True,379,0,0.9196130037307739
M6_dense,procedural,ours_dnq_dlc,25,6,/tmp/ours_ens/M6_dense_n6_seed25,5,True,1,1527,1758,182,49,232,231,21.00000193229903,-17.499999840861847,50,17.0125358338672,12.301093623595818,4.711442210271382,13.715666855811545,12.576991804339727,1.138675051471818,-0.2758981807439085,10.775953842409262,2.5534396171569824,0.9674450868162615,2.0518493056297302,5.889766606576087,5.889766606576087,6.562685456597526,24,0.0851063829787234,0,1.0,True,56,0,0.40273305773735046
M6_dense,procedural,ours_dnq_dlc,25,6,/tmp/ours_ens/M6_dense_n6_seed25,5,True,2,155,233,46,32,79,78,7.000003367405498,-17.500000489609533,50,21.26066880531607,7.752515265899133,13.508153539416936,19.087640291481215,6.831649714072666,12.255990577408548,0.9208655518264663,19.91621322663374,0.681586742401123,0.622993264771715,0.1821417212486267,12.371199017913758,12.371199017913758,7.173164343786275,12,0.09302325581395349,0,0.7721518987341772,True,0,0,0.9541799426078796
M6_dense,procedural,ours_dnq_dlc,25,6,/tmp/ours_ens/M6_dense_n6_seed25,5,True,3,139,233,53,41,95,94,7.000003367405498,-17.499997896424247,50,21.573897192345832,9.668680133068648,11.905217059277184,19.230159936049553,8.60587608005743,10.624283855992124,1.0628040530112184,19.91621322663374,0.681586742401123,0.6101596104471307,0.21731749176979065,7.173164343786275,7.173164343786275,12.371199017913758,12,0.08275862068965517,0,1.0,True,0,0,0.9541799426078796
M6_dense,procedural,ours_dnq_dlc,26,6,/tmp/ours_ens/M6_dense_n6_seed26,5,True,2,175,502,233,94,328,327,24.50000153791234,-17.50000637090102,50,14.364074951599376,11.341076325822995,3.0229986257763812,12.627189020149064,11.361512409404119,1.2656766107449453,-0.020436083581124365,11.003419551678531,2.8542749881744385,0.9220961697581338,2.706477716565132,8.262142728171705,8.262142728171705,4.875688922676197,48,0.12698412698412698,0,0.9054878048780488,True,75,0,0.4642391800880432
M6_dense,procedural,ours_dnq_dlc,26,6,/tmp/ours_ens/M6_dense_n6_seed26,5,True,3,151,502,90,261,352,351,28.0000009252592,-17.49999890753304,50,19.207059316084084,11.372125756390131,7.834933559693953,12.742733258808231,11.338841181875503,1.4038920769327277,0.03328457451462796,11.003419551678531,2.8542749881744385,0.8900768006728454,2.706477716565132,4.875688922676197,4.875688922676197,8.262142728171705,48,0.11940298507462686,0,0.9261363636363636,True,75,0,0.4642391800880432
M6_dense,procedural,ours_dnq_dlc,27,6,/tmp/ours_ens/M6_dense_n6_seed27,5,True,0,741,1163,255,167,423,422,6.999998580282863,-17.50000387362502,50,14.488109952168724,11.953612678536318,2.5344972736324056,14.960723034731027,11.891651852108522,3.069071182622505,0.061960826427796434,14.313448172702202,0.8607073426246643,0.7856293117746393,0.18834519386291504,4.806050589285973,4.806050589285973,16.503709649097928,171,0.36152219873150104,0,1.0,True,0,0,0.9811004400253296
M6_dense,procedural,ours_dnq_dlc,27,6,/tmp/ours_ens/M6_dense_n6_seed27,5,True,1,1089,1531,442,0,443,442,17.499996507766582,-17.50000225138774,50,13.545311452719265,12.538740459687425,1.0065709930318398,13.540457159382932,12.535294380884253,1.0051627784986792,0.00344607880317227,10.6925367865064,2.822087526321411,0.9779012252999213,2.097986161708832,10.513679225652634,10.513679225652634,4.832262802070285,146,0.2961460446247465,0,1.0,True,71,0,0.5324720740318298
M6_dense,procedural,ours_dnq_dlc,27,6,/tmp/ours_ens/M6_dense_n6_seed27,5,True,2,151,227,40,36,77,76,6.999998340906927,-17.50000555817337,50,22.11467168508174,7.831381105506294,14.283290579575445,19.28656405354246,6.668169406893265,12.618394646649195,1.1632116986130292,21.350094132255396,0.7206047177314758,0.6020114568920879,0.1916515827178955,11.773376231301196,11.773376231301196,11.844406971501451,0,0.0,0,0.935064935064935,True,0,0,0.9794530868530273
M6_dense,procedural,ours_dnq_dlc,27,6,/tmp/ours_ens/M6_dense_n6_seed27,5,True,3,159,239,43,37,81,80,6.999996758623638,-17.50000555817337,50,21.61266589002808,9.117570112277475,12.495095777750604,20.08050762805901,9.51814431683109,10.56236331122792,-0.4005742045536156,21.365974215324318,0.7206047177314758,0.6057361776446119,0.1916515827178955,11.844406971501451,11.844406971501451,11.773376231301196,0,0.0,0,1.0,True,0,0,0.9784498810768127
M6_dense,procedural,ours_dnq_dlc,28,6,/tmp/ours_ens/M6_dense_n6_seed28,5,True,0,433,712,116,163,280,279,7.000001570565701,-17.500014759014675,50,17.530850653234133,11.647929143829405,5.882921509404728,14.600023791416401,11.8226392194535,2.7773845719629016,-0.17471007562409469,14.189486157779315,0.8450469970703125,0.7473381876945495,0.5035221874713898,5.1955489336194685,5.1955489336194685,10.92533126114566,102,0.3090909090909091,0,1.0,True,0,0,0.9126293063163757
M6_dense,procedural,ours_dnq_dlc,28,6,/tmp/ours_ens/M6_dense_n6_seed28,5,True,1,496,1132,455,181,637,636,7.000000829464398,-17.49999970011322,50,14.169354576438922,12.70615310900368,1.4632014674352423,14.448218685762875,11.326034397214377,3.122184288548498,1.3801187117893026,12.50666990873857,0.8623540997505188,0.7307657688911683,0.8526673698797822,2.427902347911994,2.427902347911994,5.1955489336194685,219,0.31877729257641924,0,1.0,True,0,0,0.7082520127296448
M6_dense,procedural,ours_dnq_dlc,28,6,/tmp/ours_ens/M6_dense_n6_seed28,5,True,2,163,245,43,39,83,82,6.999998699773869,-17.500001348538945,50,20.42144460159469,7.353169705658688,13.068274895936002,20.436570283968862,7.479368356569125,12.957201927399737,-0.12619865091043714,20.81384317741379,0.7135558724403381,0.5643322956131165,0.2887924611568451,11.137163104081964,11.137163104081964,11.088075496060377,0,0.0,0,0.8313253012048193,True,0,0,0.9732463359832764
M6_dense,procedural,ours_dnq_dlc,28,6,/tmp/ours_ens/M6_dense_n6_seed28,5,True,3,163,245,55,27,83,82,6.999998699773869,-17.500005050922255,50,19.92526427222164,9.299919381352826,10.625344890868814,21.454030517450633,10.91099933053761,10.543031186913023,-1.6110799491847843,20.81384317741379,0.7135558724403381,0.5643322956131165,0.2887924611568451,11.088075496060377,11.088075496060377,11.137163104081964,0,0.0,0,1.0,True,0,0,0.9732463359832764
M6_dense,procedural,ours_dnq_dlc,30,6,/tmp/ours_ens/M6_dense_n6_seed30,5,True,0,635,1417,540,242,783,782,6.9999998294439365,-17.500004177857363,50,12.452866188622007,10.685842784389374,1.7670234042326332,13.223483042365075,11.840676846776852,1.3828061955882234,-1.1548340623874775,13.606065240984034,1.533665418624878,1.0605571264969624,1.5195558089762926,5.087750488237184,5.087750488237184,2.7735131914748177,50,0.060024009603841535,0,0.9565772669220945,True,457,0,0.06121483072638512
M6_dense,procedural,ours_dnq_dlc,30,6,/tmp/ours_ens/M6_dense_n6_seed30,5,True,1,1468,1773,291,14,306,305,31.499997140895175,-17.500000341284135,50,15.00068571263375,12.52821210515888,2.4724736074748694,13.814266591904643,12.781560045265463,1.0327065466391794,-0.25334794010658257,11.556293598449471,2.6113600730895996,0.9707698541529038,2.0151543617248535,7.455463591623755,7.455463591623755,7.117921629055678,72,0.20224719101123595,0,1.0,True,65,0,0.3248935341835022
M6_dense,procedural,ours_dnq_dlc,30,6,/tmp/ours_ens/M6_dense_n6_seed30,5,True,2,447,940,59,434,494,493,7.000001671143764,-17.500000157194904,50,21.56514788423768,11.171430811541175,10.393717072696504,11.803281965884826,10.215260262029473,1.588021703855354,0.9561705495117021,11.913112483126692,1.533665418624878,1.0197604351567655,1.5195558089762926,2.7735131914748177,2.7735131914748177,3.968422547184972,24,0.04411764705882353,0,1.0,True,283,0,0.06121483072638512
M6_dense,procedural,ours_dnq_dlc,30,6,/tmp/ours_ens/M6_dense_n6_seed30,5,True,3,410,799,74,315,390,389,7.000001671143764,-17.499999686660658,50,20.390161942051453,11.354137466977372,9.03602447507408,12.498360268292776,10.170356263307584,2.3280040049851927,1.1837812036697883,11.676991647540918,1.533665418624878,1.0477816303571066,1.0022788643836975,3.968422547184972,3.968422547184972,2.86996951435523,24,0.05454545454545454,0,0.258974358974359,True,210,0,0.9041643738746643
M6_dense,procedural,ours_dnq_dlc,31,6,/tmp/ours_ens/M6_dense_n6_seed31,5,True,2,147,469,97,225,323,322,17.500006993041097,-17.499995080930944,50,17.880416900161393,11.206602560275329,6.673814339886064,13.378073619030898,12.477443529229014,0.9006300898018846,-1.270840968953685,11.481783212411143,2.9164419174194336,1.0645309758629222,2.303110361099243,5.2581039339054865,5.2581039339054865,11.981131351139856,73,0.19571045576407506,0,0.8235294117647058,True,80,0,0.6644284725189209
M6_dense,procedural,ours_dnq_dlc,31,6,/tmp/ours_ens/M6_dense_n6_seed31,5,True,3,601,1326,568,157,726,725,6.999999448387371,-17.50000303271122,50,13.67780509622089,14.174911547433767,-0.49710645121287733,14.09580295836348,14.14915177166944,-0.0533488133059592,0.025759775764328197,10.84828087970376,2.8920867443084717,0.9524292948324818,2.2095090746879578,6.6880038071300945,6.6880038071300945,16.667387378208254,171,0.22036082474226804,0,1.0,True,121,0,0.7305716276168823
M6_dense,procedural,ours_dnq_dlc,31,6,/tmp/ours_ens/M6_dense_n6_seed31,5,True,3,1804,2014,98,112,211,210,10.499998558113248,-10.50000108973586,50,12.94173232218321,13.421836253465687,-0.48010393128247664,15.319645535215,13.77880392993805,1.5408416052769507,-0.3569676764723635,11.871708990706136,1.6501253843307495,0.7205628570504663,1.2925596833229065,3.222455273795132,3.222455273795132,59.566792395382706,48,0.1839080459770115,0,1.0,True,26,0,0.6231698989868164
M6_dense,procedural,ours_dnq_dlc,32,6,/tmp/ours_ens/M6_dense_n6_seed32,5,True,0,408,476,35,33,69,68,6.999996111952441,-17.50000416769717,50,18.167847225634215,6.199559145786649,11.968288079847566,21.47764020819794,6.239206988007953,15.238433220189986,-0.0396478422213038,18.776235420073775,0.7747595310211182,0.6318381916785586,0.34845730662345886,19.95523683225926,19.95523683225926,18.824478683648827,3,0.025210084033613446,0,1.0,True,0,0,0.847928524017334
M6_dense,procedural,ours_dnq_dlc,32,6,/tmp/ours_ens/M6_dense_n6_seed32,5,True,1,418,486,30,38,69,68,7.000007690988241,-17.50000789518299,50,18.996715951964042,5.871685153043229,13.125030798920813,20.424791480732978,7.474615122733195,12.950176357999784,-1.6029299696899661,19.377843890225456,0.7747595310211182,0.6304318287234375,0.34845730662345886,18.824478683648827,18.824478683648827,19.95523683225926,3,0.025210084033613446,0,1.0,True,0,0,0.847928524017334
M6_dense,procedural,ours_dnq_dlc,32,6,/tmp/ours_ens/M6_dense_n6_seed32,5,True,2,182,309,73,54,128,127,6.999999366168595,-17.500005779996627,50,19.484472110902075,10.462794963680215,9.02167714722186,19.41487143630798,11.204377535475441,8.210493900832539,-0.7415825717952256,21.005737663735697,0.7419224977493286,0.645295973867178,0.2260875105857849,5.975823835995668,5.975823835995668,3.461023353945211,0,0.0,0,0.796875,True,0,0,0.9721512198448181
M6_dense,procedural,ours_dnq_dlc,32,6,/tmp/ours_ens/M6_dense_n6_seed32,5,True,3,159,260,59,42,102,101,7.0000031526269595,-17.500002865135684,50,21.69548742464355,10.007578029854605,11.687909394788944,17.815036627697022,10.83821718942898,6.976819438268043,-0.8306391595743747,19.533184007348655,0.7419224977493286,0.61372876459477,0.3890552818775177,3.5842083932600843,3.461023353945211,7.213962624047545,0,0.0,0,1.0,True,0,0,0.9391064047813416
M8_scale,procedural,ours_dnq_dlc,21,8,/tmp/ours_ens/M8_scale_n8_seed21,7,True,0,740,923,82,101,184,183,7.000001818346391,-17.499996498186647,50,18.55075317573306,10.851126132364719,7.699627043368341,16.501759366395284,11.536042817540821,4.965716548854463,-0.6849166851761019,19.079664475164538,0.7159131169319153,0.5998877393810645,0.23644787073135376,3.3888953967006836,3.3888953967006836,4.89832495632068,0,0.0,0,0.8641304347826086,True,0,0,0.9755129218101501
M8_scale,procedural,ours_dnq_dlc,21,8,/tmp/ours_ens/M8_scale_n8_seed21,7,True,1,832,1852,314,706,1021,1020,6.999999005494374,-17.500011156979554,50,14.351210527518717,12.178638696389047,2.1725718311296696,12.360359081550648,12.054005490999486,0.3063535905511614,0.12463320538956069,10.99166130239797,2.252307415008545,0.2716803032558938,2.2522509932969115,2.741854190775302,2.741854190775302,3.3888953967006836,24,0.022408963585434174,0,1.0,True,49,0,0.6208232641220093
M8_scale,procedural,ours_dnq_dlc,21,8,/tmp/ours_ens/M8_scale_n8_seed21,7,True,2,771,968,142,55,198,197,7.000006225755897,-17.500008953272754,50,15.813354996849041,11.257958397118971,4.55539659973007,20.37339131665019,11.379568978088146,8.993822338562042,-0.12161058096917543,11.668071354861263,0.7159131169319153,0.5975560562478172,0.27047252655029297,4.459228160868844,4.399066240763559,3.3888953967006836,0,0.0,0,0.898989898989899,True,0,0,0.9521213173866272
M8_scale,procedural,ours_dnq_dlc,21,8,/tmp/ours_ens/M8_scale_n8_seed21,7,True,4,224,377,100,53,154,153,7.000004149909046,-17.500004084906323,50,15.776196070013402,8.29621106540841,7.479985004604991,13.552889796048353,7.364871661387646,6.188018134660707,0.9313394040207648,18.240342757258976,1.024536371231079,0.8060612303095979,0.5459442138671875,11.823641099755505,11.823641099755505,8.73285270124928,41,0.20098039215686275,0,0.9675324675324676,True,21,0,0.9247139096260071
M8_scale,procedural,ours_dnq_dlc,21,8,/tmp/ours_ens/M8_scale_n8_seed21,7,True,5,224,367,83,60,144,143,7.000000342117687,-17.50000191104084,50,16.59432814791026,8.003616852894147,8.590711295016114,12.239454376468162,7.140824376593894,5.098629999874268,0.8627924763002532,18.310300909169197,1.024536371231079,0.8125267806980345,0.5459442138671875,11.309550974939969,11.309550974939969,8.73285270124928,31,0.15979381443298968,0,1.0,True,21,0,0.9247139096260071
M8_scale,procedural,ours_dnq_dlc,22,8,/tmp/ours_ens/M8_scale_n8_seed22,7,True,2,801,1351,117,433,551,550,6.999998010770014,-17.499991722276945,50,11.746246695137788,7.58093121679779,4.165315478339998,12.560362539277616,10.78468033265854,1.7756822066190754,-3.2037491158607505,11.584280520861757,1.1939619779586792,0.6331352147516903,1.1936100458842702,3.0485829829385205,3.0485829829385205,2.6499169865956125,98,0.16306156405990016,0,0.941923774954628,True,103,28,0.11979236453771591
M8_scale,procedural,ours_dnq_dlc,22,8,/tmp/ours_ens/M8_scale_n8_seed22,7,True,3,810,1102,176,116,293,292,7.0000046200818815,-17.50000494089545,50,11.82201096278838,9.470593841707995,2.3514171210803845,10.05498145996061,9.519607486378867,0.5353739735817431,-0.04901364467087177,11.073917155342034,1.1939619779586792,0.652278789861045,1.1886684764176607,4.007419673854376,4.007419673854376,2.6499169865956125,50,0.1457725947521866,0,0.7337883959044369,True,96,28,0.16612617671489716
M8_scale,procedural,ours_dnq_dlc,23,8,/tmp/ours_ens/M8_scale_n8_seed23,7,True,0,1970,2023,30,23,54,53,7.00000070365536,-17.499996325796246,50,17.41003992004641,6.676137222935863,10.733902697110548,19.249557075349713,6.674036376369899,12.575520698979815,0.0021008465659644315,22.334324894055563,0.7236631512641907,0.5174904783014898,0.6316675618290901,42.668968676159054,42.668968676159054,9.20181218519463,0,0.0,0,0.037037037037037035,False,0,0,0.8034514784812927
M8_scale,procedural,ours_dnq_dlc,23,8,/tmp/ours_ens/M8_scale_n8_seed23,7,True,2,369,502,94,39,134,133,6.9999986000068475,-17.50000058593514,50,14.420531143409196,8.123910672519385,6.2966204708898115,19.347587587719268,9.404541477077437,9.94304611064183,-1.2806308045580526,20.15293924601267,0.9159244894981384,0.7665441747921616,0.3439607620239258,13.821345992172231,13.821345992172231,6.816495975359681,24,0.13043478260869565,0,0.6716417910447762,False,0,0,0.9866452217102051
M8_scale,procedural,ours_dnq_dlc,23,8,/tmp/ours_ens/M8_scale_n8_seed23,7,True,2,1442,1818,108,268,377,376,7.000000608193659,-17.499999236254098,50,18.289447784843407,11.592109508017804,6.697338276825603,13.449317444172157,12.609822081943653,0.8394953622285044,-1.0177125739258486,20.02005512443105,1.555403709411621,0.7798031410338253,1.553994613699615,3.921491846742379,3.921491846742379,32.69111417522106,31,0.07259953161592506,0,0.9628647214854111,True,162,0,0.8664674758911133
M8_scale,procedural,ours_dnq_dlc,23,8,/tmp/ours_ens/M8_scale_n8_seed23,7,True,3,1970,2023,30,23,54,53,7.00000070365445,-17.499996325797156,50,17.41003992004641,6.787498437175862,10.622541482870549,19.249557075349713,6.736604834440977,12.512952240908737,0.05089360273488541,22.334324894055563,0.7236631512641907,0.5174904783014898,0.6316675618290901,37.78512302226685,37.78512302226685,9.20181218519463,0,0.0,0,0.12962962962962962,False,0,0,0.8034514784812927
M8_scale,procedural,ours_dnq_dlc,23,8,/tmp/ours_ens/M8_scale_n8_seed23,7,True,4,1970,2031,37,24,62,61,7.0000005086005785,-17.499998885370132,50,17.392225064696134,7.13495425475091,10.257270809945226,20.8442723934578,6.927211973382665,13.917060420075135,0.2077422813682448,22.263258166147654,0.7236631512641907,0.45614616008054826,0.7189072500914335,33.16044128607218,33.16044128607218,7.772374065929558,0,0.0,0,0.7096774193548387,True,0,0,0.8034514784812927
M8_scale,procedural,ours_dnq_dlc,23,8,/tmp/ours_ens/M8_scale_n8_seed23,7,True,5,1993,2047,30,24,55,54,6.9999955648659125,-17.499999331598246,50,18.677306444054715,8.88397967011565,9.793326773939064,22.717450560988652,8.160941441010307,14.556509119978346,0.7230382291053434,21.87866031757143,0.6375475525856018,0.27386840961196207,0.6327916514128447,12.508439448934217,12.508439448934217,7.543603072879218,0,0.0,0,1.0,True,0,0,0.8034514784812927
M8_scale,procedural,ours_dnq_dlc,23,8,/tmp/ours_ens/M8_scale_n8_seed23,7,True,6,1986,2055,37,32,70,69,6.999998902850848,-17.499999098900844,50,18.40825774643728,10.552160052097808,7.856097694339471,22.683841242351104,9.537973079858508,13.145868162492595,1.0141869722392993,21.89087883082206,0.7143994569778442,0.2892652549248721,0.7115312153473496,7.543603072879218,7.543603072879218,12.508439448934217,0,0.0,0,1.0,True,0,0,0.8034514784812927
M8_scale,procedural,ours_dnq_dlc,24,8,/tmp/ours_ens/M8_scale_n8_seed24,7,True,0,2119,2185,37,29,67,66,6.9999983461591455,-17.50000246466584,15,16.69041289638891,6.227541673562596,10.462871222826314,21.61840617201151,6.2496373844951485,15.368768787516363,-0.022095710932552137,20.723891213403068,0.5484179258346558,0.34107458445507643,0.5456525115296245,19.889529065258934,19.889529065258934,11.87977509058664,0,0.0,0,0.22388059701492538,False,0,0,0.7645087242126465
M8_scale,procedural,ours_dnq_dlc,24,8,/tmp/ours_ens/M8_scale_n8_seed24,7,True,4,2128,2196,37,31,69,68,7.000002146476845,-17.500003257197704,4,17.611566797501474,6.820171714049304,10.79139508345217,21.197329796613257,7.132682796151069,14.064647000462188,-0.31251108210176426,20.508442240768257,0.5426394939422607,0.34677263477520237,0.5398740796372294,15.60926196214806,15.60926196214806,10.922745618817046,0,0.0,0,0.5797101449275363,True,0,0,0.7645087242126465
M8_scale,procedural,ours_dnq_dlc,25,8,/tmp/ours_ens/M8_scale_n8_seed25,7,True,0,1314,1983,256,413,670,669,7.000000992543846,-17.50000262829144,50,13.262589999030588,11.868785320874327,1.3938046781562612,12.17280540637602,10.275638926517333,1.8971664798586865,1.5931463943569941,11.294482222252073,2.907283306121826,0.9118439420249744,2.906014601350762,3.0561440175059293,3.0561440175059293,3.7997115511695188,49,0.06805555555555555,0,1.0,True,221,0,0.3354300856590271
M8_scale,procedural,ours_dnq_dlc,25,8,/tmp/ours_ens/M8_scale_n8_seed25,7,True,2,382,458,50,26,77,76,6.999999570294449,-17.499999657879812,50,17.864511565609508,6.264414062949654,11.600097502659853,16.748988338415014,6.344970476390346,10.404017862024668,-0.08055641344069198,22.627369920010622,0.47215813398361206,0.3920599423445664,0.19155511260032654,31.275830566718245,31.275830566718245,2.9884686419943955,0,0.0,0,0.44155844155844154,False,0,0,0.9597150683403015
M8_scale,procedural,ours_dnq_dlc,25,8,/tmp/ours_ens/M8_scale_n8_seed25,7,True,3,382,458,39,37,77,76,6.999999570294449,-17.499999657879812,50,18.308818079546704,5.467148708660696,12.841669370886008,16.612307296674167,5.456817214331084,11.155490082343084,0.010331494329612667,22.627369920010622,0.47215813398361206,0.3920599423445664,0.19155511260032654,26.097785401482625,26.097785401482625,2.9884686419943955,0,0.0,0,0.8311688311688312,True,0,0,0.9597150683403015
M8_scale,procedural,ours_dnq_dlc,25,8,/tmp/ours_ens/M8_scale_n8_seed25,7,True,4,189,458,101,168,270,269,6.999999570294449,-17.500004042416776,50,16.679942142618717,10.351740237465972,6.328201905152746,15.742192269740618,12.625113416548434,3.1170788531921847,-2.273373179082462,22.627369920010622,1.0014073848724365,0.6626912402885932,0.720804363489151,2.9884686419943955,2.9884686419943955,5.318509040945144,24,0.075,0,0.9777777777777777,True,23,0,0.9149163961410522
M8_scale,procedural,ours_dnq_dlc,25,8,/tmp/ours_ens/M8_scale_n8_seed25,7,True,5,189,382,54,139,194,193,7.000000402040541,-17.500004042416776,50,20.33639483159086,9.159559070163674,11.176835761427185,13.687034976516129,10.67737469271671,3.0096602837994197,-1.5178156225530355,17.868516996856535,1.0014073848724365,0.7687758703514472,0.5969078540802002,5.318509040945144,5.318509040945144,3.470636324522751,24,0.09836065573770492,0,0.6701030927835051,True,23,0,0.9149163961410522
M8_scale,procedural,ours_dnq_dlc,27,8,/tmp/ours_ens/M8_scale_n8_seed27,7,True,2,718,830,82,30,113,112,7.000001969875939,-17.49999803699302,50,11.300722228427341,6.701169092426475,4.599553136000867,20.336738804960316,6.725735399624537,13.61100340533578,-0.02456630719806263,17.92716390759697,1.1959378719329834,0.6803377957734387,1.0286464542150497,40.25971690732539,40.25971690732539,2.383173450763213,0,0.0,0,0.035398230088495575,False,14,0,0.8101539015769958
M8_scale,procedural,ours_dnq_dlc,27,8,/tmp/ours_ens/M8_scale_n8_seed27,7,True,3,723,838,83,32,116,115,7.000001269163022,-17.49999803699302,50,11.461289739185492,6.626084218794394,4.835205520391098,22.331156792540416,6.726825708856193,15.604331083684222,-0.10074149006179933,16.582790611037737,1.1959378719329834,0.6257813944128053,1.0286464542150497,39.13691964880358,39.13691964880358,2.383173450763213,0,0.0,0,0.10344827586206896,False,14,0,0.8101539015769958
M8_scale,procedural,ours_dnq_dlc,27,8,/tmp/ours_ens/M8_scale_n8_seed27,7,True,5,247,568,112,209,322,321,7.000002135039722,-17.500000287462626,50,14.169262834855733,9.1747990683647,4.994463766491032,15.335555405878866,13.28545464081936,2.050100765059506,-4.110655572454659,15.515886506997589,1.101004958152771,0.8043058705255852,0.7412361800670624,6.054953933649989,5.809682716069303,2.5288170838845336,48,0.12903225806451613,0,0.9440993788819876,True,41,0,0.802067756652832
M8_scale,procedural,ours_dnq_dlc,27,8,/tmp/ours_ens/M8_scale_n8_seed27,7,True,6,502,712,4,206,211,210,7.0000030675403195,-6.999996758623638,50,10.992028965834697,16.663456690235403,-5.671427724400706,15.986916218041536,14.92486899262836,1.0620472254131759,1.7385876976070431,11.848613745210605,1.0516538619995117,0.40625646722313213,1.0463467901572585,2.3752435570032104,2.3752435570032104,5.809682716069303,24,0.09195402298850575,0,0.8436018957345972,True,0,0,0.29344263672828674
M8_scale,procedural,ours_dnq_dlc,27,8,/tmp/ours_ens/M8_scale_n8_seed27,7,True,6,1661,1842,5,176,182,181,7.000000463903007,-6.999999149586529,50,3.038894717930016,2.4076747734974893,0.6312199444325266,5.127162544989005,3.294568795420477,1.8325937495685283,-0.8868940219229877,7.26302508904355,1.9643101692199707,1.2093556045175908,1.4298983216285706,3.6895245519263207,3.6895245519263207,63.511955858125646,24,0.10344827586206896,0,1.0,True,112,115,-0.16168220341205597
M8_scale,procedural,ours_dnq_dlc,27,8,/tmp/ours_ens/M8_scale_n8_seed27,7,True,6,2054,2186,2,130,133,132,7.000000463903007,-6.999999149586529,14,3.104701832102335,2.4865002893699817,0.6182015427323533,5.777929923069458,3.3214953512906593,2.4564345717787983,-0.8349950619206776,5.106233851752602,1.6644047498703003,1.065052555019694,1.1632964611053467,3.670208635033896,3.670208635033896,79.85599786668483,23,0.1564625850340136,0,1.0,True,76,80,0.22971291840076447
M8_scale,procedural,ours_dnq_dlc,28,8,/tmp/ours_ens/M8_scale_n8_seed28,7,True,0,1141,1476,192,143,336,335,6.999996473419969,-17.500001890193744,50,15.9371424294473,11.76718070490673,4.1699617245405705,15.314473735403544,11.885091098202302,3.4293826372012415,-0.11791039329557229,14.70327734733238,0.8464150428771973,0.7593360495354448,0.32179391384124756,4.660484225307301,4.660484225307301,21.226294964323767,120,0.31088082901554404,0,1.0,True,0,0,0.934432864189148
M8_scale,procedural,ours_dnq_dlc,28,8,/tmp/ours_ens/M8_scale_n8_seed28,7,True,1,1654,1655,1,0,2,1,24.500003294959697,-17.49999579361804,50,10.916409840353495,12.205005002283356,-1.2885951619298606,10.916433273082564,12.260746717068397,-1.3443134439858326,-0.055741714785041196,8.557649031727514,2.4674415588378906,2.464886426925659,0.005110263824462891,21.043660342097056,20.651154151442473,17.146204190492,0,0.0,0,1.0,True,2,1,-0.019793635234236717
M8_scale,procedural,ours_dnq_dlc,28,8,/tmp/ours_ens/M8_scale_n8_seed28,7,True,2,589,639,29,21,51,50,6.9999915769326435,-17.499999264851795,50,17.061024571252144,6.352067686380741,10.708956884871403,21.61705417628709,6.046956173108326,15.570098003178765,0.3051115132724149,20.142052489872775,0.7128773331642151,0.5477548025402368,0.41806134581565857,23.043020447481066,23.043020447481066,18.052106247905616,0,0.0,0,0.9215686274509803,True,0,0,0.8430551290512085
M8_scale,procedural,ours_dnq_dlc,28,8,/tmp/ours_ens/M8_scale_n8_seed28,7,True,3,589,639,29,21,51,50,6.9999915769326435,-17.499999264851795,50,17.061024571252144,6.6014023255811844,10.45962224567096,21.61705417628709,6.678853610496056,14.938200565791036,-0.07745128491487119,20.142052489872775,0.7128773331642151,0.5477548025402368,0.41806134581565857,22.57398781446956,22.57398781446956,18.052106247905616,0,0.0,0,0.9411764705882353,True,0,0,0.8430551290512085
M8_scale,procedural,ours_dnq_dlc,28,8,/tmp/ours_ens/M8_scale_n8_seed28,7,True,4,207,286,42,37,80,79,7.000001084964424,-17.50000669054714,50,14.311486355010985,9.51453342102965,4.796952933981334,19.404308809969887,9.144862123840609,10.259446686129278,0.3696712971890417,12.94173692506593,0.8045992255210876,0.6255134545266628,0.424380362033844,5.5572227650135275,5.5572227650135275,4.062998939844469,38,0.2923076923076923,0,1.0,True,0,0,0.8230190277099609
M8_scale,procedural,ours_dnq_dlc,28,8,/tmp/ours_ens/M8_scale_n8_seed28,7,True,5,217,429,48,164,213,212,6.999998699773869,-17.49999984588601,50,15.055968137036439,9.949720667973017,5.1062474690634225,14.951239922306106,12.291456709592318,2.659783212713789,-2.341736041619301,13.720237277359884,0.8556017875671387,0.7126266326702816,0.475382924079895,3.0561481222640694,3.0561481222640694,5.5572227650135275,95,0.3612167300380228,0,1.0,True,0,0,0.8230190277099609
M8_scale,procedural,ours_dnq_dlc,29,8,/tmp/ours_ens/M8_scale_n8_seed29,7,True,0,818,1505,210,477,688,687,6.999999660050207,-17.500002467378067,50,14.884907453543912,11.291335430040439,3.593572023503473,11.95224038311017,11.005275875345811,0.946964507764358,0.28605955469462785,11.082092863043254,0.8618000745773315,0.30347185218226175,0.8589412814471871,2.3980228710578118,2.3980228710578118,2.8019137870967996,48,0.06504065040650407,0,0.9636627906976745,True,0,0,0.7756463885307312
M8_scale,procedural,ours_dnq_dlc,29,8,/tmp/ours_ens/M8_scale_n8_seed29,7,True,0,1908,2044,81,55,137,136,6.999999681733925,-17.50000294169365,50,14.443673132123921,6.365128847513295,8.078544284610626,14.146712992679483,6.671813471833908,7.474899520845574,-0.3066846243206127,15.734148952970095,0.897758424282074,0.7919828717725991,0.23505890369415283,7.682980481563586,7.602201228347084,11.587788452082474,48,0.25668449197860965,0,1.0,True,0,0,0.9569323658943176
M8_scale,procedural,ours_dnq_dlc,29,8,/tmp/ours_ens/M8_scale_n8_seed29,7,True,2,655,724,34,35,70,69,7.000002110162768,-17.500004862757123,50,22.28964484369542,6.398644479784496,15.891000363910925,20.028166617740688,6.32241827536403,13.705748342376658,0.07622620442046557,18.917365467626613,0.6371721029281616,0.5047697067260742,0.2680249810218811,19.490621052833248,19.490621052833248,3.609975369665404,0,0.0,0,0.7714285714285715,True,0,0,0.909906268119812
M8_scale,procedural,ours_dnq_dlc,29,8,/tmp/ours_ens/M8_scale_n8_seed29,7,True,3,655,724,34,35,70,69,7.000002110162768,-17.500004862757123,50,22.28964484369542,6.926499135080461,15.363145708614958,20.028166617740688,6.599187730119964,13.428978887620723,0.32731140496049704,18.917365467626613,0.6371721029281616,0.5047697067260742,0.2680249810218811,15.818086287608203,15.818086287608203,3.609975369665404,0,0.0,0,0.8142857142857143,True,0,0,0.909906268119812
M8_scale,procedural,ours_dnq_dlc,29,8,/tmp/ours_ens/M8_scale_n8_seed29,7,True,4,484,663,92,87,180,179,6.999998831789981,-17.499998278989324,50,15.643277727245517,9.243994528203503,6.399283199042014,14.935629252829717,9.72638169957277,5.209247553256947,-0.48238717136926645,21.66266164497039,0.9039151072502136,0.7287968862387869,0.47900888323783875,11.133255008934885,11.133255008934885,4.839894367578765,49,0.21304347826086956,0,0.7222222222222222,True,0,0,0.9178507924079895
M8_scale,procedural,ours_dnq_dlc,29,8,/tmp/ours_ens/M8_scale_n8_seed29,7,True,5,484,663,85,94,180,179,6.999998831789981,-17.499998278989324,50,15.41364636513711,9.106050201619254,6.3075961635178555,15.195971860277858,10.663386971475736,4.532584888802122,-1.557336769856482,21.66266164497039,0.9039151072502136,0.7287968862387869,0.47900888323783875,12.725666278866838,12.725666278866838,4.839894367578765,49,0.21304347826086956,0,0.7,True,0,0,0.9178507924079895
M8_scale,procedural,ours_dnq_dlc,29,8,/tmp/ours_ens/M8_scale_n8_seed29,7,True,6,617,788,31,140,172,171,6.999998339848389,-7.000001701120709,50,16.997462070305,16.657317687508716,0.3401443827962858,20.015858256803316,15.435111004544686,4.5807472522586306,1.2222066829640301,23.432799550207324,0.8056028485298157,0.46012000297466943,0.8046143078245223,2.8259517807283734,2.8259517807283734,13.24611243173872,1,0.0045045045045045045,0,1.0,True,0,0,0.8661144375801086
M8_scale,procedural,ours_dnq_dlc,29,8,/tmp/ours_ens/M8_scale_n8_seed29,7,True,6,1891,2016,60,65,126,125,7.000003493525583,-17.50000279282085,50,17.64548652213535,6.521316903508332,11.124169618627018,13.686726320986972,6.530084187033066,7.156642133953906,-0.008767283524734104,12.140818850834133,0.897758424282074,0.7553339645503059,0.42704662680625916,11.849081465489018,11.587788452082474,9.438778568039764,48,0.2727272727272727,0,1.0,True,0,0,0.9552287459373474
M8_scale,procedural,ours_dnq_dlc,30,8,/tmp/ours_ens/M8_scale_n8_seed30,7,True,0,810,1170,242,118,361,360,7.000000128923148,-17.500004948970286,50,14.027022541432224,11.171636264502062,2.8553862769301617,14.463183796948114,10.685384260964494,3.77779953598362,0.4862520035375688,13.203056119994699,0.8554925918579102,0.7888399397237149,0.1400725245475769,7.963411441149922,7.963411441149922,4.070437183871212,146,0.35523114355231145,0,1.0,True,0,0,0.9578083157539368
M8_scale,procedural,ours_dnq_dlc,30,8,/tmp/ours_ens/M8_scale_n8_seed30,7,True,1,1466,1776,307,3,311,310,31.49999714089529,-17.50000034128402,50,14.592941957561868,12.510915411109108,2.0820265464527594,15.888682626968398,12.67766707189074,3.2110155550776582,-0.16675166078163173,11.121166040343805,2.6242315769195557,0.9964526746050721,2.0435718297958374,8.23888917543594,8.23888917543594,16.68428966726609,73,0.20221606648199447,0,1.0,True,71,0,0.2873627841472626
M8_scale,procedural,ours_dnq_dlc,30,8,/tmp/ours_ens/M8_scale_n8_seed30,7,True,2,622,717,41,54,96,95,6.999988582895639,-17.50000288393767,50,20.733447487236838,6.49040362444221,14.243043862794629,13.364160239591628,6.287203251257953,7.076956988333675,0.20320037318425666,17.75013883516045,0.8345942497253418,0.7299945460011562,0.2776271104812622,14.525782288414385,14.525782288414385,5.334393048381227,24,0.1643835616438356,0,0.7604166666666666,True,0,0,0.9262729287147522
M8_scale,procedural,ours_dnq_dlc,30,8,/tmp/ours_ens/M8_scale_n8_seed30,7,True,3,622,717,41,54,96,95,6.999988582895639,-17.50000288393767,50,20.733447487236838,7.244670730587667,13.48877675664917,13.364160239591628,6.796202192633598,6.56795804695803,0.44846853795406894,17.75013883516045,0.8345942497253418,0.7299945460011562,0.2776271104812622,11.15745978489382,11.15745978489382,5.334393048381227,24,0.1643835616438356,0,0.8125,True,0,0,0.9262729287147522
M8_scale,procedural,ours_dnq_dlc,30,8,/tmp/ours_ens/M8_scale_n8_seed30,7,True,4,261,428,115,52,168,167,7.000003661077471,-17.50000179958556,50,14.73416836575497,8.244222963415481,6.4899454023394885,13.442364156804778,7.694826673445639,5.74753748335914,0.5493962899698426,15.677355230457174,0.9388477206230164,0.8247657538879485,0.3126876950263977,14.567026252511946,14.567026252511946,6.550556674686501,48,0.22018348623853212,0,0.9702380952380952,True,0,0,0.9283593893051147
M8_scale,procedural,ours_dnq_dlc,30,8,/tmp/ours_ens/M8_scale_n8_seed30,7,True,5,250,413,116,47,164,163,6.999998605149017,-17.499999945229206,50,15.106090487413212,8.149685869180187,6.956404618233025,14.943102153610447,7.2962284323566635,7.646873721253783,0.8534574368235237,13.764037064532822,0.9388477206230164,0.8024750188356493,0.3761160373687744,15.294736527234361,15.294736527234361,7.6702108875140755,48,0.22429906542056074,0,0.9512195121951219,True,0,0,0.9283593893051147
M8_scale,procedural,ours_dnq_dlc,30,8,/tmp/ours_ens/M8_scale_n8_seed30,7,True,6,972,1108,4,132,137,136,7.000001671143764,-7.000001671143764,50,14.14406738103654,12.925930271280134,1.218137109756407,14.36367268457881,11.374602867809346,2.989069816769465,1.551327403470788,13.301522657802357,0.8452589511871338,0.7749580549497674,0.12983888387680054,4.070437183871212,4.070437183871212,7.963411441149922,49,0.2620320855614973,0,1.0,True,0,0,0.9920686483383179
M8_scale,procedural,ours_dnq_dlc,31,8,/tmp/ours_ens/M8_scale_n8_seed31,7,True,0,852,1088,201,35,237,236,6.9999968853414885,-17.500011152515526,50,13.926143688541227,10.546008342684036,3.380135345857191,16.840278028630046,6.839425886672562,10.000852141957484,3.706582456011474,17.610706743697506,0.9901525974273682,0.49105412525739833,0.9893515551229939,5.920061926920173,5.920061926920173,4.084633920426563,35,0.12195121951219512,0,0.8227848101265823,False,0,0,0.8768247961997986
M8_scale,procedural,ours_dnq_dlc,31,8,/tmp/ours_ens/M8_scale_n8_seed31,7,True,1,1127,1378,145,106,252,251,6.999999864893425,-17.500000989437467,50,16.798609015617135,11.655124309739303,5.143484705877832,16.043529757919902,11.799802418235704,4.243727339684199,-0.14467810849640017,12.150053514810109,0.8453174233436584,0.7381029365554689,0.2600666284561157,4.807532658097852,4.807532658097852,4.670329884424053,72,0.23841059602649006,0,1.0,True,0,0,0.982136607170105
M8_scale,procedural,ours_dnq_dlc,31,8,/tmp/ours_ens/M8_scale_n8_seed31,7,True,2,1213,1484,120,151,272,271,17.500001118411546,-17.50000591247249,50,17.359166264901603,11.76084641340248,5.598319851499124,13.186964964948695,11.795052439410881,1.3919125255378137,-0.034206026008401835,11.14266946384333,2.8913605213165283,1.1146264422465773,2.3061097264289856,4.670329884424053,4.670329884424053,4.807532658097852,48,0.14906832298136646,0,1.0,True,86,0,0.7301214933395386
M8_scale,procedural,ours_dnq_dlc,31,8,/tmp/ours_ens/M8_scale_n8_seed31,7,True,4,376,1079,427,276,704,703,7.000002090311909,-17.500002487429924,50,16.606019185847888,14.732969034790404,1.873050151057484,15.081623180387558,13.300386876594553,1.7812363037930048,1.432582158195851,18.13196476512731,1.0730478763580322,0.518365651730743,1.072246834053658,4.995877292744453,4.995877292744453,4.084633920426563,50,0.06631299734748011,0,0.9815340909090909,True,33,0,0.8768247961997986
M8_scale,procedural,ours_dnq_dlc,31,8,/tmp/ours_ens/M8_scale_n8_seed31,7,True,5,276,584,135,173,309,308,7.000002488876476,-17.50000772625242,50,16.172902488699616,11.034181947427651,5.138720541271965,15.524017352394438,12.611499095056109,2.912518257338329,-1.5773171476284578,21.692596198622958,1.0730478763580322,0.7779245937912209,0.48789286613464355,6.603865402060743,6.603865402060743,3.9905671521772583,30,0.08356545961002786,0,0.9061488673139159,True,33,0,0.9294456839561462
M8_scale,procedural,ours_dnq_dlc,32,8,/tmp/ours_ens/M8_scale_n8_seed32,7,True,2,602,707,82,23,106,105,6.999994998634065,-17.50000789518458,50,15.943046210265374,7.619003196320236,8.324043013945138,16.631542578610503,7.1818455318948375,9.449697046715666,0.4371576644253983,14.773710607948836,0.6817811727523804,0.5690669619812155,0.19251811504364014,6.780798727832911,6.780798727832911,5.030223947964629,0,0.0,0,0.8962264150943396,True,0,0,0.9607441425323486
M8_scale,procedural,ours_dnq_dlc,32,8,/tmp/ours_ens/M8_scale_n8_seed32,7,True,3,587,973,200,186,387,386,6.999995549494997,-17.50000268947656,50,15.685489150378432,11.722478712806778,3.963010437571654,16.655398758967248,13.489267801589804,3.166130957377444,-1.7667890887830264,11.261357110890293,0.8288573622703552,0.5566667194360294,0.4866652488708496,3.80375744457808,2.8032590976450957,5.338914249144537,25,0.057208237986270026,0,1.0,True,0,0,0.9217357635498047
M8_scale,procedural,ours_dnq_dlc,32,8,/tmp/ours_ens/M8_scale_n8_seed32,7,True,4,221,355,96,38,135,134,7.000000167744929,-17.50000883873554,50,14.820016204877357,8.309439581093395,6.510576623783962,14.945201715124785,7.388368003524227,7.556833711600558,0.921071577569168,18.394186743187355,0.9297307729721069,0.7863230193102801,0.3848767876625061,12.754700415397036,12.754700415397036,9.577248184305182,24,0.12972972972972974,0,0.8518518518518519,True,0,0,0.9221047759056091
M8_scale,procedural,ours_dnq_dlc,32,8,/tmp/ours_ens/M8_scale_n8_seed32,7,True,5,213,355,85,57,143,142,7.000000167744929,-17.50000883873554,50,16.141921600039144,8.413630762021217,7.7282908380179265,13.835046765559733,7.11355225395509,6.721494511604643,1.300078508066127,18.394186743187355,0.9297307729721069,0.7756902892272789,0.3848767876625061,12.117409798770074,12.117409798770074,9.577248184305182,24,0.12435233160621761,0,0.8461538461538461,True,0,0,0.9221047759056091
M10_scale,procedural,ours_dnq_dlc,21,10,/tmp/ours_ens/M10_scale_n10_seed21,9,True,4,1024,1321,129,168,298,297,6.999995590801518,-17.499996498185737,50,19.45623475286728,14.457317861387603,4.998916891479679,17.62669406805622,14.809328104501962,2.817365963554259,-0.3520102431143588,14.02260015301633,0.7499912977218628,0.656415759717058,0.33222752809524536,2.6343429121089503,2.6343429121089503,5.647809469770357,24,0.06896551724137931,0,0.9765100671140939,True,0,0,0.9455910921096802
M10_scale,procedural,ours_dnq_dlc,21,10,/tmp/ours_ens/M10_scale_n10_seed21,9,True,4,1557,2005,316,132,449,448,10.49999819679806,-14.000000460267074,50,13.509708008086767,13.99044956696697,-0.48074155888020265,12.675291215297941,14.703290602252908,-2.027999386954967,-0.7128410352859387,11.180880476296897,2.7748522758483887,1.2168353218543768,2.04756236076355,6.3683933446545655,6.3683933446545655,7.051555223835837,74,0.14829659318637275,0,0.8552338530066815,True,217,0,0.695807695388794
M10_scale,procedural,ours_dnq_dlc,21,10,/tmp/ours_ens/M10_scale_n10_seed21,9,True,5,1017,1249,101,131,233,232,7.000006225755897,-17.500006749567092,50,19.952683181821346,13.58644104812343,6.3662421336979165,18.1451569813605,14.464310886962972,3.6808460943975287,-0.8778698388395423,16.825972287674794,0.7462425827980042,0.6312029842655035,0.3284788131713867,5.647809469770357,5.647809469770357,2.6343429121089503,0,0.0,0,0.9828326180257511,True,0,0,0.973278284072876
M10_scale,procedural,ours_dnq_dlc,21,10,/tmp/ours_ens/M10_scale_n10_seed21,9,True,5,1574,2005,114,317,432,431,13.999999995397502,-10.500000269955763,50,12.833067268349756,14.27511603951859,-1.4420487711688335,13.495486893687461,14.34607254728023,-0.850585653592768,-0.07095650776163964,11.180880476296897,2.7748522758483887,1.1962976222512898,2.04756236076355,7.051555223835837,7.051555223835837,6.3683933446545655,74,0.15352697095435686,0,0.8240740740740741,True,200,0,0.695807695388794
M10_scale,procedural,ours_dnq_dlc,21,10,/tmp/ours_ens/M10_scale_n10_seed21,9,True,6,1963,2005,42,0,43,42,7.000000989902219,-17.500000802496743,50,11.420532012627712,7.731204244798298,3.689327767829414,11.399695086356997,7.766126659342238,3.63356842701476,-0.03492241454393952,11.180880476296897,2.7748522758483887,2.295867822891058,0.992133378982544,20.090773944900562,20.090773944900562,14.550890520037267,0,0.0,0,1.0,True,43,0,0.695807695388794
M10_scale,procedural,ours_dnq_dlc,21,10,/tmp/ours_ens/M10_scale_n10_seed21,9,True,7,772,909,86,51,138,137,7.00000004685262,-17.500000134602715,50,18.625076460407957,11.84888445416124,6.776192006246717,21.999327292174662,11.981251095304744,10.018076196869918,-0.13236664114350383,20.288914505823442,0.7484136819839478,0.65396564691395,0.5146061331033707,3.5286874103295585,3.5286874103295585,27.4548697144728,0,0.0,0,1.0,True,0,0,0.89218670129776
M10_scale,procedural,ours_dnq_dlc,21,10,/tmp/ours_ens/M10_scale_n10_seed21,9,True,8,1,414,138,275,414,413,6.9999956687250915,-14.00000264123753,50,10.086566915926062,9.654198344242737,0.432368571683325,12.567778639493085,12.140484265752225,0.4272943737408603,-2.486285921509488,20.58325896887929,2.1148135662078857,1.0637354221608903,1.6545607447624207,5.317836793155687,5.317836793155687,47.41560579309573,48,0.10344827586206896,0,1.0,True,177,0,0.7707151770591736
M10_scale,procedural,ours_dnq_dlc,22,10,/tmp/ours_ens/M10_scale_n10_seed22,9,True,2,1081,1499,199,219,419,418,7.000000275154889,-17.50000494089545,50,14.479901148963645,11.258175060562486,3.2217260884011587,14.086824226330755,11.975620385104747,2.1112038412260077,-0.7174453245422612,17.496231825137357,0.8695804476737976,0.6584485147619589,0.6423268914222717,2.7423871173927417,2.7423871173927417,5.166097157769906,48,0.1023454157782516,0,1.0,True,0,0,0.8600490689277649
M10_scale,procedural,ours_dnq_dlc,22,10,/tmp/ours_ens/M10_scale_n10_seed22,9,True,3,1691,2118,84,343,428,427,6.999997475086047,-17.500003952628504,50,21.16096861676072,14.146804817933301,7.014163798827418,15.032252299456747,12.780425001949999,2.2518272975067486,1.3663798159833025,13.338846351185794,0.966007649898529,0.6506926649223979,0.8405129611492157,3.1986048828926337,3.1986048828926337,5.125830925908041,97,0.20292887029288703,0,0.9369158878504673,True,0,0,0.8452948331832886
M10_scale,procedural,ours_dnq_dlc,22,10,/tmp/ours_ens/M10_scale_n10_seed22,9,True,4,1081,1650,313,256,570,569,7.000000223924417,-17.50000494089545,50,14.653899333247837,13.017153946285067,1.6367453869627706,16.30131236521966,14.41318605643771,1.888126308781949,-1.3960321101526425,19.89050394308391,0.8695804476737976,0.6610248233142652,0.6423268914222717,3.885366813771545,3.885366813771545,2.7423871173927417,48,0.07741935483870968,0,0.9210526315789473,True,0,0,0.8600490689277649
M10_scale,procedural,ours_dnq_dlc,22,10,/tmp/ours_ens/M10_scale_n10_seed22,9,True,5,1855,2114,223,36,260,259,7.0000032563064,-17.500001530997906,50,14.811406837035555,11.332305700093126,3.479101136942429,12.509883827121392,8.192735522643535,4.317148304477858,3.139570177449592,13.800391338334794,0.966007649898529,0.7810209343066582,0.5883931815624237,8.98544961587793,8.98544961587793,3.1986048828926337,97,0.31290322580645163,0,0.9346153846153846,True,0,0,0.9140620231628418
M10_scale,procedural,ours_dnq_dlc,22,10,/tmp/ours_ens/M10_scale_n10_seed22,9,True,7,312,598,71,215,287,286,6.999997500778591,-17.499998269117327,50,21.470857343501606,11.775857284846195,9.695000058655411,13.778790768604823,10.442865123882866,3.335925644721957,1.3329921609633288,11.546364560447318,0.8454536199569702,0.3827093582302117,0.8452453020872781,2.385335434017665,2.385335434017665,29.689001809335053,24,0.0712166172106825,0,1.0,True,0,0,0.7731359004974365
M10_scale,procedural,ours_dnq_dlc,23,10,/tmp/ours_ens/M10_scale_n10_seed23,9,True,0,1822,1867,26,19,46,45,7.000000703655928,-17.499996325795678,50,20.934356783367516,7.234166861299072,13.700189922068443,22.36489606431078,6.850847801588617,15.514048262722163,0.38331905971045543,21.17765586715841,0.6308992505073547,0.47135534493819525,0.39586809277534485,22.33067879242059,22.33067879242059,3.1071782706434736,0,0.0,0,0.43478260869565216,False,0,0,0.8564412593841553
M10_scale,procedural,ours_dnq_dlc,23,10,/tmp/ours_ens/M10_scale_n10_seed23,9,True,2,439,608,71,98,170,169,7.000000496386974,-17.500002189157158,50,16.897489651347218,8.545359763377908,8.35212988796931,15.464091315046415,10.20052729192539,5.263564023121026,-1.6551675285474818,16.046860894670015,0.8523622155189514,0.5584850909024038,0.8474982869811356,3.3400441487831687,3.3400441487831687,5.132785457383077,48,0.21818181818181817,0,0.7647058823529411,True,0,0,0.8515589237213135
M10_scale,procedural,ours_dnq_dlc,23,10,/tmp/ours_ens/M10_scale_n10_seed23,9,True,3,1822,1867,26,19,46,45,7.000000703654905,-17.4999963257967,50,20.934356783367516,7.318620444008838,13.615736339358678,22.36489606431078,6.933989429037229,15.430906635273551,0.38463101497160856,21.17765586715841,0.6308992505073547,0.47135534493819525,0.39586809277534485,17.334111851339312,17.334111851339312,3.1071782706434736,0,0.0,0,0.6304347826086957,False,0,0,0.8564412593841553
M10_scale,procedural,ours_dnq_dlc,23,10,/tmp/ours_ens/M10_scale_n10_seed23,9,True,4,1812,1867,36,19,56,55,7.000000703654905,-17.500001265364972,50,19.848580529003623,7.544187936019695,12.304392592983929,22.36489606431078,7.106619162225585,15.258276902085196,0.4375687737941094,21.17765586715841,0.6308992505073547,0.4825747438839504,0.39586809277534485,12.349374747552147,12.349374747552147,3.1071782706434736,0,0.0,0,0.8928571428571429,True,0,0,0.8564412593841553
M10_scale,procedural,ours_dnq_dlc,23,10,/tmp/ours_ens/M10_scale_n10_seed23,9,True,5,1004,1854,815,35,851,850,6.999996298274937,-17.500006341697144,50,14.910527362494788,14.256498509451497,0.6540288530432914,18.909099818206975,12.999517014543116,5.909582803663859,1.2569814949083806,22.277340610259177,2.094618558883667,0.9622978857695426,1.6959880590438843,4.229870883547766,4.229870883547766,3.1071782706434736,96,0.10654827968923418,0,0.9929494712103408,True,224,0,0.8419109582901001
M10_scale,procedural,ours_dnq_dlc,23,10,/tmp/ours_ens/M10_scale_n10_seed23,9,True,6,724,730,6,0,7,6,6.999996041072336,-17.500000839941094,50,11.50079674596846,14.768521278320454,-3.267724532351995,11.505886797733819,14.845035810932071,-3.339149013198252,-0.07651453261161656,11.306251658670618,2.962515354156494,2.9082470621381487,0.12293696403503418,21.96143412843601,15.456171297947819,17.65833767691949,0,0.0,0,1.0,True,7,0,0.6823291778564453
M10_scale,procedural,ours_dnq_dlc,23,10,/tmp/ours_ens/M10_scale_n10_seed23,9,True,6,828,1842,509,505,1015,1014,7.000000062372919,-17.500000820104106,50,14.722352518143179,14.74015019579235,-0.017797677649170396,14.651031918497102,14.33150207691275,0.3195298415843517,0.40864811887959895,22.463087575986698,2.094618558883667,0.9749846646644799,1.68340864777565,3.1071782706434736,3.1071782706434736,4.278361820865783,121,0.1136150234741784,0,0.9862068965517241,True,295,0,0.8419109582901001
M10_scale,procedural,ours_dnq_dlc,23,10,/tmp/ours_ens/M10_scale_n10_seed23,9,True,7,189,316,60,67,128,127,6.999995356232375,-17.49999233006554,50,22.157917918706758,11.746554467900014,10.411363450806745,17.42454601748976,10.50315934435377,6.92138667313599,1.243395123546243,22.72219939580893,0.6431329846382141,0.4516724370259908,0.6325846742838621,2.8685238103275514,2.8685238103275514,22.415900513428966,0,0.0,0,0.921875,True,0,0,0.8916701674461365
M10_scale,procedural,ours_dnq_dlc,24,10,/tmp/ours_ens/M10_scale_n10_seed24,9,True,0,1666,1948,276,6,283,282,38.50000586845863,-17.500004860649597,50,13.873415992832877,11.70430292290509,2.1691130699277874,12.574468142621564,11.285071704737978,1.2893964378835854,0.41923121816711095,10.546290242458836,2.19870924949646,0.936138227424015,1.4718354940414429,7.989352039379769,7.989352039379769,8.8140087694042,97,0.2912912912912913,0,0.9187279151943463,True,50,0,0.030155330896377563
M10_scale,procedural,ours_dnq_dlc,24,10,/tmp/ours_ens/M10_scale_n10_seed24,9,True,1,1946,1948,2,0,3,2,31.500000235549805,-17.500005317874866,50,11.506650600135798,11.338979934410856,0.16767066572494116,11.505064626660532,11.40278062071824,0.10228400594229292,-0.063800686307383,10.546290242458836,2.19870924949646,2.183205525080363,0.02911520004272461,22.727886883254094,22.727886883254094,14.39601964353896,0,0.0,0,1.0,True,3,0,0.030155330896377563
M10_scale,procedural,ours_dnq_dlc,24,10,/tmp/ours_ens/M10_scale_n10_seed24,9,True,2,1007,1069,41,21,63,62,6.9999957131285555,-17.50000423282131,50,21.512957646038274,10.746832912826244,10.76612473321203,21.246969628391124,11.714545047217003,9.532424581174121,-0.9677121343907586,18.427847331614537,0.5656774044036865,0.3379360941480771,0.5648804065422155,10.377019988962791,10.377019988962791,9.623698305358355,0,0.0,0,0.3492063492063492,False,0,0,0.9428772330284119
M10_scale,procedural,ours_dnq_dlc,24,10,/tmp/ours_ens/M10_scale_n10_seed24,9,True,3,1049,1372,97,226,324,323,6.999991755567635,-17.499986397373505,50,19.129546925635267,13.602382670569783,5.527164255065484,16.33149912758685,14.116159109766683,2.215340017820166,-0.5137764391968993,17.235892794550523,0.8614038825035095,0.6928270759037983,0.4846875071525574,4.031673702649976,4.031673702649976,3.869006221503047,70,0.18716577540106952,0,0.7654320987654321,False,0,0,0.932250440120697
M10_scale,procedural,ours_dnq_dlc,24,10,/tmp/ours_ens/M10_scale_n10_seed24,9,True,4,1023,1173,43,107,151,150,6.999999321782298,-17.499993501634663,50,21.402293300683052,13.716403872508144,7.685889428174908,18.78477455014552,14.134504722595821,4.6502698275497,-0.4181008500876775,18.66213868893782,0.7014990448951721,0.5820759176615847,0.4589756727218628,7.111809073038483,7.08062652225981,3.8929361468892427,13,0.06467661691542288,0,0.423841059602649,True,0,0,0.9461413621902466
M10_scale,procedural,ours_dnq_dlc,24,10,/tmp/ours_ens/M10_scale_n10_seed24,9,True,5,1030,1189,61,98,160,159,6.999999321782298,-17.49999766524138,50,20.453439793599607,13.115840208600092,7.337599584999515,19.307523255880284,13.970867336378818,5.336655919501466,-0.855027127778726,15.152373612881922,0.7014990448951721,0.5771183468401432,0.37591683864593506,3.869006221503047,3.869006221503047,4.031673702649976,24,0.11428571428571428,0,0.58125,True,0,0,0.9461413621902466
M10_scale,procedural,ours_dnq_dlc,24,10,/tmp/ours_ens/M10_scale_n10_seed24,9,True,6,611,936,237,88,326,325,7.00000802192335,-17.500012499648165,50,16.970175241247826,16.82582817936503,0.14434706188279733,22.000308257315,16.852609808938144,5.1476984483768575,-0.02678162957311514,22.80080445176374,1.6322627067565918,0.7955127678400168,1.0859296917915344,3.882762690144203,3.882762690144203,37.211097785272045,0,0.0,0,0.8957055214723927,True,74,0,0.9464982748031616
M10_scale,procedural,ours_dnq_dlc,24,10,/tmp/ours_ens/M10_scale_n10_seed24,9,True,7,139,294,116,39,156,155,7.000001960220743,-17.500001185129577,50,14.399048511179723,7.578041528233993,6.82100698294573,18.176453135009595,7.622649894776302,10.553803240233293,-0.04460836654230871,21.75288665530077,0.8908342719078064,0.7367537193573438,0.37394702434539795,12.316873746304795,12.316873746304795,11.309786675671775,25,0.12135922330097088,0,1.0,True,0,0,0.75946444272995
M10_scale,procedural,ours_dnq_dlc,25,10,/tmp/ours_ens/M10_scale_n10_seed25,9,True,2,510,579,34,35,70,69,6.9999995703109334,-17.50000345495812,50,18.426475102580504,6.1444753885469545,12.28199971403355,17.481372265024618,6.040637350831928,11.440734914192689,0.10383803771502631,13.716898692522076,0.8374999165534973,0.7321237725870949,0.17796623706817627,33.07343050983062,31.904013623149783,12.429392554108183,27,0.225,0,0.0,False,0,0,0.9913302063941956
M10_scale,procedural,ours_dnq_dlc,25,10,/tmp/ours_ens/M10_scale_n10_seed25,9,True,3,501,579,43,35,79,78,6.9999995703109334,-17.500001990752594,50,18.57644821058585,5.594605717572452,12.981842493013396,17.481372265024618,5.345105236640302,12.136267028384315,0.2495004809321495,13.716898692522076,0.8374999165534973,0.7224792740013026,0.1942884922027588,37.79518559555939,34.535693134792695,12.429392554108183,27,0.20930232558139536,0,0.0,False,0,0,0.9913302063941956
M10_scale,procedural,ours_dnq_dlc,25,10,/tmp/ours_ens/M10_scale_n10_seed25,9,True,4,544,744,162,38,201,200,7.000000044947683,-17.500001556426355,50,13.685910913084157,11.41222357476839,2.273687338315767,11.739884440819646,7.42363988787761,4.3162445529420355,3.98858368689078,11.506898843158062,2.0319650173187256,0.9864711162462756,1.3040068745613098,17.245681756164718,17.245681756164718,12.327927422308079,49,0.1952191235059761,0,1.0,True,49,0,0.7623001933097839
M10_scale,procedural,ours_dnq_dlc,25,10,/tmp/ours_ens/M10_scale_n10_seed25,9,True,5,510,764,190,64,255,254,7.000000044947683,-17.50000345495812,50,14.590374932776466,11.355399105049377,3.234975827727089,11.638262163213078,5.84312596764242,5.795136195570658,5.512273137406957,11.464857722291153,2.448439836502075,1.047067185710458,1.7889061570167542,14.322125366112493,14.322125366112493,12.327927422308079,49,0.16065573770491803,0,1.0,True,69,0,0.7623001933097839
M10_scale,procedural,ours_dnq_dlc,25,10,/tmp/ours_ens/M10_scale_n10_seed25,9,True,7,233,380,66,81,148,147,7.00000136245842,-17.500008764160043,50,22.010838690690967,11.792469710814451,10.218368979876516,15.376456868854666,9.53657212535143,5.8398847435032355,2.255897585463021,23.210671349768567,0.6593071818351746,0.41807931350430827,0.6541142757050693,2.7749182996776955,2.7749182996776955,21.670452075312305,0,0.0,0,0.8513513513513513,True,0,0,0.7619842290878296
M10_scale,procedural,ours_dnq_dlc,26,10,/tmp/ours_ens/M10_scale_n10_seed26,9,True,0,1774,1949,102,73,176,175,24.500004322560244,-17.500000735979256,50,11.380161232208929,9.741531374776857,1.638629857432072,11.259124815748834,7.647190311563296,3.6119345041855375,2.0943410632135606,11.308781538618264,2.9797260761260986,2.260220827704126,1.1023637056350708,23.41053389616136,23.41053389616136,14.710793844266457,0,0.0,0,0.5,True,176,0,0.8501260876655579
M10_scale,procedural,ours_dnq_dlc,26,10,/tmp/ours_ens/M10_scale_n10_seed26,9,True,3,964,1541,240,337,578,577,6.999998470278115,-10.50000908793072,50,13.183832829887384,13.003956243669908,0.1798765862174765,15.01604838234412,13.611373884046516,1.404674498297604,-0.6074176403766085,18.91055279033453,2.8425536155700684,1.0653172470500312,2.1379199624061584,4.576236583852956,4.576236583852956,10.731329371000415,99,0.15764331210191082,0,0.9065743944636678,True,162,0,0.8803649544715881
M10_scale,procedural,ours_dnq_dlc,26,10,/tmp/ours_ens/M10_scale_n10_seed26,9,True,4,1737,1935,113,85,199,198,7.000000012538976,-17.500000647241677,50,11.379870497671575,11.076605349567805,0.3032651481037707,11.370061655665005,8.48564483285903,2.8844168228059743,2.5909605167087744,11.20169063863625,2.760100841522217,2.2556239869726364,0.882738471031189,18.943707349848726,18.943707349848726,14.710793844266457,0,0.0,0,0.6130653266331658,True,199,0,0.8594510555267334
M10_scale,procedural,ours_dnq_dlc,26,10,/tmp/ours_ens/M10_scale_n10_seed26,9,True,6,1699,1918,106,113,220,219,6.9999992698844835,-17.500002262836688,50,11.426117348361718,13.596337450017886,-2.1702201016561684,11.477186781917714,9.59087794035464,1.8863088415630749,4.005459509663247,11.025382586353247,2.4893672466278076,2.2352022859183225,0.6120048761367798,14.710793844266457,14.710793844266457,13.390485653335679,0,0.0,0,0.9363636363636364,True,220,0,0.8788060545921326
M10_scale,procedural,ours_dnq_dlc,26,10,/tmp/ours_ens/M10_scale_n10_seed26,9,True,7,554,960,291,115,407,406,24.50000153791234,-10.500006489129305,50,12.135022722206056,11.68348304805847,0.4515396741475861,12.642787850105012,11.923010364034479,0.7197774860705337,-0.23952731597600874,11.165401589050527,2.9052321910858154,1.3642740469306927,2.1995137333869934,6.4820263515567005,6.4820263515567005,25.8426182405713,49,0.10722100656455143,0,0.8452088452088452,True,232,0,0.46034160256385803
M10_scale,procedural,ours_dnq_dlc,26,10,/tmp/ours_ens/M10_scale_n10_seed26,9,True,8,1,101,17,83,101,100,6.999995926276256,-7.00000403953743,50,9.54117875012244,7.46931834150963,2.0718604086128094,12.442972496009356,7.3222046855909975,5.120767810418358,0.14711365591863235,11.726681825714694,1.4503607749938965,0.512729964044987,1.4487122296122834,2.740512996883582,2.740512996883582,50.37083512138222,24,0.15894039735099338,0,1.0,True,21,0,0.4310617446899414
M10_scale,procedural,ours_dnq_dlc,27,10,/tmp/ours_ens/M10_scale_n10_seed27,9,True,7,1247,1807,391,169,561,560,7.000001269166887,-17.500000752325832,50,13.381486801087357,11.39920723212151,1.982279568965847,15.109894595066676,11.686180284005228,3.423714311061447,-0.28697305188371836,22.7650774059521,0.8070802688598633,0.3519755585696847,0.7962147956714034,3.141768326369459,3.141768326369459,60.33486707821004,19,0.031096563011456628,0,1.0,True,0,0,0.7768130302429199
M10_scale,procedural,ours_dnq_dlc,28,10,/tmp/ours_ens/M10_scale_n10_seed28,9,True,4,1840,1961,61,60,122,121,6.999997899475829,-17.499999082770273,50,20.151171555163668,11.432602298221775,8.718569256941892,15.395443940812022,9.055779151688936,6.339664789123086,2.376823146532839,19.367009654665864,0.7076447010040283,0.5150942937318297,0.7028682129457593,9.639418367334969,9.639418367334969,5.437050455614441,0,0.0,0,0.8032786885245902,True,0,0,0.7293583750724792
M10_scale,procedural,ours_dnq_dlc,28,10,/tmp/ours_ens/M10_scale_n10_seed28,9,True,5,936,1738,175,627,803,802,6.999999307185135,-10.50000596671589,50,13.88851112852186,13.90043835988329,-0.011927231361431367,16.133441825874655,15.130351737192775,1.0030900886818799,-1.2299133773094848,19.015402350011556,1.4538569450378418,0.7528452963822267,1.4411008218303323,3.018584478066844,3.018584478066844,22.480801188194388,152,0.17819460726846426,0,0.9551681195516812,True,57,0,0.8051384091377258
M10_scale,procedural,ours_dnq_dlc,28,10,/tmp/ours_ens/M10_scale_n10_seed28,9,True,6,1825,1961,76,60,137,136,6.999997899475829,-17.499997369615812,50,20.595396333701604,12.115164065779988,8.480232267921616,15.395443940812022,10.122220196295801,5.273223744516221,1.9929438694841863,19.367009654665864,0.7076447010040283,0.4897090662610683,0.7028682129457593,5.437050455614441,5.437050455614441,9.639418367334969,0,0.0,0,0.8540145985401459,False,0,0,0.7293583750724792
M10_scale,procedural,ours_dnq_dlc,28,10,/tmp/ours_ens/M10_scale_n10_seed28,9,True,7,268,415,147,0,148,147,24.500000995956157,-17.50001172539214,50,12.933959719677425,11.371033910053825,1.5629258096236,12.91771958096422,11.365178134689451,1.5525414462747698,0.005855775364373983,11.380931742890034,2.6312811374664307,1.286443400221902,1.9508066177368164,15.467019954195164,15.467019954195164,20.710259784309976,24,0.12121212121212122,0,0.5337837837837838,True,73,0,0.4662834107875824
M10_scale,procedural,ours_dnq_dlc,29,10,/tmp/ours_ens/M10_scale_n10_seed29,9,True,0,1127,1340,120,93,214,213,7.000000257081865,-17.500002467369768,50,15.502751016630919,10.261003664545466,5.2417473520854525,15.816007477001747,10.619478224313221,5.196529252688526,-0.358474559767755,17.685194786317883,0.8439207077026367,0.7654628263455685,0.1533663272857666,9.64880967620814,9.645899545748447,6.798311565266449,50,0.1893939393939394,0,1.0,True,0,0,0.9861583709716797
M10_scale,procedural,ours_dnq_dlc,29,10,/tmp/ours_ens/M10_scale_n10_seed29,9,True,1,1538,1684,119,27,147,146,6.999994326129354,-17.50000092360358,50,17.073492611278095,12.131660647107553,4.941831964170541,18.708465872217108,10.592227502551891,8.116238369665217,1.5394331445556624,20.82746672855013,0.755898654460907,0.6825740213702325,0.48185017704963684,4.377091582904181,4.377091582904181,18.28755342326156,0,0.0,0,1.0,True,0,0,0.7885738611221313
M10_scale,procedural,ours_dnq_dlc,29,10,/tmp/ours_ens/M10_scale_n10_seed29,9,True,2,753,807,33,21,55,54,7.000002110162768,-17.500004862757123,50,19.43093470151416,6.2374619635500945,13.193472737964067,20.533665578473002,6.182313283020934,14.351352295452067,0.05514868052916011,22.97439166214155,0.6677303314208984,0.5260124325752258,0.544235110282898,37.35423417235038,37.35423417235038,25.5049015695139,0,0.0,0,0.09090909090909091,False,0,0,0.7807692885398865
M10_scale,procedural,ours_dnq_dlc,29,10,/tmp/ours_ens/M10_scale_n10_seed29,9,True,3,753,807,33,21,55,54,7.000002110162768,-17.500004862757123,50,19.43093470151416,6.590967286618629,12.839967414895533,20.533665578473002,6.538538719468639,13.995126859004362,0.05242856714999,22.97439166214155,0.6677303314208984,0.5260124325752258,0.544235110282898,33.93471537356625,33.93471537356625,25.5049015695139,0,0.0,0,0.4909090909090909,False,0,0,0.7807692885398865
M10_scale,procedural,ours_dnq_dlc,29,10,/tmp/ours_ens/M10_scale_n10_seed29,9,True,4,770,845,39,36,76,75,6.999998339851572,-17.500005271799182,50,19.841523840280168,9.53994592311811,10.301577917162058,23.220784690393756,11.062982543260908,12.157802147132848,-1.5230366201427987,20.030496057815004,0.6677303314208984,0.36994540176697466,0.6362001933157444,24.23565257480293,24.23565257480293,25.180132869417864,0,0.0,0,0.6710526315789473,True,0,0,0.7807692885398865
M10_scale,procedural,ours_dnq_dlc,29,10,/tmp/ours_ens/M10_scale_n10_seed29,9,True,5,761,838,38,39,78,77,6.999998339851572,-17.500006003684575,50,19.227841654453613,9.804324404264332,9.423517250189281,22.735577077908214,11.11930701718247,11.616270060725745,-1.3149826129181381,20.717351659363967,0.6677303314208984,0.388289044252955,0.6362001933157444,26.198906496219585,26.198906496219585,24.23565257480293,0,0.0,0,0.4358974358974359,True,0,0,0.7807692885398865
M10_scale,procedural,ours_dnq_dlc,29,10,/tmp/ours_ens/M10_scale_n10_seed29,9,True,6,1067,1279,161,51,213,212,6.999997579924639,-17.500009465081803,50,14.914721768650006,11.082391918107136,3.8323298505428696,18.14432411208727,9.34261708070015,8.801707031387119,1.739774837406987,13.840859046746134,0.855189859867096,0.7712564571922373,0.14622771739959717,6.798311565266449,6.798311565266449,10.481853492092633,73,0.27756653992395436,0,1.0,True,0,0,0.992040753364563
M10_scale,procedural,ours_dnq_dlc,29,10,/tmp/ours_ens/M10_scale_n10_seed29,9,True,7,380,569,67,122,190,189,7.000002060060069,-17.49999949489859,50,21.402837293408314,11.487845652351709,9.914991641056606,16.86554452591015,10.943007815899948,5.922536710010201,0.5448378364517605,22.160079753345038,0.8483605980873108,0.6583386267486372,0.49679476022720337,2.672444084247271,2.672444084247271,31.052309914002308,24,0.1,0,1.0,True,0,0,0.9290499687194824
M10_scale,procedural,ours_dnq_dlc,30,10,/tmp/ours_ens/M10_scale_n10_seed30,9,True,0,1067,1816,294,455,750,749,6.999998774665073,-17.499997970870254,50,13.671369283045054,10.981093192188245,2.690276090856809,11.842825667958392,9.745117186418216,2.0977084815401756,1.2359760057700289,11.248000624474617,4.437455177307129,1.032124176122481,4.436630933370907,2.7542775601506904,2.7542775601506904,3.6434921833702836,49,0.06125,0,1.0,True,181,1,0.2398342788219452
M10_scale,procedural,ours_dnq_dlc,30,10,/tmp/ours_ens/M10_scale_n10_seed30,9,True,2,736,852,52,64,117,116,6.999988582895639,-17.50000288393767,50,16.706082475360216,6.249035686544207,10.457046788816008,11.662482862740136,6.212052070753005,5.450430791987131,0.03698361579120224,17.381587863745164,0.9477063417434692,0.8476792359963442,0.25121009349823,28.45715678700682,28.45715678700682,20.485234784646153,25,0.1497005988023952,0,0.4700854700854701,True,0,0,0.9239009618759155
M10_scale,procedural,ours_dnq_dlc,30,10,/tmp/ours_ens/M10_scale_n10_seed30,9,True,3,736,852,52,64,117,116,6.999988582895639,-17.50000288393767,50,16.706082475360216,6.576146732943802,10.129935742416414,11.662482862740136,6.597740200213135,5.064742662527001,-0.021593467269332756,17.381587863745164,0.9477063417434692,0.8476792359963442,0.25121009349823,25.7972202626628,25.7972202626628,20.485234784646153,25,0.1497005988023952,0,0.5384615384615384,False,0,0,0.9239009618759155
M10_scale,procedural,ours_dnq_dlc,30,10,/tmp/ours_ens/M10_scale_n10_seed30,9,True,4,736,852,52,64,117,116,6.999988582895639,-17.50000288393767,50,16.706082475360216,7.492929970662715,9.2131525046975,11.662482862740136,7.405969029588083,4.256513833152053,0.08696094107463193,17.381587863745164,0.9477063417434692,0.8476792359963442,0.25121009349823,20.634629500969957,20.634629500969957,20.485234784646153,25,0.1497005988023952,0,0.811965811965812,True,0,0,0.9239009618759155
M10_scale,procedural,ours_dnq_dlc,30,10,/tmp/ours_ens/M10_scale_n10_seed30,9,True,5,726,852,62,64,127,126,6.999988582895639,-17.50000288393767,50,16.96559937739904,7.788052688169953,9.177546689229088,11.662482862740136,7.121611211464329,4.540871651275807,0.6664414767056241,17.381587863745164,0.9477063417434692,0.8403701988730844,0.25121009349823,20.485234784646153,20.485234784646153,20.634629500969957,25,0.14124293785310735,0,0.5196850393700787,False,0,0,0.9239009618759155
M10_scale,procedural,ours_dnq_dlc,30,10,/tmp/ours_ens/M10_scale_n10_seed30,9,True,6,1052,1217,58,107,166,165,6.999996235276285,-17.499997970871163,50,21.97564788411461,10.52613810238533,11.449509781729281,10.009327395730681,10.466769708785161,-0.45744231305448046,0.059368393600168545,13.142431720604193,0.9054137468338013,0.48990182192569753,0.6628264039754868,3.6434921833702836,3.6434921833702836,6.9937134753733385,25,0.11574074074074074,0,1.0,True,0,1,0.8466846346855164
M10_scale,procedural,ours_dnq_dlc,30,10,/tmp/ours_ens/M10_scale_n10_seed30,9,True,7,175,303,69,59,129,128,7.000005522017204,-17.500007277031045,50,21.276048600615326,11.69652683784925,9.579521762766076,19.968403104690598,11.701731658919458,8.26667144577114,-0.005204821070208254,18.516675827124867,0.6867983341217041,0.5833822962387588,0.23553869128227234,2.9436985049029305,2.9436985049029305,26.775365797964803,24,0.1340782122905028,0,0.8837209302325582,True,0,0,0.9648721814155579
M10_scale,procedural,ours_dnq_dlc,31,10,/tmp/ours_ens/M10_scale_n10_seed31,9,True,0,1398,1603,139,66,206,205,7.0000003103696145,-17.49999417966933,50,16.545013389620586,11.771804862159705,4.773208527460881,13.211207124558724,11.397103959678432,1.8141031648802919,0.37470090248127264,11.77056437782248,1.579403042793274,0.8415031901841025,0.8702879548072815,7.992642422930609,7.992642422930609,3.001788203395204,60,0.234375,0,0.8252427184466019,True,27,0,0.7159106135368347
M10_scale,procedural,ours_dnq_dlc,31,10,/tmp/ours_ens/M10_scale_n10_seed31,9,True,1,1593,2034,174,267,442,441,7.000003669090802,-17.500001118409727,50,11.796450277897936,11.70201477634705,0.09443550155088509,12.271585742121779,11.66552473742018,0.6060610047015995,0.03649003892687119,12.773162532472506,1.9043262004852295,1.3169539023308732,1.1840800046920776,6.087615320301328,6.087615320301328,5.290657937187027,24,0.04878048780487805,0,1.0,True,376,0,0.7885072231292725
M10_scale,procedural,ours_dnq_dlc,31,10,/tmp/ours_ens/M10_scale_n10_seed31,9,True,2,1598,2115,264,253,518,517,7.000003184282377,-17.50000195931807,50,11.825121020810665,11.6421176356128,0.18300338519786408,13.532802988348427,11.79139777541687,1.7414052129315571,-0.14928013980406973,13.86615364977287,1.9043262004852295,1.2236309710846904,1.4482395350933075,3.76727833705259,3.76727833705259,6.087615320301328,51,0.0897887323943662,0,1.0,True,371,0,0.9243537783622742
M10_scale,procedural,ours_dnq_dlc,31,10,/tmp/ours_ens/M10_scale_n10_seed31,9,True,4,1314,1598,182,102,285,284,7.000001908978675,-17.50000591247249,50,15.375518213454658,11.742940964001527,3.6325772494531314,15.081288467829426,11.54845732480699,3.5328311430224364,0.19448363919453726,11.731017289786873,1.5477142333984375,0.8051356380445915,0.8385991454124451,5.012056919470025,5.012056919470025,3.001788203395204,109,0.3253731343283582,0,0.7929824561403509,True,22,0,0.7159106135368347
M10_scale,procedural,ours_dnq_dlc,31,10,/tmp/ours_ens/M10_scale_n10_seed31,9,True,5,812,1507,340,355,696,695,6.999999864891834,-10.500002195109118,50,13.516601843016124,13.312953903585298,0.2036479394308266,14.851822110653547,13.324549510137377,1.52727260051617,-0.011595606552079474,17.21028490246121,2.2836153507232666,0.854138357714675,1.8836486041545868,3.001788203395204,3.001788203395204,3.3491280418159994,118,0.1581769436997319,0,0.9109195402298851,True,125,0,0.9059826731681824
M10_scale,procedural,ours_dnq_dlc,31,10,/tmp/ours_ens/M10_scale_n10_seed31,9,True,6,908,1421,31,482,514,513,6.999999864891834,-7.000010619530713,50,13.327211030954047,13.145980167830684,0.18123086312336234,14.356553929620095,13.29312146891697,1.0634324607031242,-0.1471413010862861,15.479124832668102,1.2075618505477905,0.7124344693779482,0.8075951039791107,3.3491280418159994,3.3491280418159994,3.1344007541372134,113,0.20035460992907803,0,0.5758754863813229,True,29,0,0.9550062417984009
M10_scale,procedural,ours_dnq_dlc,31,10,/tmp/ours_ens/M10_scale_n10_seed31,9,True,7,239,392,58,95,154,153,7.000002819266456,-17.49999668038481,50,22.903832893187268,10.647253615337654,12.256579277849614,16.32626813818668,11.097644776080656,5.228623362106024,-0.45039116074300267,23.408710266580744,0.8997099995613098,0.5246168097493227,0.8901367532089353,2.5057363000120576,2.5057363000120576,25.7004596269053,24,0.11764705882352941,0,0.9285714285714286,True,0,0,0.9209128022193909
M10_scale,procedural,ours_dnq_dlc,31,10,/tmp/ours_ens/M10_scale_n10_seed31,9,True,8,7,105,34,64,99,98,7.000002709876981,-7.000005758423299,50,5.883298280520438,9.455914031370643,-3.572615750850205,14.159704469738816,10.065328450715862,4.094376019022954,-0.6094144193452191,22.98036403680735,0.47694501280784607,0.4148034995252436,0.3176524490118027,5.06208951687615,5.06208951687615,49.12124950871091,0,0.0,0,1.0,True,0,0,0.9314892888069153
M10_scale,procedural,ours_dnq_dlc,32,10,/tmp/ours_ens/M10_scale_n10_seed32,9,True,2,763,1087,48,276,325,324,6.9999965048705235,-17.50000257884676,50,19.773944109065614,6.90967168848464,12.864272420580974,5.864148226127862,5.47226398008765,0.3918842460402123,1.4374077083969903,11.081461388875855,3.350917100906372,1.374452646970749,2.943471848964691,4.019166598337808,4.019166598337808,3.684010060154843,24,0.064,0,1.0,True,220,115,-0.8619413375854492
M10_scale,procedural,ours_dnq_dlc,32,10,/tmp/ours_ens/M10_scale_n10_seed32,9,True,6,710,1003,95,198,294,293,7.000007690986877,-17.500009187201158,50,20.076129725269748,10.62928515911892,9.446844566150828,5.215662084835145,7.366561303599543,-2.1508992187643976,3.2627238555193774,6.393661490727085,1.657956838607788,0.9876607278374587,1.2505115866661072,3.684010060154843,3.684010060154843,4.019166598337808,24,0.06976744186046512,0,0.9693877551020408,True,136,94,-0.8619413375854492
M10_scale,procedural,ours_dnq_dlc,32,10,/tmp/ours_ens/M10_scale_n10_seed32,9,True,6,1607,2150,9,534,544,543,6.99999554949909,-7.000009711528037,50,2.9566460524020233,2.4433059938444393,0.513340058557584,4.828842780398698,3.818472464479675,1.0103703159190234,-1.3751664706352358,8.129599893407928,3.831977128982544,2.4994245522162495,2.849643290042877,3.6966202804838053,3.6954972438080773,29.376811366500544,0,0.0,0,1.0,True,534,408,-0.9998833537101746
M10_scale,procedural,ours_dnq_dlc,32,10,/tmp/ours_ens/M10_scale_n10_seed32,9,True,7,187,314,71,56,128,127,6.999991211037013,-17.50000961904186,50,21.40970868503798,11.713938536898242,9.695770148139738,20.40505186788824,11.504307887992724,8.900743979895516,0.2096306489055184,13.414490952732342,0.8088749051094055,0.5817365904804319,0.3754761815071106,2.8718003334214113,2.8718003334214113,25.239336919157815,24,0.1348314606741573,0,0.7890625,True,0,0,0.9546293020248413
