experiment_id,track_id,algorithm,seed,num_agents,case_dir,status,target_agent,episode_steps,warmup_steps,race_speed_mean,race_speed_p10,race_speed_p50,race_speed_p90,race_lat_mean,race_lat_p90,target_speed_mean,target_speed_p10,target_speed_p50,target_speed_p90,target_speed_std,target_lat_mean,target_lat_p90,target_lat_max,target_grass_fraction,target_backward_fraction,episode_min_pair_gap,target_contact_steps,guard_fraction_episode,neighbor_steps,neighbor_admitted_mean,neighbor_churn_rate,neighbor_distinct_total,neighbor_residence_mean,best_lead_any,worst_lead_any,lead_margin_to_pass_gate
M4_sparse,procedural,rule_expert_gate,21,4,rule_M4_sparse_n4_seed21,ok,3,2200,300,18.707569660423967,6.289145256819909,22.35506829202201,26.283673122946944,1.6467082174349037,5.9849140644073495,18.921043473133857,6.421275327049039,22.408851711629744,26.763933880293603,7.545003376098165,1.4616954496398102,5.793557167053224,6.859933376312256,0.2909090909090909,0.05909090909090909,2.5464938674062605,586,0.0,0,nan,nan,nan,nan,370.9999985851782,-98.00000792491505,366.9999985851782
M4_sparse,procedural,dlc_individual_transition,21,4,dlcA_M4_sparse_n4_seed21,ok,3,2200,300,12.255223174001916,7.467963803636252,11.228390898422159,18.943321442424203,2.412408639255323,3.4733843088150027,14.03322967973115,7.558514381873818,12.194348790469359,23.882652366312474,6.228270875275173,2.3619162833487444,3.4775211811065674,3.597928524017334,0.9740909090909091,0.48863636363636365,4.084087598115365,0,0.0,0,nan,nan,nan,nan,14.000000403942977,-500.4999964947385,10.000000403942977
M4_sparse,procedural,dlc_joint_transition,21,4,dlcA_M4_sparse_n4_seed21,ok,3,2200,300,15.004662890960715,9.401060901790842,13.683842334939087,23.069276823274706,2.3799530861252234,3.5154190063476562,16.764632929630135,9.494853293912925,14.777549020948111,29.228305206504277,6.734129728580869,2.1683057109943844,3.5049327850341796,3.6385486125946045,0.8868181818181818,0.43727272727272726,3.1649210059889077,0,0.0,0,nan,nan,nan,nan,80.49999395756845,-336.0000035237698,76.49999395756845
M4_sparse,procedural,dlc_joint_transition_observer,21,4,dlcA_M4_sparse_n4_seed21,ok,3,2200,300,14.883851224763392,8.831617653034801,13.126304396539778,24.226034256285004,2.641737179442456,3.740216588973999,16.44591568946495,8.909671974475247,14.351936487235463,26.47556137207722,6.959353619761529,2.363494457900524,3.7228167533874514,3.874778985977173,0.8772727272727273,0.42772727272727273,2.860941282260232,4,0.0,0,nan,nan,nan,nan,73.49999107913095,-367.49999359476226,69.49999107913095
M4_sparse,procedural,dlc_individual_transition,21,4,dlcB_M4_sparse_n4_seed21,ok,3,2200,300,21.74851375683688,16.409129920188338,20.58973904156781,28.07714037542784,1.317657305507455,3.0676189422607423,22.254818209143448,16.4805712494653,21.788394832336486,28.41486401888404,4.561699850981982,1.2380735778701704,2.9460103511810316,3.4705066680908203,0.42954545454545456,0.16227272727272726,4.286571133591091,0,0.0,0,nan,nan,nan,nan,342.99999844785316,-62.9999965084329,338.99999844785316
M4_sparse,procedural,dlc_joint_transition,21,4,dlcB_M4_sparse_n4_seed21,ok,3,2200,300,17.306685961019003,10.63792674338906,15.598270084346744,27.66859134206799,12.174850062367163,14.891247653961182,18.43702365458579,10.734163909152054,16.883706952129188,27.68133112989099,6.436496138127178,10.588548416437751,14.857374000549317,15.220465660095215,0.765,0.6722727272727272,2.9568941747812394,4,0.0,0,nan,nan,nan,nan,570.4999964218578,-7749.000007120114,566.4999964218578
M4_sparse,procedural,dlc_joint_transition_observer,21,4,dlcB_M4_sparse_n4_seed21,ok,3,2200,300,5.300743626486687,4.75317184621259,5.40999064704911,5.412853909908177,8.028764013789079,13.797215652465821,7.307169298774201,4.784045801363967,5.410497403325711,14.50973545065996,5.617044974021127,6.9802692805974615,13.67561616897583,14.403970718383789,0.775,0.10636363636363637,3.935539582379745,110,0.0,0,nan,nan,nan,nan,42.000004148708285,-647.4999971087886,38.000004148708285
M4_sparse,procedural,dlc_individual_transition,21,4,dlcC_M4_sparse_n4_seed21,ok,3,2200,300,21.74851375683688,16.409129920188338,20.58973904156781,28.07714037542784,1.317657305507455,3.0676189422607423,22.254818209143448,16.4805712494653,21.788394832336486,28.41486401888404,4.561699850981982,1.2380735778701704,2.9460103511810316,3.4705066680908203,0.42954545454545456,0.16227272727272726,4.286571133591091,0,0.0,0,nan,nan,nan,nan,342.99999844785316,-62.9999965084329,338.99999844785316
M4_sparse,procedural,dlc_joint_transition,21,4,dlcC_M4_sparse_n4_seed21,ok,3,2200,300,17.306685961019003,10.63792674338906,15.598270084346744,27.66859134206799,12.174850062367163,14.891247653961182,18.43702365458579,10.734163909152054,16.883706952129188,27.68133112989099,6.436496138127178,10.588548416437751,14.857374000549317,15.220465660095215,0.765,0.6722727272727272,2.9568941747812394,4,0.0,0,nan,nan,nan,nan,570.4999964218578,-7749.000007120114,566.4999964218578
M4_sparse,procedural,dlc_joint_transition_observer,21,4,dlcC_M4_sparse_n4_seed21,ok,3,2200,300,14.883851224763392,8.831617653034801,13.126304396539778,24.226034256285004,2.641737179442456,3.740216588973999,16.44591568946495,8.909671974475247,14.351936487235463,26.47556137207722,6.959353619761529,2.363494457900524,3.7228167533874514,3.874778985977173,0.8772727272727273,0.42772727272727273,2.860941282260232,4,0.0,0,nan,nan,nan,nan,73.49999107913095,-367.49999359476226,69.49999107913095
M4_sparse,procedural,dlc_individual_transition,21,4,dlcD_M4_sparse_n4_seed21,ok,3,2200,300,12.255223174001916,7.467963803636252,11.228390898422159,18.943321442424203,2.412408639255323,3.4733843088150027,14.03322967973115,7.558514381873818,12.194348790469359,23.882652366312474,6.228270875275173,2.3619162833487444,3.4775211811065674,3.597928524017334,0.9740909090909091,0.48863636363636365,4.084087598115365,0,0.0,0,nan,nan,nan,nan,14.000000403942977,-500.4999964947385,10.000000403942977
M4_sparse,procedural,dlc_joint_transition,21,4,dlcD_M4_sparse_n4_seed21,ok,3,2200,300,15.004662890960715,9.401060901790842,13.683842334939087,23.069276823274706,2.3799530861252234,3.5154190063476562,16.764632929630135,9.494853293912925,14.777549020948111,29.228305206504277,6.734129728580869,2.1683057109943844,3.5049327850341796,3.6385486125946045,0.8868181818181818,0.43727272727272726,3.1649210059889077,0,0.0,0,nan,nan,nan,nan,80.49999395756845,-336.0000035237698,76.49999395756845
M4_sparse,procedural,dlc_joint_transition_observer,21,4,dlcD_M4_sparse_n4_seed21,ok,3,2200,300,5.300743626486687,4.75317184621259,5.40999064704911,5.412853909908177,8.028764013789079,13.797215652465821,7.307169298774201,4.784045801363967,5.410497403325711,14.50973545065996,5.617044974021127,6.9802692805974615,13.67561616897583,14.403970718383789,0.775,0.10636363636363637,3.935539582379745,110,0.0,0,nan,nan,nan,nan,42.000004148708285,-647.4999971087886,38.000004148708285
M4_sparse,procedural,ours_dnq_dlc_seed13,21,4,ours_M4_sparse_n4_seed21,ok,3,2200,300,19.751882802433016,12.66093256956912,20.775827803265777,23.34794771793221,0.566027433179613,0.8224176466464999,18.91903876870486,11.633967146548292,19.879471538569327,23.316622753224856,4.473441079840923,0.5511629552656615,0.8125986218452457,1.0056768655776978,0.0,0.0,3.543126780141002,94,0.06909090909090909,2200,0.855,0.001364256480218281,3.0,550.0,318.5000011179113,-70.00000363240281,314.5000011179113
M4_sparse,procedural,ours_dnq_dlc_seed21,21,4,ours_M4_sparse_n4_seed21,ok,3,2200,300,12.235635118470876,6.5360807807968815,11.976769884544348,17.79693462678251,0.5768077330087851,0.9425626754760746,12.069252318662,6.992822417730832,11.860507901575481,17.618562522127377,3.981654961339582,0.5147128462045856,0.9252322793006897,1.291456699371338,0.05954545454545455,0.04090909090909091,2.378038453480687,820,0.10909090909090909,2200,3.0,0.0,3.0,2200.0,38.500006413407846,-66.49999698688885,34.500006413407846
M4_sparse,procedural,ours_dnq_dlc_seed47,21,4,ours_M4_sparse_n4_seed21,ok,3,2200,300,20.17934455570068,16.827186760298382,20.919670181514373,23.063854698813024,0.5692574745091291,0.7113003432750702,20.045819640599486,16.52308315161065,20.750634985279653,23.15856010268418,3.219875374324493,0.5564562209642264,0.7095853567123414,1.0956053733825684,0.0,0.0,4.960584474031842,0,0.02590909090909091,2200,0.8031818181818182,0.001364256480218281,3.0,550.0,377.99999827839747,-63.00000449141976,373.99999827839747
M4_sparse,procedural,ours_dnq_dlc_seed71,21,4,ours_M4_sparse_n4_seed21,ok,3,2200,300,19.366938084612322,12.171931697777447,20.18605771053945,22.92256797007732,0.603952727617794,0.8274342358112337,19.03231022194075,12.01296412315293,19.642497128907884,22.894751209159953,3.7313815452420003,0.6075331925279037,0.8326697349548341,0.9366359710693359,0.0,0.0,4.395274950146594,0,0.06818181818181818,2200,1.1131818181818183,0.001364256480218281,3.0,550.0,325.50000250114635,-62.9999965084329,321.50000250114635
M4_sparse,procedural,ours_dnq_dlc_seed99,21,4,ours_M4_sparse_n4_seed21,ok,3,2200,300,19.98142039568826,16.231005713477693,20.808793836334992,23.23931565437865,0.5762572546354128,0.7540658414363863,19.59688018370292,12.589677843567685,20.341364077134923,23.200161219902387,3.560876797102981,0.587178236487565,0.807446575164795,1.0454210042953491,0.02,0.0,5.384180457936303,0,0.034545454545454546,2200,1.0354545454545454,0.001364256480218281,3.0,550.0,346.5000044291164,-62.9999965084329,342.5000044291164
M4_sparse,procedural,rule_expert_gate,22,4,rule_M4_sparse_n4_seed22,ok,3,2200,300,10.853533745439668,5.475454799500526,8.321954423505517,21.55574999368139,2.3041128370751576,6.058641147613527,11.576737516483206,5.532981389657618,9.294064741227574,22.765864595008807,6.496180419150907,2.0592744695627534,5.854804754257202,6.847468376159668,0.505,0.15363636363636363,2.7457361847008905,1544,0.0,0,nan,nan,nan,nan,101.50000164539756,-174.99999791049174,97.50000164539756
M4_sparse,procedural,dlc_individual_transition,22,4,dlcA_M4_sparse_n4_seed22,ok,3,2200,300,0.13629121719661116,0.09689696752278947,0.13281741587549767,0.18206992895813706,0.3994710246826473,0.4269323170185089,0.8291649876260837,0.09811110197356702,0.14129343407242317,0.20207491384271184,2.50811542709103,0.3901221768600358,0.4271167814731598,0.647063672542572,0.0,0.9359090909090909,3.8588500382558824,164,0.0,0,nan,nan,nan,nan,3.5000060384575136,-574.0000021476709,-0.49999396154248643
M4_sparse,procedural,dlc_joint_transition,22,4,dlcA_M4_sparse_n4_seed22,ok,3,2200,300,15.042749644323163,9.340877260873587,13.8769369218536,23.902239098784374,2.0580185195896163,3.3845539093017583,14.050827405317118,6.391558580963649,12.87321454500961,23.247868022266818,5.848306812700453,1.856042309879611,3.357757616043091,3.4964663982391357,0.8036363636363636,0.4577272727272727,4.739664167486223,184,0.0,0,nan,nan,nan,nan,3.4999974240689653,-507.50000218557454,-0.5000025759310347
M4_sparse,procedural,dlc_joint_transition_observer,22,4,dlcA_M4_sparse_n4_seed22,ok,3,2200,300,13.96366383888645,1.6152275167364245,16.641436691771936,29.157990663882337,1.7102927982616607,3.4668255090713513,12.88416616875141,1.635556170879523,8.471113606056038,29.13672652113395,11.555129876355748,1.5140302304246738,3.359922194480897,3.9123282432556152,0.6377272727272727,0.335,3.8869685615118175,164,0.0,0,nan,nan,nan,nan,6.9999991290018215,-423.50000650958634,2.9999991290018215
M4_sparse,procedural,dlc_individual_transition,22,4,dlcB_M4_sparse_n4_seed22,ok,3,2200,300,22.362186139263457,14.768984565663809,22.30211354804606,28.62927954364645,0.7007102071605378,1.138397765159607,22.766876414042333,15.200114221929459,23.848089057255518,28.77327178098248,5.001707419908527,0.7042906499513298,1.1148189663887025,2.049786329269409,0.17772727272727273,0.009545454545454546,3.6642605354412856,0,0.0,0,nan,nan,nan,nan,507.49999953043584,-62.999997151029675,503.49999953043584
M4_sparse,procedural,dlc_joint_transition,22,4,dlcB_M4_sparse_n4_seed22,ok,3,2200,300,2.861989686276543,1.2092644619007267,2.4750002231399773,4.969745414076981,8.368344677874916,10.15523567199707,3.5118222905209113,1.2487947880071122,2.9346770958008577,5.5352601605322045,2.306215200785122,7.325221007285132,10.14340000152588,10.216903686523438,0.905,0.4668181818181818,4.722623279099898,192,0.0,0,nan,nan,nan,nan,0.0,-699.9999973697752,-4.0
M4_sparse,procedural,dlc_joint_transition_observer,22,4,dlcB_M4_sparse_n4_seed22,ok,3,2200,300,8.359377814414977,5.995243343553948,6.23234781691103,12.08950992591257,2.608115841720711,8.253658962249757,9.971820386684922,5.997023830127187,7.252657517321575,14.344151780518489,5.390933080416206,2.28869781586415,8.008791542053224,11.053522109985352,0.4113636363636364,0.1340909090909091,3.3926347494632854,902,0.0,0,nan,nan,nan,nan,42.00000324297457,-276.4999994376441,38.00000324297457
M4_sparse,procedural,dlc_individual_transition,22,4,dlcC_M4_sparse_n4_seed22,ok,3,2200,300,22.362186139263457,14.768984565663809,22.30211354804606,28.62927954364645,0.7007102071605378,1.138397765159607,22.766876414042333,15.200114221929459,23.848089057255518,28.77327178098248,5.001707419908527,0.7042906499513298,1.1148189663887025,2.049786329269409,0.17772727272727273,0.009545454545454546,3.6642605354412856,0,0.0,0,nan,nan,nan,nan,507.49999953043584,-62.999997151029675,503.49999953043584
M4_sparse,procedural,dlc_joint_transition,22,4,dlcC_M4_sparse_n4_seed22,ok,3,2200,300,2.861989686276543,1.2092644619007267,2.4750002231399773,4.969745414076981,8.368344677874916,10.15523567199707,3.5118222905209113,1.2487947880071122,2.9346770958008577,5.5352601605322045,2.306215200785122,7.325221007285132,10.14340000152588,10.216903686523438,0.905,0.4668181818181818,4.722623279099898,192,0.0,0,nan,nan,nan,nan,0.0,-699.9999973697752,-4.0
M4_sparse,procedural,dlc_joint_transition_observer,22,4,dlcC_M4_sparse_n4_seed22,ok,3,2200,300,13.96366383888645,1.6152275167364245,16.641436691771936,29.157990663882337,1.7102927982616607,3.4668255090713513,12.88416616875141,1.635556170879523,8.471113606056038,29.13672652113395,11.555129876355748,1.5140302304246738,3.359922194480897,3.9123282432556152,0.6377272727272727,0.335,3.8869685615118175,164,0.0,0,nan,nan,nan,nan,6.9999991290018215,-423.50000650958634,2.9999991290018215
M4_sparse,procedural,dlc_individual_transition,22,4,dlcD_M4_sparse_n4_seed22,ok,3,2200,300,0.13629121719661116,0.09689696752278947,0.13281741587549767,0.18206992895813706,0.3994710246826473,0.4269323170185089,0.8291649876260837,0.09811110197356702,0.14129343407242317,0.20207491384271184,2.50811542709103,0.3901221768600358,0.4271167814731598,0.647063672542572,0.0,0.9359090909090909,3.8588500382558824,164,0.0,0,nan,nan,nan,nan,3.5000060384575136,-574.0000021476709,-0.49999396154248643
M4_sparse,procedural,dlc_joint_transition,22,4,dlcD_M4_sparse_n4_seed22,ok,3,2200,300,15.042749644323163,9.340877260873587,13.8769369218536,23.902239098784374,2.0580185195896163,3.3845539093017583,14.050827405317118,6.391558580963649,12.87321454500961,23.247868022266818,5.848306812700453,1.856042309879611,3.357757616043091,3.4964663982391357,0.8036363636363636,0.4577272727272727,4.739664167486223,184,0.0,0,nan,nan,nan,nan,3.4999974240689653,-507.50000218557454,-0.5000025759310347
M4_sparse,procedural,dlc_joint_transition_observer,22,4,dlcD_M4_sparse_n4_seed22,ok,3,2200,300,8.359377814414977,5.995243343553948,6.23234781691103,12.08950992591257,2.608115841720711,8.253658962249757,9.971820386684922,5.997023830127187,7.252657517321575,14.344151780518489,5.390933080416206,2.28869781586415,8.008791542053224,11.053522109985352,0.4113636363636364,0.1340909090909091,3.3926347494632854,902,0.0,0,nan,nan,nan,nan,42.00000324297457,-276.4999994376441,38.00000324297457
M4_sparse,procedural,ours_dnq_dlc_seed13,22,4,ours_M4_sparse_n4_seed22,ok,3,2200,300,18.262381953195526,11.413232392780715,19.00973413574454,23.198243684610404,0.6280484695199534,0.8528870582580567,17.46525367453861,10.827378493563558,18.525615441242515,23.112554999715634,4.809670324323419,0.6000231571811971,0.8466854989528656,0.9918197393417358,0.0,0.0,4.77920897217476,134,0.08863636363636364,2200,2.0295454545454548,0.002273760800363802,3.0,366.6666666666667,216.99999951639165,-66.5000000817289,212.99999951639165
M4_sparse,procedural,ours_dnq_dlc_seed21,22,4,ours_M4_sparse_n4_seed22,ok,3,2200,300,17.130439840991517,11.279445116723117,18.01844290578662,23.235965109834638,0.6776160658201154,0.9775778353214264,16.30954281425326,11.019542838406599,16.817095910639118,23.152218048697026,4.825520889892935,0.6053467593194959,0.9594331443309785,1.432970404624939,0.07272727272727272,0.0,3.786717431285126,230,0.11272727272727273,2200,2.209090909090909,0.004547521600727604,3.0,200.0,157.50000004698563,-66.50000064763117,153.50000004698563
M4_sparse,procedural,ours_dnq_dlc_seed47,22,4,ours_M4_sparse_n4_seed22,ok,3,2200,300,6.50079227625108,3.753012566857099,6.402246103299139,9.50272400747216,14.630385822807684,27.969392395019533,7.098799742678005,3.840065286146179,6.794675726965257,11.046442014014039,2.893838210415455,12.664865271930731,27.357963180541994,31.33527183532715,0.7790909090909091,0.13636363636363635,2.8036466842879753,2128,0.01090909090909091,2200,1.5040909090909091,0.0009095043201455207,3.0,733.3333333333334,7.000000816834017,-472.49999964535345,3.0000008168340173
M4_sparse,procedural,ours_dnq_dlc_seed71,22,4,ours_M4_sparse_n4_seed22,ok,3,2200,300,10.962197883880643,3.71889059992116,11.531066107317809,17.36664703699069,0.938756577718672,1.3882681846618654,11.593589121045518,4.020210565806915,11.634805294372573,18.3295078243314,5.050748042526755,0.9079893420239254,1.3508010983467105,3.263218641281128,0.2431818181818182,0.08636363636363636,2.745338126159674,647,0.12590909090909091,2200,3.0,0.0,3.0,2200.0,31.49999957048385,-66.5000003377678,27.49999957048385
M4_sparse,procedural,ours_dnq_dlc_seed99,22,4,ours_M4_sparse_n4_seed22,ok,3,2200,300,15.90320388448265,10.935183051241856,16.37868901779115,22.588157144572737,0.7300168226818603,0.9430293440818789,16.108836227278783,10.992821675971694,17.055111058338866,22.528759172777654,4.34219455138913,0.7194469987874088,0.934082043170929,1.078467607498169,0.042272727272727274,0.0,4.467527517373562,0,0.125,2200,2.213636363636364,0.001364256480218281,3.0,550.0,252.0000004967651,-62.999997151029675,248.0000004967651
M4_sparse,procedural,rule_expert_gate,23,4,rule_M4_sparse_n4_seed23,ok,3,2200,300,13.48805725500111,6.080044065353283,9.42438796947567,25.73549187308641,1.0168590716986097,2.4795709133148196,13.841529200208035,6.15983271903803,10.300534934033237,25.51092154434491,7.336898190356069,0.9369582167670226,2.390832042694092,3.054168462753296,0.3881818181818182,0.15954545454545455,3.51411844964826,1210,0.0,0,nan,nan,nan,nan,101.49999974423554,-185.4999980304367,97.49999974423554
M4_sparse,procedural,dlc_individual_transition,23,4,dlcA_M4_sparse_n4_seed23,ok,3,2200,300,12.248429287754663,7.46512535618294,11.222985402644436,18.930025774812805,2.41050510255914,3.472478246688843,14.021571185178889,7.555620453289273,12.188213331637325,23.905290936346304,6.2130344048297745,2.3525059475546533,3.4748548746109007,3.6094322204589844,0.9718181818181818,0.4818181818181818,3.43025614091135,0,0.0,0,nan,nan,nan,nan,13.999998150493411,-566.9999939391279,9.999998150493411
M4_sparse,procedural,dlc_joint_transition,23,4,dlcA_M4_sparse_n4_seed23,ok,3,2200,300,12.881908033766866,8.092877375608664,11.874828771840056,19.535665066909992,2.2983602564585834,3.378326416015625,14.508541306979808,8.180724055199876,12.832540692708882,24.340724809677585,5.8927641257608245,2.139405334359141,3.367977428436279,3.475935935974121,0.9213636363636364,0.45954545454545453,2.6849764090140344,12,0.0,0,nan,nan,nan,nan,45.49999685152602,-510.99999729121123,41.49999685152602
M4_sparse,procedural,dlc_joint_transition_observer,23,4,dlcA_M4_sparse_n4_seed23,ok,3,2200,300,15.136549138572917,9.881474655442364,13.44338410698592,23.263718658456238,4.097573815521441,7.56830930709839,16.373333631578397,9.972321875479418,14.485419778669417,26.96975574559332,5.940335624216518,3.611224355314943,7.427684926986695,8.086108207702637,0.8636363636363636,0.3427272727272727,3.051957997975636,13,0.0,0,nan,nan,nan,nan,73.50000453946313,-507.499996462989,69.50000453946313
M4_sparse,procedural,dlc_individual_transition,23,4,dlcB_M4_sparse_n4_seed23,ok,3,2200,300,22.834995948689212,12.838862185266635,24.919184719540198,30.244964386087755,0.7002934132826263,1.1597334027290347,23.18812287364772,13.196255982228807,25.483393579456685,30.252791863921136,6.448959960433714,0.7047491607879453,1.140440034866333,1.8981605768203735,0.2109090909090909,0.0,3.919295957250851,0,0.0,0,nan,nan,nan,nan,510.9999955675203,-62.99999775426795,506.9999955675203
M4_sparse,procedural,dlc_joint_transition,23,4,dlcB_M4_sparse_n4_seed23,ok,3,2200,300,18.37685629872946,11.244415178897334,13.928236867616803,27.91021877072517,2.131159172844814,9.778829097747805,17.351305285892316,10.669889413780114,13.095574629114797,27.453641439295474,6.9779454837398065,1.8628755983210108,9.581893253326419,11.004131317138672,0.1940909090909091,0.11681818181818182,2.7040097554309357,1079,0.0,0,nan,nan,nan,nan,339.50000309724055,-1274.0000012700389,335.50000309724055
M4_sparse,procedural,dlc_joint_transition_observer,23,4,dlcB_M4_sparse_n4_seed23,ok,3,2200,300,8.650057817249818,5.403390201450398,9.323148029546061,12.157534532400753,1.4473956065449334,5.109357786178591,10.21242788850098,5.405379568433758,11.109145572121491,14.274027189993586,5.42083718202416,1.2946744582819718,4.672720527648928,7.766101837158203,0.32681818181818184,0.026363636363636363,3.730444099629743,1062,0.0,0,nan,nan,nan,nan,42.00000108194058,-202.99999705254208,38.00000108194058
M4_sparse,procedural,dlc_individual_transition,23,4,dlcC_M4_sparse_n4_seed23,ok,3,2200,300,22.834995948689212,12.838862185266635,24.919184719540198,30.244964386087755,0.7002934132826263,1.1597334027290347,23.18812287364772,13.196255982228807,25.483393579456685,30.252791863921136,6.448959960433714,0.7047491607879453,1.140440034866333,1.8981605768203735,0.2109090909090909,0.0,3.919295957250851,0,0.0,0,nan,nan,nan,nan,510.9999955675203,-62.99999775426795,506.9999955675203
M4_sparse,procedural,dlc_joint_transition,23,4,dlcC_M4_sparse_n4_seed23,ok,3,2200,300,18.37685629872946,11.244415178897334,13.928236867616803,27.91021877072517,2.131159172844814,9.778829097747805,17.351305285892316,10.669889413780114,13.095574629114797,27.453641439295474,6.9779454837398065,1.8628755983210108,9.581893253326419,11.004131317138672,0.1940909090909091,0.11681818181818182,2.7040097554309357,1079,0.0,0,nan,nan,nan,nan,339.50000309724055,-1274.0000012700389,335.50000309724055
M4_sparse,procedural,dlc_joint_transition_observer,23,4,dlcC_M4_sparse_n4_seed23,ok,3,2200,300,15.136549138572917,9.881474655442364,13.44338410698592,23.263718658456238,4.097573815521441,7.56830930709839,16.373333631578397,9.972321875479418,14.485419778669417,26.96975574559332,5.940335624216518,3.611224355314943,7.427684926986695,8.086108207702637,0.8636363636363636,0.3427272727272727,3.051957997975636,13,0.0,0,nan,nan,nan,nan,73.50000453946313,-507.499996462989,69.50000453946313
M4_sparse,procedural,dlc_individual_transition,23,4,dlcD_M4_sparse_n4_seed23,ok,3,2200,300,12.248429287754663,7.46512535618294,11.222985402644436,18.930025774812805,2.41050510255914,3.472478246688843,14.021571185178889,7.555620453289273,12.188213331637325,23.905290936346304,6.2130344048297745,2.3525059475546533,3.4748548746109007,3.6094322204589844,0.9718181818181818,0.4818181818181818,3.43025614091135,0,0.0,0,nan,nan,nan,nan,13.999998150493411,-566.9999939391279,9.999998150493411
M4_sparse,procedural,dlc_joint_transition,23,4,dlcD_M4_sparse_n4_seed23,ok,3,2200,300,12.881908033766866,8.092877375608664,11.874828771840056,19.535665066909992,2.2983602564585834,3.378326416015625,14.508541306979808,8.180724055199876,12.832540692708882,24.340724809677585,5.8927641257608245,2.139405334359141,3.367977428436279,3.475935935974121,0.9213636363636364,0.45954545454545453,2.6849764090140344,12,0.0,0,nan,nan,nan,nan,45.49999685152602,-510.99999729121123,41.49999685152602
M4_sparse,procedural,dlc_joint_transition_observer,23,4,dlcD_M4_sparse_n4_seed23,ok,3,2200,300,8.650057817249818,5.403390201450398,9.323148029546061,12.157534532400753,1.4473956065449334,5.109357786178591,10.21242788850098,5.405379568433758,11.109145572121491,14.274027189993586,5.42083718202416,1.2946744582819718,4.672720527648928,7.766101837158203,0.32681818181818184,0.026363636363636363,3.730444099629743,1062,0.0,0,nan,nan,nan,nan,42.00000108194058,-202.99999705254208,38.00000108194058
M4_sparse,procedural,ours_dnq_dlc_seed13,23,4,ours_M4_sparse_n4_seed23,ok,3,2200,300,8.234839702000228,2.4381189207721454,3.001464341486016,19.47704350424528,2.3851033810167697,6.350070667266847,9.21873094109089,2.438118964413181,3.953479703159444,21.004439618645254,7.616882248518787,2.1075713810264873,6.114885330200196,7.870742321014404,0.4577272727272727,0.48818181818181816,2.8174183768098087,303,0.02590909090909091,2200,1.7486363636363635,0.002273760800363802,3.0,366.6666666666667,164.50000478921402,-286.9999951574712,160.50000478921402
M4_sparse,procedural,ours_dnq_dlc_seed21,23,4,ours_M4_sparse_n4_seed23,ok,3,2200,300,16.029112585977995,10.994667336384092,16.715301072077466,23.059914668532446,0.5289161933911543,0.9375420808792114,15.214327771283553,9.939588415529558,14.722372629614071,22.881579785221824,5.217037428724621,0.5004291785860716,0.9254248559474945,1.0021812915802002,0.008181818181818182,0.0,2.6948954325643726,471,0.09318181818181819,2200,2.6495454545454544,0.0009095043201455207,3.0,733.3333333333334,101.50000584008194,-73.49999883707358,97.50000584008194
M4_sparse,procedural,ours_dnq_dlc_seed47,23,4,ours_M4_sparse_n4_seed23,ok,3,2200,300,10.346479743959373,4.453193068010159,10.413071852386135,17.44926999101356,4.40139987354853,12.681646633148196,11.276611471868467,4.704180671578774,10.98027628769751,19.07645585290387,5.444116804474612,3.86900902091589,11.98913850784302,16.10563850402832,0.4254545454545455,0.07681818181818181,2.800433864996754,982,0.12363636363636364,2200,2.658181818181818,0.0009095043201455207,3.0,733.3333333333334,66.50000079004803,-83.99999967541726,62.500000790048034
M4_sparse,procedural,ours_dnq_dlc_seed71,23,4,ours_M4_sparse_n4_seed23,ok,3,2200,300,16.328061816372095,10.919790453509998,16.596265481957133,23.41430479276946,0.572655265147761,0.9712331235408783,16.037829847023456,10.923968293531487,15.590945798210242,23.365366883547434,5.206801788333546,0.6144764485928251,1.019257926940918,1.4979830980300903,0.1159090909090909,0.0,2.657301472237465,135,0.13636363636363635,2200,2.5081818181818183,0.002273760800363802,3.0,366.6666666666667,199.50000016766626,-62.99999775426795,195.50000016766626
M4_sparse,procedural,ours_dnq_dlc_seed99,23,4,ours_M4_sparse_n4_seed23,ok,3,2200,300,16.690978381231417,10.99643927177749,17.530526352176192,22.786357721579343,0.5514436142582838,0.8830265820026398,16.817337249181733,11.019186983024147,17.825181353476033,22.74963123921419,4.693575819392534,0.5682834636322646,0.8837345957756043,1.1585454940795898,0.045909090909090906,0.0,2.8070708810729132,280,0.05545454545454546,2200,2.373181818181818,0.0018190086402910413,3.0,440.0,259.00000148787217,-62.99999775426795,255.00000148787217
M4_sparse,procedural,rule_expert_gate,24,4,rule_M4_sparse_n4_seed24,ok,3,2200,300,12.178026052889182,8.245634415507334,12.39087653334989,14.926530017731348,1.563923364618401,2.5027273178100593,13.346975672036512,8.433256524174782,12.665105061832447,20.157629370032073,4.686833601331395,1.3902426138004045,2.4394843816757206,3.094343662261963,0.7190909090909091,0.26,2.5412459065968234,743,0.0,0,nan,nan,nan,nan,160.99999314151933,-238.00000439891085,156.99999314151933
M4_sparse,procedural,dlc_individual_transition,24,4,dlcA_M4_sparse_n4_seed24,ok,3,2200,300,11.660156079153293,7.816471830334231,10.99580269083625,16.73520023164003,2.1962072176054903,3.331042242050171,12.329851089016206,7.819768145359445,11.469976605371118,18.589903930906463,4.008514077130121,2.076552215110172,3.3199085712432863,3.3941872119903564,0.9309090909090909,0.44681818181818184,6.1125382608747065,0,0.0,0,nan,nan,nan,nan,3.5000039696193426,-524.9999980060646,-0.49999603038065743
M4_sparse,procedural,dlc_joint_transition,24,4,dlcA_M4_sparse_n4_seed24,ok,3,2200,300,10.693436881731667,7.383614656807579,10.187186395713837,14.940594564236214,2.277758534268329,3.3742149829864503,11.396144597981518,7.416268376475852,10.729056252108638,16.637383669858103,3.4240216429949806,2.1793739184737206,3.365670347213745,3.428532361984253,0.9486363636363636,0.5209090909090909,6.540674754904609,0,0.0,0,nan,nan,nan,nan,0.0,-545.9999939224065,-4.0
M4_sparse,procedural,dlc_joint_transition_observer,24,4,dlcA_M4_sparse_n4_seed24,ok,3,2200,300,10.418087708056323,6.699259574395633,9.91259590593188,15.096996696137396,2.3530728867806885,3.3370182991027835,11.334211570928444,6.7485263395559425,10.653561722213924,17.34101683130899,3.911240949356026,2.2953131573308596,3.341151738166809,3.4578874111175537,0.9636363636363636,0.5786363636363636,6.765349016918315,0,0.0,0,nan,nan,nan,nan,0.0,-552.999992693287,-4.0
M4_sparse,procedural,dlc_individual_transition,24,4,dlcB_M4_sparse_n4_seed24,ok,3,2200,300,17.403138031932507,10.170890500020072,16.493464160455975,26.150506785806684,1.7999087758347587,2.5641853332519533,17.32270319327502,10.097414273892724,16.75836362377491,25.310030824629926,5.992248999839303,1.6645949259049004,2.5335249662399293,2.9509167671203613,0.715,0.649090909090909,4.893872599481041,0,0.0,0,nan,nan,nan,nan,97.99998764239399,-402.49999045348216,93.99998764239399
M4_sparse,procedural,dlc_joint_transition,24,4,dlcB_M4_sparse_n4_seed24,ok,3,2200,300,8.911719091693396,6.010272545393289,8.385769934272894,12.861063160574796,7.897082696211966,8.395940399169922,9.634018822303847,6.0331084482316095,8.850336508328848,14.784202732166856,3.255732192553244,7.208255878334696,8.366708946228027,8.708328247070312,0.9509090909090909,0.17954545454545454,7.171616003707961,0,0.0,0,nan,nan,nan,nan,944.9999958547844,-119.00000535391746,940.9999958547844
M4_sparse,procedural,dlc_joint_transition_observer,24,4,dlcB_M4_sparse_n4_seed24,ok,3,2200,300,13.952512065256688,11.621249817106316,14.08754433320646,16.708719456770883,3.3610800691611535,7.847776794433594,14.178520686690897,9.860918158735164,14.106425688705691,18.210671905179044,3.4751896966743105,2.9646937452896633,7.704630184173585,8.84317684173584,0.5513636363636364,0.2859090909090909,3.4868882577863203,11,0.0,0,nan,nan,nan,nan,42.00000307963478,-909.9999959607877,38.00000307963478
M4_sparse,procedural,dlc_individual_transition,24,4,dlcC_M4_sparse_n4_seed24,ok,3,2200,300,17.403138031932507,10.170890500020072,16.493464160455975,26.150506785806684,1.7999087758347587,2.5641853332519533,17.32270319327502,10.097414273892724,16.75836362377491,25.310030824629926,5.992248999839303,1.6645949259049004,2.5335249662399293,2.9509167671203613,0.715,0.649090909090909,4.893872599481041,0,0.0,0,nan,nan,nan,nan,97.99998764239399,-402.49999045348216,93.99998764239399
M4_sparse,procedural,dlc_joint_transition,24,4,dlcC_M4_sparse_n4_seed24,ok,3,2200,300,8.911719091693396,6.010272545393289,8.385769934272894,12.861063160574796,7.897082696211966,8.395940399169922,9.634018822303847,6.0331084482316095,8.850336508328848,14.784202732166856,3.255732192553244,7.208255878334696,8.366708946228027,8.708328247070312,0.9509090909090909,0.17954545454545454,7.171616003707961,0,0.0,0,nan,nan,nan,nan,944.9999958547844,-119.00000535391746,940.9999958547844
M4_sparse,procedural,dlc_joint_transition_observer,24,4,dlcC_M4_sparse_n4_seed24,ok,3,2200,300,10.418087708056323,6.699259574395633,9.91259590593188,15.096996696137396,2.3530728867806885,3.3370182991027835,11.334211570928444,6.7485263395559425,10.653561722213924,17.34101683130899,3.911240949356026,2.2953131573308596,3.341151738166809,3.4578874111175537,0.9636363636363636,0.5786363636363636,6.765349016918315,0,0.0,0,nan,nan,nan,nan,0.0,-552.999992693287,-4.0
M4_sparse,procedural,dlc_individual_transition,24,4,dlcD_M4_sparse_n4_seed24,ok,3,2200,300,11.660156079153293,7.816471830334231,10.99580269083625,16.73520023164003,2.1962072176054903,3.331042242050171,12.329851089016206,7.819768145359445,11.469976605371118,18.589903930906463,4.008514077130121,2.076552215110172,3.3199085712432863,3.3941872119903564,0.9309090909090909,0.44681818181818184,6.1125382608747065,0,0.0,0,nan,nan,nan,nan,3.5000039696193426,-524.9999980060646,-0.49999603038065743
M4_sparse,procedural,dlc_joint_transition,24,4,dlcD_M4_sparse_n4_seed24,ok,3,2200,300,10.693436881731667,7.383614656807579,10.187186395713837,14.940594564236214,2.277758534268329,3.3742149829864503,11.396144597981518,7.416268376475852,10.729056252108638,16.637383669858103,3.4240216429949806,2.1793739184737206,3.365670347213745,3.428532361984253,0.9486363636363636,0.5209090909090909,6.540674754904609,0,0.0,0,nan,nan,nan,nan,0.0,-545.9999939224065,-4.0
M4_sparse,procedural,dlc_joint_transition_observer,24,4,dlcD_M4_sparse_n4_seed24,ok,3,2200,300,13.952512065256688,11.621249817106316,14.08754433320646,16.708719456770883,3.3610800691611535,7.847776794433594,14.178520686690897,9.860918158735164,14.106425688705691,18.210671905179044,3.4751896966743105,2.9646937452896633,7.704630184173585,8.84317684173584,0.5513636363636364,0.2859090909090909,3.4868882577863203,11,0.0,0,nan,nan,nan,nan,42.00000307963478,-909.9999959607877,38.00000307963478
M4_sparse,procedural,ours_dnq_dlc_seed13,24,4,ours_M4_sparse_n4_seed24,ok,3,2200,300,17.768627115971206,11.376286254437195,18.704930004830878,23.18202098075482,0.6056131486642469,0.8739815056324005,17.779048023785986,11.376591815935758,18.670580728318633,23.106648317225904,4.42573642403804,0.6120730913336262,0.8618210613727569,1.3392972946166992,0.055,0.0,2.7736172764896954,40,0.10909090909090909,2200,2.18,0.004092769440654843,3.0,220.0,272.99999996257407,-59.500000771511736,268.99999996257407
M4_sparse,procedural,ours_dnq_dlc_seed21,24,4,ours_M4_sparse_n4_seed24,ok,3,2200,300,8.204294521436092,4.333584941230272,7.698751088640643,12.292647487222588,10.472403891617432,23.568515968322757,9.014326301370874,4.422007590821069,8.353732129611554,14.154927385093858,4.108447432359628,9.151669356387362,22.998131370544435,27.13130760192871,0.645,0.25272727272727274,2.977055421417144,1412,0.09227272727272727,2200,1.8681818181818182,0.0009095043201455207,3.0,733.3333333333334,7.000000756157306,-353.4999976241178,3.0000007561573057
M4_sparse,procedural,ours_dnq_dlc_seed47,24,4,ours_M4_sparse_n4_seed24,ok,3,2200,300,10.040733611741057,2.964529714773341,11.101153350828433,16.85523822807365,1.4521697898233603,3.6161530017852783,10.849974125272125,2.999642640809688,11.43863307710333,17.957205761786934,5.293444386975402,1.34667215868365,3.5510833501815804,3.8135485649108887,0.31772727272727275,0.23681818181818182,2.3670921602448156,922,0.14272727272727273,2200,2.825,0.0009095043201455207,3.0,733.3333333333334,24.500005192453045,-196.00000161370576,20.500005192453045
M4_sparse,procedural,ours_dnq_dlc_seed71,24,4,ours_M4_sparse_n4_seed24,ok,3,2200,300,16.821973574455082,11.132260257897203,17.414147783547314,22.534607232673373,0.5424337646201571,0.8423203825950623,16.600005388832653,11.089732359589823,17.234899963650168,22.435555152485414,4.4945916702013395,0.5692515648895642,0.8686912953853608,1.315495491027832,0.02772727272727273,0.0,2.8972959461110794,233,0.06863636363636363,2200,2.653636363636364,0.001364256480218281,3.0,550.0,157.50000333595926,-59.500001708073114,153.50000333595926
M4_sparse,procedural,ours_dnq_dlc_seed99,24,4,ours_M4_sparse_n4_seed24,ok,3,2200,300,8.33002063409929,2.4389108856441144,8.2335453792534,16.10677002710084,1.5060493898416232,3.5718867301940924,9.474930837424766,2.4392138595203328,8.9094499338993,18.078150448633664,5.606780331954129,1.396496903329495,3.458629322052002,4.446549892425537,0.42272727272727273,0.27454545454545454,4.412882379223902,616,0.08818181818181818,2200,2.566818181818182,0.001364256480218281,3.0,550.0,290.49998773867014,-465.49999169885416,286.49998773867014
M4_sparse,procedural,rule_expert_gate,25,4,rule_M4_sparse_n4_seed25,ok,3,2200,300,10.775660208874337,10.101340400772644,10.710892143294647,11.49135225576184,0.10630864079591304,0.1828067421913147,10.785089167361855,10.026296856388466,10.732264300357436,11.592423944973625,0.9949951559595603,0.113773109114078,0.1942964151501656,0.4282826781272888,0.0,0.0,4.96363368269402,2164,0.0,0,nan,nan,nan,nan,0.0,-133.00000267498126,-4.0
M4_sparse,procedural,dlc_individual_transition,25,4,dlcA_M4_sparse_n4_seed25,ok,3,2200,300,11.768219030844595,1.8791778736665914,12.584318303547299,22.274072725063338,1.7149675459703921,3.256189727783203,10.962277664764411,1.8981378717915498,11.654247142275448,21.649190783059122,7.545288668867417,1.5359279607191936,3.209284520149231,3.4239554405212402,0.649090909090909,0.47,4.07526992240603,172,0.0,0,nan,nan,nan,nan,7.000003101938319,-542.5000032292703,3.0000031019383187
M4_sparse,procedural,dlc_joint_transition,25,4,dlcA_M4_sparse_n4_seed25,ok,3,2200,300,15.411276900100686,5.028486899637758,14.081875133364196,25.995828718080013,1.7516304004953647,3.388170742988587,14.808673769633863,6.237016319443126,13.076791523389645,25.176377674479937,6.696625961624653,1.5264525997486305,3.3351928472518924,3.5872159004211426,0.6463636363636364,0.2786363636363636,4.886543159524588,616,0.0,0,nan,nan,nan,nan,24.5000041552546,-402.49999592252686,20.5000041552546
M4_sparse,procedural,dlc_joint_transition_observer,25,4,dlcA_M4_sparse_n4_seed25,ok,3,2200,300,11.522927043858541,9.516037666864252,11.08381915233142,12.433638252073496,0.22614125096629753,0.6660470306873324,11.025082393383213,5.5617305261609875,10.950371134542353,12.397938173004881,4.470901664714144,0.2788398064600187,0.834532588720322,1.6298545598983765,0.07045454545454545,0.09909090909090909,4.741668714650676,1781,0.0,0,nan,nan,nan,nan,3.499994917877075,-168.0000008349274,-0.5000050821229252
M4_sparse,procedural,dlc_individual_transition,25,4,dlcB_M4_sparse_n4_seed25,ok,3,2200,300,23.049990061808742,17.623133460053705,23.415515178689176,27.86135061346583,0.9147000742740439,1.2054112911224366,23.331099181385373,17.719974711222545,24.362796665709126,27.870801252390166,3.9337159773802766,0.890182378501843,1.145118808746338,3.442451238632202,0.21136363636363636,0.05272727272727273,3.478629807687072,3,0.0,0,nan,nan,nan,nan,462.00000243291834,-63.000004284571446,458.00000243291834
M4_sparse,procedural,dlc_joint_transition,25,4,dlcB_M4_sparse_n4_seed25,ok,3,2200,300,12.202967976548502,6.1039794803722485,10.779396380248363,22.949577267020082,4.799234103116507,11.118797683715822,12.018624960866335,6.59454219868591,10.738591159917751,20.88255855897626,6.389292102779947,4.16228422861115,11.042105197906494,12.424968719482422,0.514090909090909,0.19227272727272726,3.561519265877235,700,0.0,0,nan,nan,nan,nan,847.000003152358,-178.50000364044672,843.000003152358
M4_sparse,procedural,dlc_joint_transition_observer,25,4,dlcB_M4_sparse_n4_seed25,ok,3,2200,300,8.76339257382446,6.162054319334279,7.528428952954451,11.95917553559963,1.682703602139204,5.888111782073977,10.321200300930126,6.1667154983019605,10.803964577867022,14.099969236393138,5.299793660361527,1.4963610518230153,5.406911897659304,8.954659461975098,0.3513636363636364,0.03727272727272727,3.5257673549085755,1044,0.0,0,nan,nan,nan,nan,42.00000284072996,-217.00000409857023,38.00000284072996
M4_sparse,procedural,dlc_individual_transition,25,4,dlcC_M4_sparse_n4_seed25,ok,3,2200,300,23.049990061808742,17.623133460053705,23.415515178689176,27.86135061346583,0.9147000742740439,1.2054112911224366,23.331099181385373,17.719974711222545,24.362796665709126,27.870801252390166,3.9337159773802766,0.890182378501843,1.145118808746338,3.442451238632202,0.21136363636363636,0.05272727272727273,3.478629807687072,3,0.0,0,nan,nan,nan,nan,462.00000243291834,-63.000004284571446,458.00000243291834
M4_sparse,procedural,dlc_joint_transition,25,4,dlcC_M4_sparse_n4_seed25,ok,3,2200,300,12.202967976548502,6.1039794803722485,10.779396380248363,22.949577267020082,4.799234103116507,11.118797683715822,12.018624960866335,6.59454219868591,10.738591159917751,20.88255855897626,6.389292102779947,4.16228422861115,11.042105197906494,12.424968719482422,0.514090909090909,0.19227272727272726,3.561519265877235,700,0.0,0,nan,nan,nan,nan,847.000003152358,-178.50000364044672,843.000003152358
M4_sparse,procedural,dlc_joint_transition_observer,25,4,dlcC_M4_sparse_n4_seed25,ok,3,2200,300,11.522927043858541,9.516037666864252,11.08381915233142,12.433638252073496,0.22614125096629753,0.6660470306873324,11.025082393383213,5.5617305261609875,10.950371134542353,12.397938173004881,4.470901664714144,0.2788398064600187,0.834532588720322,1.6298545598983765,0.07045454545454545,0.09909090909090909,4.741668714650676,1781,0.0,0,nan,nan,nan,nan,3.499994917877075,-168.0000008349274,-0.5000050821229252
M4_sparse,procedural,dlc_individual_transition,25,4,dlcD_M4_sparse_n4_seed25,ok,3,2200,300,11.768219030844595,1.8791778736665914,12.584318303547299,22.274072725063338,1.7149675459703921,3.256189727783203,10.962277664764411,1.8981378717915498,11.654247142275448,21.649190783059122,7.545288668867417,1.5359279607191936,3.209284520149231,3.4239554405212402,0.649090909090909,0.47,4.07526992240603,172,0.0,0,nan,nan,nan,nan,7.000003101938319,-542.5000032292703,3.0000031019383187
M4_sparse,procedural,dlc_joint_transition,25,4,dlcD_M4_sparse_n4_seed25,ok,3,2200,300,15.411276900100686,5.028486899637758,14.081875133364196,25.995828718080013,1.7516304004953647,3.388170742988587,14.808673769633863,6.237016319443126,13.076791523389645,25.176377674479937,6.696625961624653,1.5264525997486305,3.3351928472518924,3.5872159004211426,0.6463636363636364,0.2786363636363636,4.886543159524588,616,0.0,0,nan,nan,nan,nan,24.5000041552546,-402.49999592252686,20.5000041552546
M4_sparse,procedural,dlc_joint_transition_observer,25,4,dlcD_M4_sparse_n4_seed25,ok,3,2200,300,8.76339257382446,6.162054319334279,7.528428952954451,11.95917553559963,1.682703602139204,5.888111782073977,10.321200300930126,6.1667154983019605,10.803964577867022,14.099969236393138,5.299793660361527,1.4963610518230153,5.406911897659304,8.954659461975098,0.3513636363636364,0.03727272727272727,3.5257673549085755,1044,0.0,0,nan,nan,nan,nan,42.00000284072996,-217.00000409857023,38.00000284072996
M4_sparse,procedural,ours_dnq_dlc_seed13,25,4,ours_M4_sparse_n4_seed25,ok,3,2200,300,18.623839723949203,11.945358731925797,18.97158732998527,23.076396410849256,0.6045559437612475,0.8285589754581452,17.96242415068835,11.47933622414468,18.659799383838656,22.979096662389615,4.200973890190469,0.5842428435462749,0.8323423147201539,1.1546522378921509,0.013181818181818182,0.0,3.856811751587736,53,0.07136363636363637,2200,2.0663636363636364,0.002273760800363802,3.0,366.6666666666667,269.50000071740396,-63.000004284571446,265.50000071740396
M4_sparse,procedural,ours_dnq_dlc_seed21,25,4,ours_M4_sparse_n4_seed25,ok,3,2200,300,14.227490409147183,10.679306451833082,12.463868135131168,20.206961120922333,0.7121524892899355,1.022556746006012,13.73064451357685,9.565741180115124,12.308333573808099,19.73729236911675,4.394369583687909,0.6465177041431889,0.9996467769145966,1.2977174520492554,0.0959090909090909,0.0,2.8385948415444724,283,0.1440909090909091,2200,3.0,0.0,3.0,2200.0,52.50000235824359,-73.50000353776204,48.50000235824359
M4_sparse,procedural,ours_dnq_dlc_seed47,25,4,ours_M4_sparse_n4_seed25,ok,3,2200,300,17.913295290466618,11.11015332281004,19.182449994065966,23.311747610474914,0.5951598493992099,0.9373778879642491,17.311340169547336,10.838214163965379,18.19808895935807,23.24311940086878,5.065874991726101,0.5299339932383835,0.9135397970676424,1.5186481475830078,0.06,0.0,2.5966614498604974,272,0.0659090909090909,2200,2.4736363636363636,0.002273760800363802,3.0,366.6666666666667,238.00000187326054,-63.000004284571446,234.00000187326054
M4_sparse,procedural,ours_dnq_dlc_seed71,25,4,ours_M4_sparse_n4_seed25,ok,3,2200,300,15.020070601890591,10.469900573985829,13.145413397440102,22.519700666004475,0.6685423308530857,1.2385122895240783,15.243490533923637,10.558030216732883,13.368235487472372,22.958527527965092,4.830918849788851,0.6822362897823087,1.3438475608825686,1.7493791580200195,0.1781818181818182,0.0,2.4021866257043527,308,0.12090909090909091,2200,2.798636363636364,0.0009095043201455207,3.0,733.3333333333334,129.5000009693615,-63.000004284571446,125.50000096936151
M4_sparse,procedural,ours_dnq_dlc_seed99,25,4,ours_M4_sparse_n4_seed25,ok,3,2200,300,13.147074211792535,10.20034935274297,11.975786602838694,18.562216735552326,0.7022240829671194,1.0352023482322694,13.428883823279214,10.165109782229573,12.072294707239887,18.964703797665713,3.8742300009940127,0.6825605375698598,1.0103349089622498,1.260340690612793,0.08363636363636363,0.0,2.3858967019172375,570,0.12318181818181818,2200,3.0,0.0,3.0,2200.0,69.99999910891484,-63.000004284571446,65.99999910891484
M4_sparse,procedural,rule_expert_gate,26,4,rule_M4_sparse_n4_seed26,ok,3,2200,300,23.04650771608919,22.066316135761564,22.96150527687369,23.874316998613693,0.06019720032643435,0.15867179185152055,22.082124230976074,20.70682535907515,22.818194520727957,23.83076891612277,3.2766173798986946,0.12587716750200673,0.24565781056880973,2.0257205963134766,0.025454545454545455,0.004090909090909091,3.8833476255341197,90,0.0,0,nan,nan,nan,nan,465.5000013797344,-70.00000405316473,461.5000013797344
M4_sparse,procedural,dlc_individual_transition,26,4,dlcA_M4_sparse_n4_seed26,ok,3,2200,300,0.19101459505457466,0.1383621799201516,0.18662057246707975,0.25174170798388945,0.14276741854575736,0.24171922355890277,0.863400604994417,0.13989641048470425,0.19774778175383323,0.27791835190613096,2.465353082295437,0.16255835378880212,0.2517206400632858,0.6511875987052917,0.0,0.9336363636363636,3.753043992710254,168,0.0,0,nan,nan,nan,nan,6.9999976442173875,-521.4999990425465,2.9999976442173875
M4_sparse,procedural,dlc_joint_transition,26,4,dlcA_M4_sparse_n4_seed26,ok,3,2200,300,16.154094407735922,9.860021968272488,14.71371775443816,26.313838353725643,2.182620011329847,3.4899793386459352,15.009372026235294,5.767169658620431,13.612889737653385,25.579090755679072,6.8085885193754185,1.9652066749984145,3.465368962287903,3.6214921474456787,0.8095454545454546,0.4809090909090909,4.63194970160838,185,0.0,0,nan,nan,nan,nan,3.4999953615448476,-465.49999741142193,-0.5000046384551524
M4_sparse,procedural,dlc_joint_transition_observer,26,4,dlcA_M4_sparse_n4_seed26,ok,3,2200,300,11.1954808340735,1.1438042471386207,1.513420412565301,30.774147911774087,1.6554610589847862,3.521727943420413,10.464250758495679,1.1565311431930434,1.5976126684565188,29.59411904855892,12.938787281728464,1.465783313654379,3.2448929548263554,4.959555625915527,0.605909090909091,0.2909090909090909,3.838542124970015,158,0.0,0,nan,nan,nan,nan,6.9999976442173875,-381.50000315477837,2.9999976442173875
M4_sparse,procedural,dlc_individual_transition,26,4,dlcB_M4_sparse_n4_seed26,ok,3,2200,300,16.344051526451977,9.806142662458242,14.580109790155053,26.113658532549078,2.8228593574091794,3.9978851795196535,17.62996951467403,9.903750572385853,15.828871230672833,26.65015231017592,6.854015468624543,2.540681606600569,3.9802483797073362,4.132203102111816,0.8531818181818182,0.41,3.689562986249578,0,0.0,0,nan,nan,nan,nan,87.50000227136366,-325.5000054368112,83.50000227136366
M4_sparse,procedural,dlc_joint_transition,26,4,dlcB_M4_sparse_n4_seed26,ok,3,2200,300,2.960064221537754,1.3214108636815596,2.7836944947788878,4.921331821510669,7.26900320178584,8.34086046218872,3.5899485403487,1.3730548645443748,2.934669654727402,5.535175767382007,2.225283298330036,6.3772403458187314,8.32116117477417,8.686495780944824,0.9054545454545454,0.4395454545454546,4.6861436045686995,185,0.0,0,nan,nan,nan,nan,0.0,-650.9999995031594,-4.0
M4_sparse,procedural,dlc_joint_transition_observer,26,4,dlcB_M4_sparse_n4_seed26,ok,3,2200,300,8.828801700009762,5.400882789026511,9.073010853503428,11.82374261807848,0.6733858466828448,1.4347674846649174,10.385459261968249,5.443966001721327,9.59843208253343,13.966168747467444,5.287267221389961,0.6225310273615567,1.3819286704063418,1.8000982999801636,0.16545454545454547,0.0,2.408773932804524,1785,0.0,0,nan,nan,nan,nan,45.50000044626188,-98.00000119960714,41.50000044626188
M4_sparse,procedural,dlc_individual_transition,26,4,dlcC_M4_sparse_n4_seed26,ok,3,2200,300,16.344051526451977,9.806142662458242,14.580109790155053,26.113658532549078,2.8228593574091794,3.9978851795196535,17.62996951467403,9.903750572385853,15.828871230672833,26.65015231017592,6.854015468624543,2.540681606600569,3.9802483797073362,4.132203102111816,0.8531818181818182,0.41,3.689562986249578,0,0.0,0,nan,nan,nan,nan,87.50000227136366,-325.5000054368112,83.50000227136366
M4_sparse,procedural,dlc_joint_transition,26,4,dlcC_M4_sparse_n4_seed26,ok,3,2200,300,2.960064221537754,1.3214108636815596,2.7836944947788878,4.921331821510669,7.26900320178584,8.34086046218872,3.5899485403487,1.3730548645443748,2.934669654727402,5.535175767382007,2.225283298330036,6.3772403458187314,8.32116117477417,8.686495780944824,0.9054545454545454,0.4395454545454546,4.6861436045686995,185,0.0,0,nan,nan,nan,nan,0.0,-650.9999995031594,-4.0
M4_sparse,procedural,dlc_joint_transition_observer,26,4,dlcC_M4_sparse_n4_seed26,ok,3,2200,300,11.1954808340735,1.1438042471386207,1.513420412565301,30.774147911774087,1.6554610589847862,3.521727943420413,10.464250758495679,1.1565311431930434,1.5976126684565188,29.59411904855892,12.938787281728464,1.465783313654379,3.2448929548263554,4.959555625915527,0.605909090909091,0.2909090909090909,3.838542124970015,158,0.0,0,nan,nan,nan,nan,6.9999976442173875,-381.50000315477837,2.9999976442173875
M4_sparse,procedural,dlc_individual_transition,26,4,dlcD_M4_sparse_n4_seed26,ok,3,2200,300,0.19101459505457466,0.1383621799201516,0.18662057246707975,0.25174170798388945,0.14276741854575736,0.24171922355890277,0.863400604994417,0.13989641048470425,0.19774778175383323,0.27791835190613096,2.465353082295437,0.16255835378880212,0.2517206400632858,0.6511875987052917,0.0,0.9336363636363636,3.753043992710254,168,0.0,0,nan,nan,nan,nan,6.9999976442173875,-521.4999990425465,2.9999976442173875
M4_sparse,procedural,dlc_joint_transition,26,4,dlcD_M4_sparse_n4_seed26,ok,3,2200,300,16.154094407735922,9.860021968272488,14.71371775443816,26.313838353725643,2.182620011329847,3.4899793386459352,15.009372026235294,5.767169658620431,13.612889737653385,25.579090755679072,6.8085885193754185,1.9652066749984145,3.465368962287903,3.6214921474456787,0.8095454545454546,0.4809090909090909,4.63194970160838,185,0.0,0,nan,nan,nan,nan,3.4999953615448476,-465.49999741142193,-0.5000046384551524
M4_sparse,procedural,dlc_joint_transition_observer,26,4,dlcD_M4_sparse_n4_seed26,ok,3,2200,300,8.828801700009762,5.400882789026511,9.073010853503428,11.82374261807848,0.6733858466828448,1.4347674846649174,10.385459261968249,5.443966001721327,9.59843208253343,13.966168747467444,5.287267221389961,0.6225310273615567,1.3819286704063418,1.8000982999801636,0.16545454545454547,0.0,2.408773932804524,1785,0.0,0,nan,nan,nan,nan,45.50000044626188,-98.00000119960714,41.50000044626188
M4_sparse,procedural,ours_dnq_dlc_seed13,26,4,ours_M4_sparse_n4_seed26,ok,3,2200,300,20.684117065732885,17.887191211842822,21.356481445085407,23.318490762530097,0.5044418691321104,0.6929643034934998,20.070867272279614,16.70755508082895,21.067960572365827,23.331016772551695,3.660574249762806,0.4820214701669862,0.6844027698040008,1.1231576204299927,0.0036363636363636364,0.0,3.8659973451981133,81,0.014545454545454545,2200,0.6977272727272728,0.001364256480218281,3.0,550.0,406.00000372835234,-66.50000259391504,402.00000372835234
M4_sparse,procedural,ours_dnq_dlc_seed21,26,4,ours_M4_sparse_n4_seed26,ok,3,2200,300,13.99530386131601,8.210270581912532,12.332764310283387,22.272700172031815,0.49970670157672814,0.9783617317676545,13.630956086064794,8.561707943518394,12.104828844054168,21.736264282083862,4.8259756142857695,0.45579626457043393,0.9466606080532075,1.6643863916397095,0.05272727272727273,0.0,2.7569486296991244,711,0.056818181818181816,2200,2.675,0.0009095043201455207,3.0,733.3333333333334,146.99999514817364,-66.49999977119512,142.99999514817364
M4_sparse,procedural,ours_dnq_dlc_seed47,26,4,ours_M4_sparse_n4_seed26,ok,3,2200,300,4.968479497802439,2.4392076796650786,3.0068712516678175,11.262384097026004,2.5303322842663865,5.461767435073853,5.826571806084228,2.4392078889057944,3.0565050754482805,11.683932326356443,4.267129715689948,2.1984079913287,5.266726779937745,7.176511287689209,0.6422727272727272,0.6472727272727272,2.3949416102249304,517,0.01090909090909091,2200,1.1322727272727273,0.001364256480218281,3.0,550.0,3.5000017963941445,-447.9999985390832,-0.49999820360585545
M4_sparse,procedural,ours_dnq_dlc_seed71,26,4,ours_M4_sparse_n4_seed26,ok,3,2200,300,18.115741208712617,11.347678974086062,19.20610652634238,23.077309519518685,0.6355941612812641,0.9075728952884674,17.603481584114594,11.18599115366119,18.86199417768755,23.06231078402642,4.6275726790655565,0.6574369619879872,0.9442437410354615,1.3021001815795898,0.06363636363636363,0.0,2.9689272487365304,0,0.09409090909090909,2200,1.2468181818181818,0.002273760800363802,3.0,366.6666666666667,287.0000027747701,-63.0000005662705,283.0000027747701
M4_sparse,procedural,ours_dnq_dlc_seed99,26,4,ours_M4_sparse_n4_seed26,ok,3,2200,300,19.726829797402097,15.222357512230278,20.260623547001963,23.246970398734888,0.5673776511004575,0.7461122930049897,19.346126088923132,12.727348054072493,19.66289972741486,23.23422380652073,3.642075178563331,0.578819037426914,0.7668446958065034,1.1105875968933105,0.0,0.0,4.877981996231921,0,0.04818181818181818,2200,0.9631818181818181,0.001364256480218281,3.0,550.0,357.0000004757203,-63.0000005662705,353.0000004757203
M4_sparse,procedural,rule_expert_gate,27,4,rule_M4_sparse_n4_seed27,ok,3,2200,300,10.922655738473816,6.036772119634679,11.143689181051801,15.887106621053487,11.362032884265247,14.684423160552978,12.235693891395021,6.1449060239019655,11.145110477101857,20.026091221794204,5.59326251124315,9.856656278287568,14.666056919097901,14.837836265563965,0.8481818181818181,0.43227272727272725,2.5658603179483244,713,0.0,0,nan,nan,nan,nan,49.00000245486626,-458.4999960839664,45.00000245486626
M4_sparse,procedural,dlc_individual_transition,27,4,dlcA_M4_sparse_n4_seed27,ok,3,2200,300,13.17756373645119,8.605896566766988,12.27036418533627,19.43050259379199,2.3555844236675063,3.400637984275818,14.77199207491072,8.688292437791421,13.18485080130095,23.791020453681934,5.717196108900646,2.304274658452381,3.3978431940078737,3.6197433471679688,0.975,0.2759090909090909,5.002864658753148,0,0.0,0,nan,nan,nan,nan,10.500000187519618,-633.5000050474104,6.500000187519618
M4_sparse,procedural,dlc_joint_transition,27,4,dlcA_M4_sparse_n4_seed27,ok,3,2200,300,12.686642478264295,7.802838901079515,11.631464752800074,19.523995106149027,2.3317742591155204,3.4010497570037845,14.455533553487244,7.8912218580326705,12.615593089661434,24.638995908795163,6.250653240442944,2.2308914532580157,3.3969728231430056,3.503359079360962,0.9390909090909091,0.4740909090909091,4.528221143071262,0,0.0,0,nan,nan,nan,nan,38.49999798689669,-538.9999994884344,34.49999798689669
M4_sparse,procedural,dlc_joint_transition_observer,27,4,dlcA_M4_sparse_n4_seed27,ok,3,2200,300,16.243272511747243,9.599210350788491,14.378324824802242,26.408058637902602,2.8646469410469657,3.9454257249832154,17.550400677498672,9.707400325648916,15.566262620565611,26.98751783682066,7.008398473759201,2.564908794381402,3.9294749021530153,4.102363586425781,0.8727272727272727,0.4359090909090909,4.238051917129154,0,0.0,0,nan,nan,nan,nan,77.00000512427368,-496.9999991686078,73.00000512427368
M4_sparse,procedural,dlc_individual_transition,27,4,dlcB_M4_sparse_n4_seed27,ok,3,2200,300,16.177264709476788,9.273044315375293,14.208848808615041,26.709901678046837,2.9065458902451944,4.061961317062378,17.430179414051192,9.377418020502677,15.53198290562797,27.214239567689866,7.175233909223962,2.617473833748055,4.0417615413665775,4.212231159210205,0.8572727272727273,0.4209090909090909,4.804196540523207,0,0.0,0,nan,nan,nan,nan,87.50000479735036,-423.50000275987543,83.50000479735036
M4_sparse,procedural,dlc_joint_transition,27,4,dlcB_M4_sparse_n4_seed27,ok,3,2200,300,20.496739867636236,11.665548010675977,18.884089338168188,29.682421740785756,7.975122065544618,12.127957916259765,21.12046483115494,11.76545632031335,20.721713825990612,29.688378473121865,6.91709867130783,6.974289987744679,12.089031600952149,12.57644271850586,0.6222727272727273,0.4368181818181818,4.012153183671679,0,0.0,0,nan,nan,nan,nan,1238.9999981167089,-153.99999779250822,1234.9999981167089
M4_sparse,procedural,dlc_joint_transition_observer,27,4,dlcB_M4_sparse_n4_seed27,ok,3,2200,300,10.642423430454222,8.416928772342635,10.530059922332573,13.084028905558311,5.832417391651849,8.321651172637939,11.944974287548186,8.491026793278886,10.83433485265796,15.496208977115595,4.257723074825439,5.103586671463722,8.258598232269287,8.663496017456055,0.7372727272727273,0.2959090909090909,3.0001205715749535,64,0.0,0,nan,nan,nan,nan,45.500004879431344,-763.0000036808767,41.500004879431344
M4_sparse,procedural,dlc_individual_transition,27,4,dlcC_M4_sparse_n4_seed27,ok,3,2200,300,16.177264709476788,9.273044315375293,14.208848808615041,26.709901678046837,2.9065458902451944,4.061961317062378,17.430179414051192,9.377418020502677,15.53198290562797,27.214239567689866,7.175233909223962,2.617473833748055,4.0417615413665775,4.212231159210205,0.8572727272727273,0.4209090909090909,4.804196540523207,0,0.0,0,nan,nan,nan,nan,87.50000479735036,-423.50000275987543,83.50000479735036
M4_sparse,procedural,dlc_joint_transition,27,4,dlcC_M4_sparse_n4_seed27,ok,3,2200,300,20.496739867636236,11.665548010675977,18.884089338168188,29.682421740785756,7.975122065544618,12.127957916259765,21.12046483115494,11.76545632031335,20.721713825990612,29.688378473121865,6.91709867130783,6.974289987744679,12.089031600952149,12.57644271850586,0.6222727272727273,0.4368181818181818,4.012153183671679,0,0.0,0,nan,nan,nan,nan,1238.9999981167089,-153.99999779250822,1234.9999981167089
M4_sparse,procedural,dlc_joint_transition_observer,27,4,dlcC_M4_sparse_n4_seed27,ok,3,2200,300,16.243272511747243,9.599210350788491,14.378324824802242,26.408058637902602,2.8646469410469657,3.9454257249832154,17.550400677498672,9.707400325648916,15.566262620565611,26.98751783682066,7.008398473759201,2.564908794381402,3.9294749021530153,4.102363586425781,0.8727272727272727,0.4359090909090909,4.238051917129154,0,0.0,0,nan,nan,nan,nan,77.00000512427368,-496.9999991686078,73.00000512427368
M4_sparse,procedural,dlc_individual_transition,27,4,dlcD_M4_sparse_n4_seed27,ok,3,2200,300,13.17756373645119,8.605896566766988,12.27036418533627,19.43050259379199,2.3555844236675063,3.400637984275818,14.77199207491072,8.688292437791421,13.18485080130095,23.791020453681934,5.717196108900646,2.304274658452381,3.3978431940078737,3.6197433471679688,0.975,0.2759090909090909,5.002864658753148,0,0.0,0,nan,nan,nan,nan,10.500000187519618,-633.5000050474104,6.500000187519618
M4_sparse,procedural,dlc_joint_transition,27,4,dlcD_M4_sparse_n4_seed27,ok,3,2200,300,12.686642478264295,7.802838901079515,11.631464752800074,19.523995106149027,2.3317742591155204,3.4010497570037845,14.455533553487244,7.8912218580326705,12.615593089661434,24.638995908795163,6.250653240442944,2.2308914532580157,3.3969728231430056,3.503359079360962,0.9390909090909091,0.4740909090909091,4.528221143071262,0,0.0,0,nan,nan,nan,nan,38.49999798689669,-538.9999994884344,34.49999798689669
M4_sparse,procedural,dlc_joint_transition_observer,27,4,dlcD_M4_sparse_n4_seed27,ok,3,2200,300,10.642423430454222,8.416928772342635,10.530059922332573,13.084028905558311,5.832417391651849,8.321651172637939,11.944974287548186,8.491026793278886,10.83433485265796,15.496208977115595,4.257723074825439,5.103586671463722,8.258598232269287,8.663496017456055,0.7372727272727273,0.2959090909090909,3.0001205715749535,64,0.0,0,nan,nan,nan,nan,45.500004879431344,-763.0000036808767,41.500004879431344
M4_sparse,procedural,ours_dnq_dlc_seed13,27,4,ours_M4_sparse_n4_seed27,ok,3,2200,300,18.798928297289695,12.106358164607727,19.532383181261153,23.050724082277032,0.551384869604785,0.7149809479713441,18.45429861722704,11.854736546151045,19.235170571348,23.009995225293604,4.415313086346585,0.5532714984419264,0.7498292148113251,1.1453754901885986,0.004090909090909091,0.0,2.838929255575992,63,0.028636363636363637,2200,1.8027272727272727,0.001364256480218281,3.0,550.0,269.4999981177325,-62.99999614999399,265.4999981177325
M4_sparse,procedural,ours_dnq_dlc_seed21,27,4,ours_M4_sparse_n4_seed27,ok,3,2200,300,15.626138940394682,11.047856898649485,15.296551294259043,22.523573906800003,0.7505779287498444,0.977022808790207,15.489216460920195,11.025589629944243,14.71388843300679,22.357814704420797,4.2840273751854046,0.7485324094956741,0.9587513148784638,1.3059396743774414,0.055,0.0,3.967123563857427,0,0.16090909090909092,2200,2.5936363636363637,0.0009095043201455207,3.0,733.3333333333334,202.99999848344396,-62.99999614999399,198.99999848344396
M4_sparse,procedural,ours_dnq_dlc_seed47,27,4,ours_M4_sparse_n4_seed27,ok,3,2200,300,18.372053474253697,11.415614038007792,19.165792475613415,23.035819093103814,0.6354117257187241,0.8726440370082855,18.705447058069254,11.529544068636172,19.53049509335886,23.20730862878838,4.358600192628943,0.602398751465265,0.8605387032032012,0.9563901424407959,0.0,0.0,3.6567586542255075,0,0.08954545454545454,2200,1.8581818181818182,0.001364256480218281,3.0,550.0,353.49999709439726,-62.99999614999399,349.49999709439726
M4_sparse,procedural,ours_dnq_dlc_seed71,27,4,ours_M4_sparse_n4_seed27,ok,3,2200,300,14.111457787731274,10.414563864395948,12.523151471475007,20.310627399279706,0.3178456580339422,0.7050206542015077,14.566330894966201,10.51024459188002,13.010830084114282,21.015848043117995,4.1137686687596355,0.35947517168915843,0.7076762199401856,1.0885841846466064,0.0,0.0,3.1255781355690013,977,0.025,2200,3.0,0.0,3.0,2200.0,73.49999603052493,-62.99999614999399,69.49999603052493
M4_sparse,procedural,ours_dnq_dlc_seed99,27,4,ours_M4_sparse_n4_seed27,ok,3,2200,300,16.154065857891872,10.600647418776436,17.13527712018144,22.58369803069401,0.5409905719785878,0.8595299243927003,16.302272071555297,10.675881849756792,17.476537070032197,22.49373674817003,4.659817502984819,0.5592692974911981,0.8604627192020416,1.2650344371795654,0.035,0.0,2.8174426727365196,328,0.06909090909090909,2200,2.353181818181818,0.001364256480218281,3.0,550.0,241.5000009930245,-62.99999614999399,237.5000009930245
M4_sparse,procedural,rule_expert_gate,28,4,rule_M4_sparse_n4_seed28,ok,3,2200,300,12.007443743118072,6.7374326775433016,7.460044804150732,23.236211403949188,3.987052379005901,9.133062458038331,13.175838153905284,6.759806322893076,8.006871396522632,23.86064496818776,7.694016389458508,3.488324620437528,8.93078317642212,10.031721115112305,0.6031818181818182,0.395,2.6941391600891733,1430,0.0,0,nan,nan,nan,nan,216.9999946400833,-315.00000186474426,212.9999946400833
M4_sparse,procedural,dlc_individual_transition,28,4,dlcA_M4_sparse_n4_seed28,ok,3,2200,300,11.96513554415088,7.336241602233012,10.998166113616922,18.385083914724984,2.2759770068369414,3.3020439147949223,13.65403656348451,7.424763141288982,11.939771092365689,23.026799607217093,5.937387915425607,2.2370260568911378,3.3147006750106813,3.524423360824585,0.9754545454545455,0.2877272727272727,5.211310750868042,0,0.0,0,nan,nan,nan,nan,10.500002243249241,-577.5000050356458,6.5000022432492415
M4_sparse,procedural,dlc_joint_transition,28,4,dlcA_M4_sparse_n4_seed28,ok,3,2200,300,12.311743392668124,7.493634353503149,11.273178989941345,19.053194773761767,2.3165606794231817,3.3621213912963865,14.071800644187253,7.584578227843005,12.245141629863937,24.106104319305132,6.190291886517605,2.2251656599342824,3.3600616216659547,3.456914186477661,0.9440909090909091,0.48409090909090907,4.858510509263447,0,0.0,0,nan,nan,nan,nan,34.999998706649876,-538.999999401992,30.999998706649876
M4_sparse,procedural,dlc_joint_transition_observer,28,4,dlcA_M4_sparse_n4_seed28,ok,3,2200,300,15.83471812788622,9.316278765533518,13.97510417057125,25.829467365488256,2.938359300023631,4.020714521408081,17.194494122437966,9.409793236529516,15.030683596548972,26.399875857826625,7.075025851947075,2.627436324425719,4.006039237976074,4.143980026245117,0.8713636363636363,0.4172727272727273,4.420338759014509,0,0.0,0,nan,nan,nan,nan,80.5000025834895,-444.5000043037164,76.5000025834895
M4_sparse,procedural,dlc_individual_transition,28,4,dlcB_M4_sparse_n4_seed28,ok,3,2200,300,15.2919758314492,8.686200930256113,13.45970493125997,25.29244747834627,2.515332565420356,3.642628216743469,16.677713352400062,8.787359210739218,14.74249170493102,25.953145150419097,7.034225011568029,2.2730149970330635,3.6244592905044555,3.782589912414551,0.8522727272727273,0.4168181818181818,4.268527441923336,0,0.0,0,nan,nan,nan,nan,84.00000666255687,-416.4999989446044,80.00000666255687
M4_sparse,procedural,dlc_joint_transition,28,4,dlcB_M4_sparse_n4_seed28,ok,3,2200,300,19.34563002590294,11.114096122534141,17.338599333623918,29.54151061575235,5.58229730604205,8.806426048278809,20.127831708919203,11.213060979946881,19.441633655277787,29.576059532438265,7.16299951347316,4.905705438937724,8.775025939941406,9.226168632507324,0.6513636363636364,0.5077272727272727,4.076830982110117,0,0.0,0,nan,nan,nan,nan,406.0000009153034,-4434.499993608048,402.0000009153034
M4_sparse,procedural,dlc_joint_transition_observer,28,4,dlcB_M4_sparse_n4_seed28,ok,3,2200,300,7.669056596855068,6.247779288881728,7.343764713763264,9.00597238642235,5.530622104086582,7.818094682693482,9.373489110078909,6.256284435713066,7.779251148030166,15.456003238573038,4.982959125925735,4.843666953019301,7.78282675743103,8.404988288879395,0.7672727272727272,0.25272727272727274,2.728966277961732,94,0.0,0,nan,nan,nan,nan,45.49999927172826,-717.4999944853054,41.49999927172826
M4_sparse,procedural,dlc_individual_transition,28,4,dlcC_M4_sparse_n4_seed28,ok,3,2200,300,15.2919758314492,8.686200930256113,13.45970493125997,25.29244747834627,2.515332565420356,3.642628216743469,16.677713352400062,8.787359210739218,14.74249170493102,25.953145150419097,7.034225011568029,2.2730149970330635,3.6244592905044555,3.782589912414551,0.8522727272727273,0.4168181818181818,4.268527441923336,0,0.0,0,nan,nan,nan,nan,84.00000666255687,-416.4999989446044,80.00000666255687
M4_sparse,procedural,dlc_joint_transition,28,4,dlcC_M4_sparse_n4_seed28,ok,3,2200,300,19.34563002590294,11.114096122534141,17.338599333623918,29.54151061575235,5.58229730604205,8.806426048278809,20.127831708919203,11.213060979946881,19.441633655277787,29.576059532438265,7.16299951347316,4.905705438937724,8.775025939941406,9.226168632507324,0.6513636363636364,0.5077272727272727,4.076830982110117,0,0.0,0,nan,nan,nan,nan,406.0000009153034,-4434.499993608048,402.0000009153034
M4_sparse,procedural,dlc_joint_transition_observer,28,4,dlcC_M4_sparse_n4_seed28,ok,3,2200,300,15.83471812788622,9.316278765533518,13.97510417057125,25.829467365488256,2.938359300023631,4.020714521408081,17.194494122437966,9.409793236529516,15.030683596548972,26.399875857826625,7.075025851947075,2.627436324425719,4.006039237976074,4.143980026245117,0.8713636363636363,0.4172727272727273,4.420338759014509,0,0.0,0,nan,nan,nan,nan,80.5000025834895,-444.5000043037164,76.5000025834895
M4_sparse,procedural,dlc_individual_transition,28,4,dlcD_M4_sparse_n4_seed28,ok,3,2200,300,11.96513554415088,7.336241602233012,10.998166113616922,18.385083914724984,2.2759770068369414,3.3020439147949223,13.65403656348451,7.424763141288982,11.939771092365689,23.026799607217093,5.937387915425607,2.2370260568911378,3.3147006750106813,3.524423360824585,0.9754545454545455,0.2877272727272727,5.211310750868042,0,0.0,0,nan,nan,nan,nan,10.500002243249241,-577.5000050356458,6.5000022432492415
M4_sparse,procedural,dlc_joint_transition,28,4,dlcD_M4_sparse_n4_seed28,ok,3,2200,300,12.311743392668124,7.493634353503149,11.273178989941345,19.053194773761767,2.3165606794231817,3.3621213912963865,14.071800644187253,7.584578227843005,12.245141629863937,24.106104319305132,6.190291886517605,2.2251656599342824,3.3600616216659547,3.456914186477661,0.9440909090909091,0.48409090909090907,4.858510509263447,0,0.0,0,nan,nan,nan,nan,34.999998706649876,-538.999999401992,30.999998706649876
M4_sparse,procedural,dlc_joint_transition_observer,28,4,dlcD_M4_sparse_n4_seed28,ok,3,2200,300,7.669056596855068,6.247779288881728,7.343764713763264,9.00597238642235,5.530622104086582,7.818094682693482,9.373489110078909,6.256284435713066,7.779251148030166,15.456003238573038,4.982959125925735,4.843666953019301,7.78282675743103,8.404988288879395,0.7672727272727272,0.25272727272727274,2.728966277961732,94,0.0,0,nan,nan,nan,nan,45.49999927172826,-717.4999944853054,41.49999927172826
M4_sparse,procedural,ours_dnq_dlc_seed13,28,4,ours_M4_sparse_n4_seed28,ok,3,2200,300,18.231225321437865,11.86611541062805,18.782151882663356,22.62509532023919,0.6378803291799207,0.8587509036064148,18.07111514671912,11.73337771855473,18.729507554731782,22.611855266554397,3.6714083040308627,0.6433921182460406,0.8589990019798279,1.0493299961090088,0.01818181818181818,0.0,4.166962673925836,0,0.07909090909090909,2200,1.7845454545454544,0.0031832651205093224,3.0,275.0,304.50000087106287,-59.50000234684774,300.50000087106287
M4_sparse,procedural,ours_dnq_dlc_seed21,28,4,ours_M4_sparse_n4_seed28,ok,3,2200,300,14.834245547329205,11.051477816036394,12.544614697004844,21.000229793783372,0.7829753718130584,1.0569485545158388,14.860247464562132,11.010534222054481,12.569508642648607,21.071591236843652,4.029190349234368,0.7752937129307115,1.0359776020050049,1.68784761428833,0.10818181818181818,0.0,2.733938136550226,63,0.17954545454545454,2200,2.7295454545454545,0.0009095043201455207,3.0,733.3333333333334,108.50000647349862,-59.50000234684774,104.50000647349862
M4_sparse,procedural,ours_dnq_dlc_seed47,28,4,ours_M4_sparse_n4_seed28,ok,3,2200,300,17.634488742948008,11.231644158786878,18.73996454611797,22.997878043209028,0.6616120212401917,0.8902068853378298,17.579962196221935,11.25517933542224,18.624916804174457,23.03530150578963,4.576337001409057,0.6575852172613751,0.8878291487693788,1.039645791053772,0.014545454545454545,0.0,4.306916036207687,0,0.11136363636363636,2200,2.2963636363636364,0.001364256480218281,3.0,550.0,283.49999697184035,-59.50000234684774,279.49999697184035
M4_sparse,procedural,ours_dnq_dlc_seed71,28,4,ours_M4_sparse_n4_seed28,ok,3,2200,300,7.2750031317061,2.4519766360820063,3.482915042571542,13.600483853377773,3.041108419499544,7.664647102355958,8.698654380212327,2.4528234520796284,7.505253135305027,17.350828677931624,6.236786890470353,2.7095126673007193,7.400967025756837,11.22243881225586,0.5245454545454545,0.4727272727272727,2.862072448549936,346,0.022272727272727274,2200,1.769090909090909,0.001364256480218281,3.0,550.0,35.00000358869784,-321.9999988734678,31.000003588697837
M4_sparse,procedural,ours_dnq_dlc_seed99,28,4,ours_M4_sparse_n4_seed28,ok,3,2200,300,15.859772102485987,10.937341254586642,16.57036454405114,22.10758536000455,0.6784084652576865,0.9618314146995545,15.987053422447776,10.984826191063615,16.878126748544453,21.95619841560637,4.322098253232812,0.6799358208186987,0.9387834966182709,1.1370400190353394,0.05545454545454546,0.0,4.499759345619602,29,0.11454545454545455,2200,2.623181818181818,0.0009095043201455207,3.0,733.3333333333334,206.50000123394807,-59.50000234684774,202.50000123394807
M4_sparse,procedural,rule_expert_gate,29,4,rule_M4_sparse_n4_seed29,ok,3,2200,300,10.545643227056,8.652163166165227,11.033252460264965,11.987385131005107,0.3742065838414802,0.7439027070999176,10.551131579270807,8.616264542259147,10.98251926396166,11.993121843452332,1.766175626484617,0.3621847379361465,0.6802482306957246,4.21025276184082,0.08227272727272728,0.06636363636363636,4.943872040870953,2152,0.0,0,nan,nan,nan,nan,3.500000963940238,-115.4999945170157,-0.49999903605976215
M4_sparse,procedural,dlc_individual_transition,29,4,dlcA_M4_sparse_n4_seed29,ok,3,2200,300,3.222608554772986,2.2397007953499957,3.12327044050382,4.388314797900407,1.3597849441202063,2.504789686203003,3.787205540579884,2.2681075386756904,3.3362494499729305,4.95966831370582,1.9922835721063463,1.3530212783323474,2.5261995792388916,2.596531391143799,0.5645454545454546,0.4863636363636364,4.951571314550706,150,0.0,0,nan,nan,nan,nan,3.500001845689553,-518.0000003446293,-0.4999981543104468
M4_sparse,procedural,dlc_joint_transition,29,4,dlcA_M4_sparse_n4_seed29,ok,3,2200,300,3.050330062355765,2.122634432226229,2.9574690076057717,4.148884357608382,1.0187962811212454,2.127698659896851,3.619203502944519,2.150435757662098,3.158398502680007,4.680875055392169,2.0074453608909666,1.0355485404131601,2.1456526279449464,2.2066686153411865,0.49636363636363634,0.46045454545454545,4.9830770807795615,146,0.0,0,nan,nan,nan,nan,3.500001845689553,-510.9999982845692,-0.4999981543104468
M4_sparse,procedural,dlc_joint_transition_observer,29,4,dlcA_M4_sparse_n4_seed29,ok,3,2200,300,15.465203470993638,11.712541671897023,14.032205862811265,20.80367361594922,1.6387381728966093,3.23490834236145,14.324511196706995,5.4473235119026775,13.808145299767425,20.399161415506097,5.345295056913759,1.5471257604692668,3.1957685708999635,3.382122278213501,0.649090909090909,0.2927272727272727,5.032803378803836,126,0.0,0,nan,nan,nan,nan,45.50000982220308,-307.999999610867,41.50000982220308
M4_sparse,procedural,dlc_individual_transition,29,4,dlcB_M4_sparse_n4_seed29,ok,3,2200,300,8.235129209094726,2.1963588779471013,5.330868366090716,20.20741877384906,1.7380035333126542,2.9136880636215214,8.191033152220697,2.4767118652767888,5.6492031294741025,17.305510833617216,7.084399626298413,1.563914686057866,2.867038917541504,3.283360004425049,0.6309090909090909,0.23681818181818182,2.388303767147354,1340,0.0,0,nan,nan,nan,nan,6.999997579924639,-293.9999959334598,2.9999975799246386
M4_sparse,procedural,dlc_joint_transition,29,4,dlcB_M4_sparse_n4_seed29,ok,3,2200,300,12.664576535284482,8.974383188394974,11.807968476745447,15.544308040721283,1.9925165747389761,6.161055135726929,11.922801741016158,8.070099389223637,11.37395031168996,13.144644542862556,4.933055281698749,1.81731336905113,6.014799213409424,8.41922664642334,0.3559090909090909,0.13090909090909092,4.897573991052545,138,0.0,0,nan,nan,nan,nan,111.99999460171239,-206.49999962830384,107.99999460171239
M4_sparse,procedural,dlc_joint_transition_observer,29,4,dlcB_M4_sparse_n4_seed29,ok,3,2200,300,10.221299685540446,7.768525913477264,10.644896433981518,12.197222632149833,7.6217798375301475,12.642211818695069,10.39454267974777,8.07098358123862,10.893743380643356,12.197450323230832,1.9560527771908993,6.603172303607511,12.600798320770263,12.893293380737305,0.6663636363636364,0.1709090909090909,4.986485147847836,639,0.0,0,nan,nan,nan,nan,0.0,-679.0000007672273,-4.0
M4_sparse,procedural,dlc_individual_transition,29,4,dlcC_M4_sparse_n4_seed29,ok,3,2200,300,8.235129209094726,2.1963588779471013,5.330868366090716,20.20741877384906,1.7380035333126542,2.9136880636215214,8.191033152220697,2.4767118652767888,5.6492031294741025,17.305510833617216,7.084399626298413,1.563914686057866,2.867038917541504,3.283360004425049,0.6309090909090909,0.23681818181818182,2.388303767147354,1340,0.0,0,nan,nan,nan,nan,6.999997579924639,-293.9999959334598,2.9999975799246386
M4_sparse,procedural,dlc_joint_transition,29,4,dlcC_M4_sparse_n4_seed29,ok,3,2200,300,12.664576535284482,8.974383188394974,11.807968476745447,15.544308040721283,1.9925165747389761,6.161055135726929,11.922801741016158,8.070099389223637,11.37395031168996,13.144644542862556,4.933055281698749,1.81731336905113,6.014799213409424,8.41922664642334,0.3559090909090909,0.13090909090909092,4.897573991052545,138,0.0,0,nan,nan,nan,nan,111.99999460171239,-206.49999962830384,107.99999460171239
M4_sparse,procedural,dlc_joint_transition_observer,29,4,dlcC_M4_sparse_n4_seed29,ok,3,2200,300,15.465203470993638,11.712541671897023,14.032205862811265,20.80367361594922,1.6387381728966093,3.23490834236145,14.324511196706995,5.4473235119026775,13.808145299767425,20.399161415506097,5.345295056913759,1.5471257604692668,3.1957685708999635,3.382122278213501,0.649090909090909,0.2927272727272727,5.032803378803836,126,0.0,0,nan,nan,nan,nan,45.50000982220308,-307.999999610867,41.50000982220308
M4_sparse,procedural,dlc_individual_transition,29,4,dlcD_M4_sparse_n4_seed29,ok,3,2200,300,3.222608554772986,2.2397007953499957,3.12327044050382,4.388314797900407,1.3597849441202063,2.504789686203003,3.787205540579884,2.2681075386756904,3.3362494499729305,4.95966831370582,1.9922835721063463,1.3530212783323474,2.5261995792388916,2.596531391143799,0.5645454545454546,0.4863636363636364,4.951571314550706,150,0.0,0,nan,nan,nan,nan,3.500001845689553,-518.0000003446293,-0.4999981543104468
M4_sparse,procedural,dlc_joint_transition,29,4,dlcD_M4_sparse_n4_seed29,ok,3,2200,300,3.050330062355765,2.122634432226229,2.9574690076057717,4.148884357608382,1.0187962811212454,2.127698659896851,3.619203502944519,2.150435757662098,3.158398502680007,4.680875055392169,2.0074453608909666,1.0355485404131601,2.1456526279449464,2.2066686153411865,0.49636363636363634,0.46045454545454545,4.9830770807795615,146,0.0,0,nan,nan,nan,nan,3.500001845689553,-510.9999982845692,-0.4999981543104468
M4_sparse,procedural,dlc_joint_transition_observer,29,4,dlcD_M4_sparse_n4_seed29,ok,3,2200,300,10.221299685540446,7.768525913477264,10.644896433981518,12.197222632149833,7.6217798375301475,12.642211818695069,10.39454267974777,8.07098358123862,10.893743380643356,12.197450323230832,1.9560527771908993,6.603172303607511,12.600798320770263,12.893293380737305,0.6663636363636364,0.1709090909090909,4.986485147847836,639,0.0,0,nan,nan,nan,nan,0.0,-679.0000007672273,-4.0
M4_sparse,procedural,ours_dnq_dlc_seed13,29,4,ours_M4_sparse_n4_seed29,ok,3,2200,300,17.34297677799314,11.265260070706026,18.43455620751321,22.55654991081756,0.6115800210000261,0.8306135475635529,16.554878147316824,10.466458230271462,17.921193725741666,22.420417535682052,5.112113986214447,0.5833348261524753,0.8247527182102203,0.9333401322364807,0.0,0.0,2.8422335188057386,108,0.11681818181818182,2200,2.28,0.001364256480218281,3.0,550.0,217.00000012577902,-70.00000451766925,213.00000012577902
M4_sparse,procedural,ours_dnq_dlc_seed21,29,4,ours_M4_sparse_n4_seed29,ok,3,2200,300,7.301621378331869,3.3744055405640143,7.007158864967364,11.564818300990003,12.142954177699101,24.76495399475098,7.898628723180718,3.4489381516673574,7.316979808331203,12.08732835319465,3.727394412834346,10.503646793129102,24.347893524169923,28.17021942138672,0.7522727272727273,0.16636363636363635,3.2342112488390615,1873,0.023636363636363636,2200,1.8877272727272727,0.0009095043201455207,3.0,733.3333333333334,7.0000123352699575,-262.5000051119948,3.0000123352699575
M4_sparse,procedural,ours_dnq_dlc_seed47,29,4,ours_M4_sparse_n4_seed29,ok,3,2200,300,19.475934136385803,12.493340260542372,20.277695681113084,23.190347410026032,0.573669093195349,0.7942140460014343,18.91890873014748,11.578634483361848,19.83900266962535,23.193510908422734,4.188585877881385,0.5331921628371293,0.7650451838970185,1.1672114133834839,0.006363636363636364,0.0,4.361395464068783,104,0.02727272727272727,2200,1.0577272727272726,0.001364256480218281,3.0,550.0,339.49999936010727,-63.00000213340263,335.49999936010727
M4_sparse,procedural,ours_dnq_dlc_seed71,29,4,ours_M4_sparse_n4_seed29,ok,3,2200,300,10.351661320516056,2.4679399305006258,11.344537084669973,16.223785465478475,1.2612031120204636,3.573316836357118,10.684532660129292,2.9882327677438023,11.390522671738012,16.753428287079384,5.005193115469757,1.1491937264042842,3.387058925628663,5.23075008392334,0.31227272727272726,0.185,2.769111358764815,528,0.06909090909090909,2200,2.9904545454545453,0.001364256480218281,3.0,550.0,31.50000101743717,-94.50000665026437,27.50000101743717
M4_sparse,procedural,ours_dnq_dlc_seed99,29,4,ours_M4_sparse_n4_seed29,ok,3,2200,300,20.1383233381422,12.977305830003855,21.170099571898426,23.274861302024263,0.5520848283134892,0.7075167536735535,19.50395195155106,12.111486660337537,20.785735635688454,23.208864441855436,4.217994205708736,0.550501233920328,0.792023253440857,1.1762363910675049,0.017727272727272727,0.0,2.9246054376102077,3,0.03636363636363636,2200,1.1236363636363635,0.0031832651205093224,3.0,275.0,374.5000033947408,-63.000002861173016,370.5000033947408
M4_sparse,procedural,rule_expert_gate,30,4,rule_M4_sparse_n4_seed30,ok,3,2200,300,10.973546235090211,9.76188320572237,11.056474583155394,11.929437344664182,0.10756697829216902,0.3118780434131626,10.998005204218424,9.836000661776957,11.04140472667494,11.929437344664182,1.0584255578256971,0.10579550614736614,0.26298851072788243,0.4148125946521759,0.0,0.0,4.958795474798799,2161,0.0,0,nan,nan,nan,nan,0.0,-66.50000454772658,-4.0
M4_sparse,procedural,dlc_individual_transition,30,4,dlcA_M4_sparse_n4_seed30,ok,3,2200,300,3.313434536675714,2.3012542478953244,3.210603758945743,4.51485153233142,1.3492788112947816,2.4893599987030033,3.878514257972734,2.330472214693068,3.428452644945187,5.104992288448615,1.9895075260812516,1.3404570657178887,2.5133756160736085,2.588930606842041,0.5777272727272728,0.4990909090909091,4.911525948249084,154,0.0,0,nan,nan,nan,nan,3.5000013621587414,-514.4999974789935,-0.49999863784125864
M4_sparse,procedural,dlc_joint_transition,30,4,dlcA_M4_sparse_n4_seed30,ok,3,2200,300,3.1349915418484264,2.180204161299831,3.038972464031626,4.266460363389861,0.9869082571984434,2.122767496109009,3.7061412579698065,2.207828111265287,3.2458123842209217,4.8198875999603334,2.0067010709933775,1.0043918484020105,2.1429238319396973,2.208435535430908,0.47954545454545455,0.4768181818181818,4.943320317742386,153,0.0,0,nan,nan,nan,nan,3.5000013621587414,-510.9999986494582,-0.49999863784125864
M4_sparse,procedural,dlc_joint_transition_observer,30,4,dlcA_M4_sparse_n4_seed30,ok,3,2200,300,11.7736049749934,8.006393709373699,10.327276999237768,18.422324715391067,2.1525324843600884,4.721904230117801,11.144339583997454,5.73535062576068,9.80160690888733,16.46534349780916,5.345297414401177,1.989373404065819,4.003549480438235,9.263980865478516,0.6677272727272727,0.2081818181818182,4.96204673599664,133,0.0,0,nan,nan,nan,nan,45.50001163354182,-301.00000350548953,41.50001163354182
M4_sparse,procedural,dlc_individual_transition,30,4,dlcB_M4_sparse_n4_seed30,ok,3,2200,300,11.14903986323485,5.253089447031627,11.417702979899715,12.712536221074082,0.4313133508256559,1.9103519678115863,10.70451254625994,5.3022607967398105,11.292742849079556,12.68581287651873,4.308295962491123,0.43584739904449055,1.6807373404502868,2.7608370780944824,0.14045454545454544,0.06727272727272728,4.545212384241909,1404,0.0,0,nan,nan,nan,nan,0.0,-122.50000026459884,-4.0
M4_sparse,procedural,dlc_joint_transition,30,4,dlcB_M4_sparse_n4_seed30,ok,3,2200,300,13.947288097966027,9.929614053221327,12.43475569896798,19.633204133660588,0.5730316578420676,0.7807457685470582,13.037951358698628,8.157258962273138,12.230036090716318,18.63027849097562,5.255838989527655,0.5895557009895526,1.0689322710037235,6.22849702835083,0.10954545454545454,0.02409090909090909,4.866786856828387,156,0.0,0,nan,nan,nan,nan,122.50000053307258,-168.0000008711005,118.50000053307258
M4_sparse,procedural,dlc_joint_transition_observer,30,4,dlcB_M4_sparse_n4_seed30,ok,3,2200,300,11.796412047620668,10.060979494216816,11.393266250023142,14.287107614005862,0.30095741672831583,0.4528999358415604,11.78169465212682,9.976686305688158,11.424133131825103,14.010693552534939,2.0754255922221456,0.28368941812276965,0.452324378490448,0.6242290139198303,0.0,0.0,4.161801835794743,1816,0.0,0,nan,nan,nan,nan,31.49999874234254,-63.0000036186259,27.49999874234254
M4_sparse,procedural,dlc_individual_transition,30,4,dlcC_M4_sparse_n4_seed30,ok,3,2200,300,11.14903986323485,5.253089447031627,11.417702979899715,12.712536221074082,0.4313133508256559,1.9103519678115863,10.70451254625994,5.3022607967398105,11.292742849079556,12.68581287651873,4.308295962491123,0.43584739904449055,1.6807373404502868,2.7608370780944824,0.14045454545454544,0.06727272727272728,4.545212384241909,1404,0.0,0,nan,nan,nan,nan,0.0,-122.50000026459884,-4.0
M4_sparse,procedural,dlc_joint_transition,30,4,dlcC_M4_sparse_n4_seed30,ok,3,2200,300,13.947288097966027,9.929614053221327,12.43475569896798,19.633204133660588,0.5730316578420676,0.7807457685470582,13.037951358698628,8.157258962273138,12.230036090716318,18.63027849097562,5.255838989527655,0.5895557009895526,1.0689322710037235,6.22849702835083,0.10954545454545454,0.02409090909090909,4.866786856828387,156,0.0,0,nan,nan,nan,nan,122.50000053307258,-168.0000008711005,118.50000053307258
M4_sparse,procedural,dlc_joint_transition_observer,30,4,dlcC_M4_sparse_n4_seed30,ok,3,2200,300,11.7736049749934,8.006393709373699,10.327276999237768,18.422324715391067,2.1525324843600884,4.721904230117801,11.144339583997454,5.73535062576068,9.80160690888733,16.46534349780916,5.345297414401177,1.989373404065819,4.003549480438235,9.263980865478516,0.6677272727272727,0.2081818181818182,4.96204673599664,133,0.0,0,nan,nan,nan,nan,45.50001163354182,-301.00000350548953,41.50001163354182
M4_sparse,procedural,dlc_individual_transition,30,4,dlcD_M4_sparse_n4_seed30,ok,3,2200,300,3.313434536675714,2.3012542478953244,3.210603758945743,4.51485153233142,1.3492788112947816,2.4893599987030033,3.878514257972734,2.330472214693068,3.428452644945187,5.104992288448615,1.9895075260812516,1.3404570657178887,2.5133756160736085,2.588930606842041,0.5777272727272728,0.4990909090909091,4.911525948249084,154,0.0,0,nan,nan,nan,nan,3.5000013621587414,-514.4999974789935,-0.49999863784125864
M4_sparse,procedural,dlc_joint_transition,30,4,dlcD_M4_sparse_n4_seed30,ok,3,2200,300,3.1349915418484264,2.180204161299831,3.038972464031626,4.266460363389861,0.9869082571984434,2.122767496109009,3.7061412579698065,2.207828111265287,3.2458123842209217,4.8198875999603334,2.0067010709933775,1.0043918484020105,2.1429238319396973,2.208435535430908,0.47954545454545455,0.4768181818181818,4.943320317742386,153,0.0,0,nan,nan,nan,nan,3.5000013621587414,-510.9999986494582,-0.49999863784125864
M4_sparse,procedural,dlc_joint_transition_observer,30,4,dlcD_M4_sparse_n4_seed30,ok,3,2200,300,11.796412047620668,10.060979494216816,11.393266250023142,14.287107614005862,0.30095741672831583,0.4528999358415604,11.78169465212682,9.976686305688158,11.424133131825103,14.010693552534939,2.0754255922221456,0.28368941812276965,0.452324378490448,0.6242290139198303,0.0,0.0,4.161801835794743,1816,0.0,0,nan,nan,nan,nan,31.49999874234254,-63.0000036186259,27.49999874234254
M4_sparse,procedural,ours_dnq_dlc_seed13,30,4,ours_M4_sparse_n4_seed30,ok,3,2200,300,19.326844671973774,12.036761592871365,20.264547397161245,23.306643548745324,0.5897183395732243,0.8196376323699952,19.02355561027523,11.821488841713636,19.77662737877926,23.308496734586587,4.124337808114911,0.5685277222296943,0.8107437014579775,1.0108212232589722,0.008181818181818182,0.0,4.018549451789829,45,0.056363636363636366,2200,1.1190909090909091,0.001364256480218281,3.0,550.0,353.5000014850814,-63.0000036186259,349.5000014850814
M4_sparse,procedural,ours_dnq_dlc_seed21,30,4,ours_M4_sparse_n4_seed30,ok,3,2200,300,12.409102289032756,9.755927928849006,12.285929967929931,15.42793880670663,0.4395160377169132,0.9869408190250398,12.303815594380698,9.735904547633877,12.175190633812276,15.20610430833571,2.7240575308200605,0.3979744235493788,0.9630170524120332,1.188387393951416,0.07227272727272727,0.0,2.8736546080004617,1256,0.05045454545454545,2200,3.0,0.0,3.0,2200.0,49.00000169419104,-63.0000036186259,45.00000169419104
M4_sparse,procedural,ours_dnq_dlc_seed47,30,4,ours_M4_sparse_n4_seed30,ok,3,2200,300,21.437666645072806,18.81626317168233,22.000801092848352,23.261685203841296,0.5450120457987252,0.6362815022468568,20.166377437933736,15.94248580734518,21.592730706864565,23.227656230151513,4.145324968010979,0.5013166073323968,0.6314440369606018,0.7272757887840271,0.0,0.0,3.0047005228746335,184,0.0,2200,0.9740909090909091,0.001364256480218281,3.0,550.0,430.50000226547513,-70.00000345197236,426.50000226547513
M4_sparse,procedural,ours_dnq_dlc_seed71,30,4,ours_M4_sparse_n4_seed30,ok,3,2200,300,6.808905507824248,3.7827167550388143,6.61821341321456,11.333346155080804,12.801391910867716,25.82235431671143,7.504427783707314,3.8710632175454602,7.046494871388656,11.91492058713318,3.3653037750737167,11.070254653534143,25.219285583496095,29.20408058166504,0.7881818181818182,0.1318181818181818,3.1247347645405568,1831,0.04090909090909091,2200,1.790909090909091,0.0009095043201455207,3.0,733.3333333333334,3.5000024561342116,-392.00000583828887,-0.49999754386578843
M4_sparse,procedural,ours_dnq_dlc_seed99,30,4,ours_M4_sparse_n4_seed30,ok,3,2200,300,16.0764715887156,11.226587668197132,16.27188338006745,22.305542629680716,0.8070466327580231,1.3255821466445923,15.561104115328755,10.985821778975897,14.503129527371225,22.113554989246595,4.522008004091911,0.7544675324523996,1.2873292684555058,2.331531524658203,0.2059090909090909,0.0,2.4619309391864137,273,0.09090909090909091,2200,2.388181818181818,0.002728512960436562,3.0,314.2857142857143,164.50000131387696,-63.000002796723265,160.50000131387696
M4_sparse,procedural,rule_expert_gate,31,4,rule_M4_sparse_n4_seed31,ok,3,2200,300,19.258255983344885,6.62980460741627,22.453687609605183,25.513407369420182,0.996900012500195,4.30495743751526,19.377309772172627,6.881185542238562,22.49179191989498,26.578531077685454,7.1099279896517285,0.9044986739364818,3.9906141757965092,5.123106956481934,0.21863636363636363,0.05227272727272727,2.825728403339063,523,0.0,0,nan,nan,nan,nan,356.9999977952068,-87.5000097524844,352.9999977952068
M4_sparse,procedural,dlc_individual_transition,31,4,dlcA_M4_sparse_n4_seed31,ok,3,2200,300,12.025054970474038,7.36384267252993,11.04598267168933,18.499507238851113,2.3152272531233336,3.3623713254928593,13.732158423019072,7.45278279864391,11.987496183936436,23.17834394574789,5.996470402297473,2.273794435398145,3.369050979614258,3.5504419803619385,0.975,0.3245454545454545,5.019145388397397,0,0.0,0,nan,nan,nan,nan,10.49999814897626,-482.99999679278966,6.49999814897626
M4_sparse,procedural,dlc_joint_transition,31,4,dlcA_M4_sparse_n4_seed31,ok,3,2200,300,12.747678820267343,7.859622805627705,11.69268513056763,19.588917049019553,2.332648407095357,3.406661057472229,14.515466743784808,7.948153428405363,12.677542488879618,24.703872796419756,6.251038822976644,2.2311126427487893,3.402322268486023,3.5089776515960693,0.9386363636363636,0.4727272727272727,4.55320030662661,0,0.0,0,nan,nan,nan,nan,38.50000448614924,-437.49999851136226,34.50000448614924
M4_sparse,procedural,dlc_joint_transition_observer,31,4,dlcA_M4_sparse_n4_seed31,ok,3,2200,300,16.48412599870431,9.714333210686355,15.099565844922271,25.915170046627853,2.747458186651531,3.798481059074402,17.758579518334,9.82700446271185,16.299132326879928,26.616596795126608,6.720143637387457,2.4629887369275094,3.7804052352905275,6.420853614807129,0.8740909090909091,0.39590909090909093,4.201270571878132,0,0.0,0,nan,nan,nan,nan,73.50000476795753,-353.50000240424265,69.50000476795753
M4_sparse,procedural,dlc_individual_transition,31,4,dlcB_M4_sparse_n4_seed31,ok,3,2200,300,21.441214643120237,14.35519912401343,21.767423169519578,28.317273796323594,1.5132143775132596,3.235514783859253,21.970108841511248,14.512391080751591,22.03987853637585,28.328981146176055,5.065120238085718,1.41379347995212,3.161690998077393,3.5103204250335693,0.5086363636363637,0.21818181818181817,5.0461373405324625,0,0.0,0,nan,nan,nan,nan,321.9999979250638,-63.000007365957345,317.9999979250638
M4_sparse,procedural,dlc_joint_transition,31,4,dlcB_M4_sparse_n4_seed31,ok,3,2200,300,15.78726713827309,9.317757553691369,13.722567038946451,26.356840512199973,9.809649153696864,12.238149929046632,17.067266463740513,9.406984240103219,14.985571205461994,27.007549961813186,6.852788329193322,8.560377274358814,12.15397024154663,12.863086700439453,0.8259090909090909,0.6777272727272727,4.177408604551405,0,0.0,0,nan,nan,nan,nan,108.50000655576616,-4682.999991758704,104.50000655576616
M4_sparse,procedural,dlc_joint_transition_observer,31,4,dlcB_M4_sparse_n4_seed31,ok,3,2200,300,5.664559530050226,4.424125803980555,5.406636605222264,6.2651350351784805,6.282827755623669,8.811850643157959,7.608887391903685,4.459915951644235,5.54534751781209,17.592886952566896,5.850987052750949,5.493268238566075,8.776195335388184,8.988109588623047,0.7540909090909091,0.20318181818181819,4.702690397708426,49,0.0,0,nan,nan,nan,nan,45.50000259561864,-637.0000003945743,41.50000259561864
M4_sparse,procedural,dlc_individual_transition,31,4,dlcC_M4_sparse_n4_seed31,ok,3,2200,300,21.441214643120237,14.35519912401343,21.767423169519578,28.317273796323594,1.5132143775132596,3.235514783859253,21.970108841511248,14.512391080751591,22.03987853637585,28.328981146176055,5.065120238085718,1.41379347995212,3.161690998077393,3.5103204250335693,0.5086363636363637,0.21818181818181817,5.0461373405324625,0,0.0,0,nan,nan,nan,nan,321.9999979250638,-63.000007365957345,317.9999979250638
M4_sparse,procedural,dlc_joint_transition,31,4,dlcC_M4_sparse_n4_seed31,ok,3,2200,300,15.78726713827309,9.317757553691369,13.722567038946451,26.356840512199973,9.809649153696864,12.238149929046632,17.067266463740513,9.406984240103219,14.985571205461994,27.007549961813186,6.852788329193322,8.560377274358814,12.15397024154663,12.863086700439453,0.8259090909090909,0.6777272727272727,4.177408604551405,0,0.0,0,nan,nan,nan,nan,108.50000655576616,-4682.999991758704,104.50000655576616
M4_sparse,procedural,dlc_joint_transition_observer,31,4,dlcC_M4_sparse_n4_seed31,ok,3,2200,300,16.48412599870431,9.714333210686355,15.099565844922271,25.915170046627853,2.747458186651531,3.798481059074402,17.758579518334,9.82700446271185,16.299132326879928,26.616596795126608,6.720143637387457,2.4629887369275094,3.7804052352905275,6.420853614807129,0.8740909090909091,0.39590909090909093,4.201270571878132,0,0.0,0,nan,nan,nan,nan,73.50000476795753,-353.50000240424265,69.50000476795753
M4_sparse,procedural,dlc_individual_transition,31,4,dlcD_M4_sparse_n4_seed31,ok,3,2200,300,12.025054970474038,7.36384267252993,11.04598267168933,18.499507238851113,2.3152272531233336,3.3623713254928593,13.732158423019072,7.45278279864391,11.987496183936436,23.17834394574789,5.996470402297473,2.273794435398145,3.369050979614258,3.5504419803619385,0.975,0.3245454545454545,5.019145388397397,0,0.0,0,nan,nan,nan,nan,10.49999814897626,-482.99999679278966,6.49999814897626
M4_sparse,procedural,dlc_joint_transition,31,4,dlcD_M4_sparse_n4_seed31,ok,3,2200,300,12.747678820267343,7.859622805627705,11.69268513056763,19.588917049019553,2.332648407095357,3.406661057472229,14.515466743784808,7.948153428405363,12.677542488879618,24.703872796419756,6.251038822976644,2.2311126427487893,3.402322268486023,3.5089776515960693,0.9386363636363636,0.4727272727272727,4.55320030662661,0,0.0,0,nan,nan,nan,nan,38.50000448614924,-437.49999851136226,34.50000448614924
M4_sparse,procedural,dlc_joint_transition_observer,31,4,dlcD_M4_sparse_n4_seed31,ok,3,2200,300,5.664559530050226,4.424125803980555,5.406636605222264,6.2651350351784805,6.282827755623669,8.811850643157959,7.608887391903685,4.459915951644235,5.54534751781209,17.592886952566896,5.850987052750949,5.493268238566075,8.776195335388184,8.988109588623047,0.7540909090909091,0.20318181818181819,4.702690397708426,49,0.0,0,nan,nan,nan,nan,45.50000259561864,-637.0000003945743,41.50000259561864
M4_sparse,procedural,ours_dnq_dlc_seed13,31,4,ours_M4_sparse_n4_seed31,ok,3,2200,300,18.799639937188513,11.499844797820522,19.87448599247709,23.28694796294711,0.5399506422841162,0.8435078740119935,17.8591467334638,11.182760950291017,18.959958254598998,23.217994941839105,4.746719889254369,0.643202093241694,1.0088389515876774,2.4015250205993652,0.09863636363636363,0.0,2.8319039140224236,127,0.07727272727272727,2200,1.3472727272727272,0.001364256480218281,3.0,550.0,269.49999943905186,-66.50000080588438,265.49999943905186
M4_sparse,procedural,ours_dnq_dlc_seed21,31,4,ours_M4_sparse_n4_seed31,ok,3,2200,300,14.88835564959666,10.741691982741003,12.931303694472286,21.14853363617376,0.6131039861824952,0.9326183915138245,14.201720782998967,10.192188457676634,12.547630854738339,20.52294484747621,4.472949217168601,0.5639134142063664,0.9223922669887543,1.2793067693710327,0.03681818181818182,0.0,2.853127125178989,514,0.12136363636363637,2200,2.7595454545454547,0.0018190086402910413,3.0,440.0,122.4999998436158,-70.0000024581916,118.4999998436158
M4_sparse,procedural,ours_dnq_dlc_seed47,31,4,ours_M4_sparse_n4_seed31,ok,3,2200,300,19.04719680927634,11.562730091695116,20.6737632308702,23.192369828640455,0.6150107666168754,0.9475346803665162,18.97797335021611,11.550647300881847,20.459390360091625,23.26221129216421,4.394303881767031,0.612689030429941,0.9520426869392395,1.440772533416748,0.06318181818181819,0.0,4.29294899809931,0,0.04681818181818182,2200,0.8436363636363636,0.001364256480218281,3.0,550.0,353.5000051329423,-63.000007365957345,349.5000051329423
M4_sparse,procedural,ours_dnq_dlc_seed71,31,4,ours_M4_sparse_n4_seed31,ok,3,2200,300,18.217786046659427,11.469506192778685,19.2042883133716,22.89143167177625,0.6504516708156045,0.8912628889083862,17.95807958906275,11.436599993320707,18.984733354700676,22.80832190013352,4.226398705263043,0.6529385265378832,0.8899459660053254,1.1028724908828735,0.024545454545454544,0.0,4.3769653890440905,0,0.10818181818181818,2200,1.2954545454545454,0.001364256480218281,3.0,550.0,318.5000020238299,-63.000007365957345,314.5000020238299
M4_sparse,procedural,ours_dnq_dlc_seed99,31,4,ours_M4_sparse_n4_seed31,ok,3,2200,300,20.270936915899576,17.160581531508143,20.91811422881421,23.244612029174835,0.536620133109452,0.7196737289428711,19.83181643186331,16.34605610734631,20.211655555708276,23.201879075938006,3.307629391051968,0.5588104230420008,0.7368256092071533,1.1222236156463623,0.017272727272727273,0.0,6.255613642442509,0,0.02727272727272727,2200,0.9086363636363637,0.001364256480218281,3.0,550.0,392.0000032956609,-63.000007365957345,388.0000032956609
M4_sparse,procedural,rule_expert_gate,32,4,rule_M4_sparse_n4_seed32,ok,3,2200,300,23.030207352022142,22.005059238261506,22.95950676483065,23.906176850965515,0.061461689296288806,0.17516448050737382,22.197797402015397,20.83915098958521,22.867538071638066,23.946931232682893,3.3579403289450314,0.11691237903623418,0.25169464051723484,1.52510404586792,0.017727272727272727,0.0,3.860022569570559,91,0.0,0,nan,nan,nan,nan,479.4999917547834,-70.00000474562103,475.4999917547834
M4_sparse,procedural,dlc_individual_transition,32,4,dlcA_M4_sparse_n4_seed32,ok,3,2200,300,0.03678929149310754,0.026515790184911563,0.03591987816293252,0.048660457401316824,0.22030654794291446,0.22307209372520448,0.7279435267140479,0.02681414711802092,0.0380628386398972,0.05371616799873734,2.5250650166504647,0.22770179530775006,0.22312669456005096,0.6639724373817444,0.0,0.9345454545454546,3.8390553249055723,163,0.0,0,nan,nan,nan,nan,6.99999717646665,-528.5000049589535,2.9999971764666498
M4_sparse,procedural,dlc_joint_transition,32,4,dlcA_M4_sparse_n4_seed32,ok,3,2200,300,10.487926258400055,6.920610821602113,9.507904688310308,13.723980399642775,2.0406071771098007,3.3806488990783694,10.169359406378367,5.768086942725698,9.08806098184952,13.619194668059263,4.405624837321537,1.823358504196248,3.346246242523194,3.4786362648010254,0.8022727272727272,0.4509090909090909,4.744425233696718,240,0.0,0,nan,nan,nan,nan,0.0,-462.00000653063785,-4.0
M4_sparse,procedural,dlc_joint_transition_observer,32,4,dlcA_M4_sparse_n4_seed32,ok,3,2200,300,14.77243030012611,8.844620042189357,13.169613029329348,25.116123470847025,2.2449289307155107,3.3382933378219604,15.718454013853718,8.845046083917973,13.850740771039053,25.13666136406424,6.0500927071144925,2.0046470546451483,3.3256702899932864,6.5493083000183105,0.7772727272727272,0.3322727272727273,3.4519421416332174,25,0.0,0,nan,nan,nan,nan,104.99999805277321,-255.50000564538232,100.99999805277321
M4_sparse,procedural,dlc_individual_transition,32,4,dlcB_M4_sparse_n4_seed32,ok,3,2200,300,8.529807570632478,3.3902931021423455,4.7069438338171015,26.248979701174097,2.856380284791322,3.941773462295532,10.892801178073922,3.4309525304845576,5.022723767802359,26.76161557414075,10.310450190912848,2.5719075214744294,3.923791193962097,4.206913948059082,0.87,0.4445454545454545,3.7054865462004423,28,0.0,0,nan,nan,nan,nan,77.00000548413118,-360.499998323614,73.00000548413118
M4_sparse,procedural,dlc_joint_transition,32,4,dlcB_M4_sparse_n4_seed32,ok,3,2200,300,1.1703518646814897,0.4524035489632851,1.0493606180580524,1.8405499766195763,6.001420294736561,7.521361207962037,1.9928408331410623,0.46751244702688904,1.2429789989247146,5.189471569787602,2.4250763805345756,5.288738692716288,7.491610527038574,7.687161445617676,0.9077272727272727,0.5081818181818182,4.247862098425546,183,0.0,0,nan,nan,nan,nan,6.99999717646665,-591.5000029276406,2.9999971764666498
M4_sparse,procedural,dlc_joint_transition_observer,32,4,dlcB_M4_sparse_n4_seed32,ok,3,2200,300,6.118394758027684,1.8908759669165105,3.4257152846823242,11.657251692915905,1.417890191548259,3.1788792371749883,8.048799449395384,1.890896512375598,8.02917210911007,13.528539872558001,6.9079767119960005,1.2697547117142345,3.081527376174927,3.8246517181396484,0.49227272727272725,0.0,3.242981419541296,1939,0.0,0,nan,nan,nan,nan,45.50000155978341,-241.50000064601306,41.50000155978341
M4_sparse,procedural,dlc_individual_transition,32,4,dlcC_M4_sparse_n4_seed32,ok,3,2200,300,8.529807570632478,3.3902931021423455,4.7069438338171015,26.248979701174097,2.856380284791322,3.941773462295532,10.892801178073922,3.4309525304845576,5.022723767802359,26.76161557414075,10.310450190912848,2.5719075214744294,3.923791193962097,4.206913948059082,0.87,0.4445454545454545,3.7054865462004423,28,0.0,0,nan,nan,nan,nan,77.00000548413118,-360.499998323614,73.00000548413118
M4_sparse,procedural,dlc_joint_transition,32,4,dlcC_M4_sparse_n4_seed32,ok,3,2200,300,1.1703518646814897,0.4524035489632851,1.0493606180580524,1.8405499766195763,6.001420294736561,7.521361207962037,1.9928408331410623,0.46751244702688904,1.2429789989247146,5.189471569787602,2.4250763805345756,5.288738692716288,7.491610527038574,7.687161445617676,0.9077272727272727,0.5081818181818182,4.247862098425546,183,0.0,0,nan,nan,nan,nan,6.99999717646665,-591.5000029276406,2.9999971764666498
M4_sparse,procedural,dlc_joint_transition_observer,32,4,dlcC_M4_sparse_n4_seed32,ok,3,2200,300,14.77243030012611,8.844620042189357,13.169613029329348,25.116123470847025,2.2449289307155107,3.3382933378219604,15.718454013853718,8.845046083917973,13.850740771039053,25.13666136406424,6.0500927071144925,2.0046470546451483,3.3256702899932864,6.5493083000183105,0.7772727272727272,0.3322727272727273,3.4519421416332174,25,0.0,0,nan,nan,nan,nan,104.99999805277321,-255.50000564538232,100.99999805277321
M4_sparse,procedural,dlc_individual_transition,32,4,dlcD_M4_sparse_n4_seed32,ok,3,2200,300,0.03678929149310754,0.026515790184911563,0.03591987816293252,0.048660457401316824,0.22030654794291446,0.22307209372520448,0.7279435267140479,0.02681414711802092,0.0380628386398972,0.05371616799873734,2.5250650166504647,0.22770179530775006,0.22312669456005096,0.6639724373817444,0.0,0.9345454545454546,3.8390553249055723,163,0.0,0,nan,nan,nan,nan,6.99999717646665,-528.5000049589535,2.9999971764666498
M4_sparse,procedural,dlc_joint_transition,32,4,dlcD_M4_sparse_n4_seed32,ok,3,2200,300,10.487926258400055,6.920610821602113,9.507904688310308,13.723980399642775,2.0406071771098007,3.3806488990783694,10.169359406378367,5.768086942725698,9.08806098184952,13.619194668059263,4.405624837321537,1.823358504196248,3.346246242523194,3.4786362648010254,0.8022727272727272,0.4509090909090909,4.744425233696718,240,0.0,0,nan,nan,nan,nan,0.0,-462.00000653063785,-4.0
M4_sparse,procedural,dlc_joint_transition_observer,32,4,dlcD_M4_sparse_n4_seed32,ok,3,2200,300,6.118394758027684,1.8908759669165105,3.4257152846823242,11.657251692915905,1.417890191548259,3.1788792371749883,8.048799449395384,1.890896512375598,8.02917210911007,13.528539872558001,6.9079767119960005,1.2697547117142345,3.081527376174927,3.8246517181396484,0.49227272727272725,0.0,3.242981419541296,1939,0.0,0,nan,nan,nan,nan,45.50000155978341,-241.50000064601306,41.50000155978341
M4_sparse,procedural,ours_dnq_dlc_seed13,32,4,ours_M4_sparse_n4_seed32,ok,3,2200,300,20.54624146539613,17.78943481842873,21.042343709063346,23.206047873040678,0.5406486331985185,0.6752406120300293,20.070794295607847,16.739598358486464,20.91583256091805,23.243990197364244,3.414399253386431,0.5089172191617333,0.6704205572605133,0.8705957531929016,0.0,0.0,4.419794765411276,57,0.02181818181818182,2200,0.9281818181818182,0.001364256480218281,3.0,550.0,370.9999988465556,-63.00000435348193,366.9999988465556
M4_sparse,procedural,ours_dnq_dlc_seed21,32,4,ours_M4_sparse_n4_seed32,ok,3,2200,300,16.147259112904422,11.156972447862877,16.701319529859422,22.389599037660435,0.7285987660362336,0.9427678406238557,15.635434600243904,10.934487545376392,15.584138885657874,22.167647362415696,4.419687159500586,0.6763076957639053,0.9339447319507599,1.1403836011886597,0.03772727272727273,0.0,4.035092477603801,154,0.1690909090909091,2200,1.915,0.0031832651205093224,3.0,275.0,188.99999744304796,-66.50000344474665,184.99999744304796
M4_sparse,procedural,ours_dnq_dlc_seed47,32,4,ours_M4_sparse_n4_seed32,ok,3,2200,300,13.079475617994323,3.0565207487740036,11.757062188280457,22.898716993577473,1.6373307942753461,4.758842897415161,13.056563392208352,3.2163705694955382,11.920812827967064,22.497208910166005,5.743476649504101,1.4261055106768883,4.331654691696168,6.187972068786621,0.3372727272727273,0.12272727272727273,2.3964695413764043,447,0.08363636363636363,2200,2.110909090909091,0.0018190086402910413,3.0,440.0,42.00000164169546,-143.50000172937428,38.00000164169546
M4_sparse,procedural,ours_dnq_dlc_seed71,32,4,ours_M4_sparse_n4_seed32,ok,3,2200,300,15.84182103426386,11.039543369661857,15.762724492815973,22.075180339499273,0.7875422072780661,1.0708747386932376,15.630786059162737,10.960362302221538,14.902813320558245,22.202442456542855,4.441843008184496,0.7984240711588327,1.2495272755622866,2.0776240825653076,0.17181818181818181,0.0,3.0400142325645025,144,0.12863636363636363,2200,2.418181818181818,0.0036380172805820826,3.0,244.44444444444446,157.50000106559128,-63.00000435348193,153.50000106559128
M4_sparse,procedural,ours_dnq_dlc_seed99,32,4,ours_M4_sparse_n4_seed32,ok,3,2200,300,20.444202082998686,17.52455713301289,21.133812008533404,23.311636357463243,0.5400579334016105,0.7048435866832733,20.22071670588822,17.15590682984875,20.899937763183125,23.289787021626655,3.1274609337162462,0.5459014760571617,0.7086652159690857,0.9073486924171448,0.0,0.0,4.88091923859603,0,0.022727272727272728,2200,0.9022727272727272,0.001364256480218281,3.0,550.0,384.99999729914475,-63.00000435348193,380.99999729914475
M6_dense,procedural,rule_expert_gate,21,6,rule_M6_dense_n6_seed21,ok,5,2200,300,10.92619203284433,5.60329681595802,8.370525613750344,21.646835174208206,2.134059027851581,6.042260456085206,12.146180153434418,5.680104667566345,9.130931665556165,26.080391008200337,7.051174884548178,1.8906149158987235,5.8381792545318625,6.8142409324646,0.47545454545454546,0.09363636363636364,2.8402043574241804,1608,0.0,0,nan,nan,nan,nan,76.99999183492855,-259.00000259295484,72.99999183492855
M6_dense,procedural,dlc_individual_transition,21,6,dlcA_M6_dense_n6_seed21,ok,5,2200,300,11.688299280712204,6.576602557479192,12.3553768814717,13.282851677836803,0.400303981752429,0.9224044978618622,12.520700941193768,7.26784140780547,12.467343658973592,18.79411376289313,3.6349603162087196,0.3842794024063253,0.9048459708690645,1.3816415071487427,0.06227272727272727,0.0,2.3713419133858857,1678,0.0,0,nan,nan,nan,nan,34.99999816795844,-122.50000621578101,30.999998167958438
M6_dense,procedural,dlc_joint_transition,21,6,dlcA_M6_dense_n6_seed21,ok,5,2200,300,13.768501066761992,11.782148434184585,13.19910809079529,16.97695385894919,0.8479015548605668,0.9983269214630127,13.759202167693983,11.813893342440554,13.287674271162292,16.927592059532948,1.9100912397059941,0.8531037264520471,1.0012513637542724,1.0786373615264893,0.12363636363636364,0.0,3.9668779425359313,502,0.0,0,nan,nan,nan,nan,24.500006385409506,-111.99999530873549,20.500006385409506
M6_dense,procedural,dlc_joint_transition_observer,21,6,dlcA_M6_dense_n6_seed21,ok,5,2200,300,13.85329965184233,11.007238829277963,13.864676464957725,16.613862359103344,0.9519432702660561,1.0498618483543396,14.042877852687365,11.007387950633907,14.13067529476427,16.589744366837976,2.0797016941751423,0.9346228990636088,1.0503250360488892,1.1882131099700928,0.375,0.0,2.9582632149984738,42,0.0,0,nan,nan,nan,nan,73.50000065671088,-111.99999530873549,69.50000065671088
M6_dense,procedural,dlc_individual_transition,21,6,dlcB_M6_dense_n6_seed21,ok,5,2200,300,3.6273740868434166,2.408831025992832,2.749073917626024,3.8190700693372737,0.68620789009923,1.39966698884964,5.078789347940693,2.486603364291123,2.9290715593655268,14.108045637942308,5.043018313165856,0.6453946872094027,1.3852550983428955,1.5422471761703491,0.19136363636363637,0.0,2.5947794728489186,1963,0.0,0,nan,nan,nan,nan,7.000000578184427,-455.0000047445692,3.0000005781844266
M6_dense,procedural,dlc_joint_transition,21,6,dlcB_M6_dense_n6_seed21,ok,5,2200,300,7.474232738209775,3.1046151385328775,3.6170725084466167,26.177475531934473,0.9764013936645106,1.5337809920310976,8.813306340856256,3.129830843084956,3.6227345298900566,21.291090129755073,8.57470084282478,0.8884235846179284,1.5061240792274477,1.6241412162780762,0.47954545454545455,0.12727272727272726,4.403171280085748,65,0.0,0,nan,nan,nan,nan,94.5000059138747,-311.50000511960843,90.5000059138747
M6_dense,procedural,dlc_joint_transition_observer,21,6,dlcB_M6_dense_n6_seed21,ok,5,2200,300,13.366610887839851,9.110776169143392,12.855597427903602,17.83223252609388,2.2027275871603114,3.626185154914856,13.75594272960974,9.193042585381477,13.574229203450367,18.064921130803206,3.5068025492734654,1.9440268468270767,3.583740568161011,3.7491872310638428,0.7186363636363636,0.35818181818181816,3.832124213290511,118,0.0,0,nan,nan,nan,nan,35.00000434959611,-451.5000038353969,31.00000434959611
M6_dense,procedural,dlc_individual_transition,21,6,dlcC_M6_dense_n6_seed21,ok,5,2200,300,11.688299280712204,6.576602557479192,12.3553768814717,13.282851677836803,0.400303981752429,0.9224044978618622,12.520700941193768,7.26784140780547,12.467343658973592,18.79411376289313,3.6349603162087196,0.3842794024063253,0.9048459708690645,1.3816415071487427,0.06227272727272727,0.0,2.3713419133858857,1678,0.0,0,nan,nan,nan,nan,34.99999816795844,-122.50000621578101,30.999998167958438
M6_dense,procedural,dlc_joint_transition,21,6,dlcC_M6_dense_n6_seed21,ok,5,2200,300,13.768501066761992,11.782148434184585,13.19910809079529,16.97695385894919,0.8479015548605668,0.9983269214630127,13.759202167693983,11.813893342440554,13.287674271162292,16.927592059532948,1.9100912397059941,0.8531037264520471,1.0012513637542724,1.0786373615264893,0.12363636363636364,0.0,3.9668779425359313,502,0.0,0,nan,nan,nan,nan,24.500006385409506,-111.99999530873549,20.500006385409506
M6_dense,procedural,dlc_joint_transition_observer,21,6,dlcC_M6_dense_n6_seed21,ok,5,2200,300,13.85329965184233,11.007238829277963,13.864676464957725,16.613862359103344,0.9519432702660561,1.0498618483543396,14.042877852687365,11.007387950633907,14.13067529476427,16.589744366837976,2.0797016941751423,0.9346228990636088,1.0503250360488892,1.1882131099700928,0.375,0.0,2.9582632149984738,42,0.0,0,nan,nan,nan,nan,73.50000065671088,-111.99999530873549,69.50000065671088
M6_dense,procedural,dlc_individual_transition,21,6,dlcD_M6_dense_n6_seed21,ok,5,2200,300,3.6273740868434166,2.408831025992832,2.749073917626024,3.8190700693372737,0.68620789009923,1.39966698884964,5.078789347940693,2.486603364291123,2.9290715593655268,14.108045637942308,5.043018313165856,0.6453946872094027,1.3852550983428955,1.5422471761703491,0.19136363636363637,0.0,2.5947794728489186,1963,0.0,0,nan,nan,nan,nan,7.000000578184427,-455.0000047445692,3.0000005781844266
M6_dense,procedural,dlc_joint_transition,21,6,dlcD_M6_dense_n6_seed21,ok,5,2200,300,7.474232738209775,3.1046151385328775,3.6170725084466167,26.177475531934473,0.9764013936645106,1.5337809920310976,8.813306340856256,3.129830843084956,3.6227345298900566,21.291090129755073,8.57470084282478,0.8884235846179284,1.5061240792274477,1.6241412162780762,0.47954545454545455,0.12727272727272726,4.403171280085748,65,0.0,0,nan,nan,nan,nan,94.5000059138747,-311.50000511960843,90.5000059138747
M6_dense,procedural,dlc_joint_transition_observer,21,6,dlcD_M6_dense_n6_seed21,ok,5,2200,300,13.366610887839851,9.110776169143392,12.855597427903602,17.83223252609388,2.2027275871603114,3.626185154914856,13.75594272960974,9.193042585381477,13.574229203450367,18.064921130803206,3.5068025492734654,1.9440268468270767,3.583740568161011,3.7491872310638428,0.7186363636363636,0.35818181818181816,3.832124213290511,118,0.0,0,nan,nan,nan,nan,35.00000434959611,-451.5000038353969,31.00000434959611
M6_dense,procedural,ours_dnq_dlc_seed13,21,6,ours_M6_dense_n6_seed21,ok,5,2200,300,15.592134328915146,9.230752872963478,15.357333209562462,23.156142892740395,0.611824660415418,1.0909309029579168,15.834705027631019,9.63262597895846,16.288240752549036,23.05128005999757,5.089399423134484,0.6235609140623869,1.0653071880340579,2.1146130561828613,0.11727272727272728,0.0,2.408231882752101,286,0.07818181818181819,2200,2.7790909090909093,0.048658481127785355,5.0,20.37037037037037,220.5000028305426,-111.99999530873549,216.5000028305426
M6_dense,procedural,ours_dnq_dlc_seed21,21,6,ours_M6_dense_n6_seed21,ok,5,2200,300,15.735451362976038,10.985137036301298,15.204329779527257,22.899287220887018,0.6836993422036941,1.1047373294830323,15.752727915866513,10.988638880954701,15.717054308040085,22.759465257775492,4.540912597173366,0.679881135417593,1.0525909662246706,2.5608606338500977,0.12954545454545455,0.0,2.4797312967179517,421,0.09772727272727273,2200,2.9763636363636365,0.03547066848567531,5.0,27.848101265822784,133.00000405596256,-111.99999530873549,129.00000405596256
M6_dense,procedural,ours_dnq_dlc_seed47,21,6,ours_M6_dense_n6_seed21,ok,5,2200,300,14.936139612958645,10.839868848549516,12.763521573193923,22.20232114680539,0.7597220563442495,0.9561010479927063,15.533403055497693,10.875765848954925,14.35460630728875,22.872537181475955,4.599762250152463,0.7196373947015391,0.9305683493614197,1.2035951614379883,0.06136363636363636,0.0,3.743286812389455,0,0.1918181818181818,2200,2.8995454545454544,0.06412005457025921,5.0,15.492957746478874,132.99999549783706,-111.99999530873549,128.99999549783706
M6_dense,procedural,ours_dnq_dlc_seed71,21,6,ours_M6_dense_n6_seed21,ok,5,2200,300,6.5859935694293075,2.771733880547281,3.288738463086907,18.247555040262824,1.4471905461566426,2.1414202213287354,7.973832899038194,2.79768125973983,3.4032275934744085,19.33812863043602,6.773626950303705,1.3434528048865666,2.1325085163116455,2.2999942302703857,0.5881818181818181,0.5786363636363636,2.5444014543493596,1751,0.06545454545454546,2200,1.8236363636363637,0.02501136880400182,5.0,39.285714285714285,35.00000451511346,-486.4999974434854,31.00000451511346
M6_dense,procedural,ours_dnq_dlc_seed99,21,6,ours_M6_dense_n6_seed21,ok,5,2200,300,8.707285536753613,2.4403246675878023,3.4777726210575737,22.759504580843032,3.0684194639986258,6.77986478805542,8.706016051862449,2.4403245819858985,3.4789771602428154,22.574789737319662,7.770106646329105,2.7591722024694767,6.591047620773316,7.706247806549072,0.6681818181818182,0.59,4.029856871302246,72,0.03363636363636364,2200,0.4954545454545455,0.001364256480218281,3.0,550.0,7.000010927390576,-402.50000299418525,3.0000109273905764
M6_dense,procedural,rule_expert_gate,22,6,rule_M6_dense_n6_seed22,ok,5,2200,300,22.87863763101813,20.890754825094483,22.928275059024763,26.311020641046902,0.2276672789650911,0.3642878919839859,22.504952639167147,18.794581053552882,22.88951923056326,26.61469904698486,3.3905463391040325,0.25298792689364663,0.3954011887311937,3.156355381011963,0.05,0.01,2.597772157754611,128,0.0,0,nan,nan,nan,nan,420.0000005084912,-108.49999948641437,416.0000005084912
M6_dense,procedural,dlc_individual_transition,22,6,dlcA_M6_dense_n6_seed22,ok,5,2200,300,6.854074497003915,4.946032098668997,6.589396497354837,10.18837756139853,3.3144198156226623,5.307694292068482,8.659705693857356,5.00758581236155,6.852647026640591,18.087973130410024,5.03649203844811,2.9058304567812856,5.1658123493194585,6.139530181884766,0.7081818181818181,0.31681818181818183,2.864299911725486,714,0.0,0,nan,nan,nan,nan,38.50000189597597,-455.0000028800606,34.50000189597597
M6_dense,procedural,dlc_joint_transition,22,6,dlcA_M6_dense_n6_seed22,ok,5,2200,300,9.846215671008103,7.6755845185482405,7.700399741031852,15.756351500136288,2.5584951801007416,4.270270776748657,10.195562762856207,7.6800172779067255,7.703302954628868,15.895687886783524,3.5505398167029005,2.3187584776598538,4.241240072250366,4.379721164703369,0.6468181818181818,0.0,2.9577217643623115,20,0.0,0,nan,nan,nan,nan,49.000007808908094,-195.99999801122738,45.000007808908094
M6_dense,procedural,dlc_joint_transition_observer,22,6,dlcA_M6_dense_n6_seed22,ok,5,2200,300,13.637413285980925,10.543669377886257,12.186253312605754,20.532132784063126,0.5306646488084287,1.001030969619751,14.122538933611118,10.76166462450061,12.25382258442944,20.449301463213658,3.5479113980472707,0.5322499465491008,0.9979584753513336,1.1610301733016968,0.09045454545454545,0.0,3.215299670690806,74,0.0,0,nan,nan,nan,nan,217.0000054714667,-108.49999948641437,213.0000054714667
M6_dense,procedural,dlc_individual_transition,22,6,dlcB_M6_dense_n6_seed22,ok,5,2200,300,14.119664761972906,9.486743209762151,12.276217741925265,22.194898243965557,0.6261792703757161,0.808761864900589,14.593645318336788,9.568582404474911,12.478173571957036,21.81257363194249,4.745797609198767,0.6105525231824934,0.813034725189209,1.0237703323364258,0.008181818181818182,0.0,2.424325439680986,108,0.0,0,nan,nan,nan,nan,164.50000227262376,-108.49999948641437,160.50000227262376
M6_dense,procedural,dlc_joint_transition,22,6,dlcB_M6_dense_n6_seed22,ok,5,2200,300,13.493727378751355,8.202790954484149,11.47003400579298,23.0323270795733,0.5855682102551586,0.9036068856716157,13.826563763125712,8.253834682738955,11.601219581035846,21.67887814892105,5.4963209417123124,0.5743368745190938,0.8852941393852235,1.0238182544708252,0.0,0.0,3.1398404336644843,56,0.0,0,nan,nan,nan,nan,147.00000707194226,-108.49999948641437,143.00000707194226
M6_dense,procedural,dlc_joint_transition_observer,22,6,dlcB_M6_dense_n6_seed22,ok,5,2200,300,8.087161327861745,1.6354929584608702,3.529347432464149,20.893730305479423,2.9115440701575657,6.919211816787721,8.827886748793896,1.6647889196105403,3.6318851583226497,20.558876899245423,7.48567663558577,2.5721701099065304,6.6116644859313976,8.733359336853027,0.6890909090909091,0.27136363636363636,2.703212472416908,1437,0.0,0,nan,nan,nan,nan,38.50000558252259,-412.9999957456787,34.50000558252259
M6_dense,procedural,dlc_individual_transition,22,6,dlcC_M6_dense_n6_seed22,ok,5,2200,300,6.854074497003915,4.946032098668997,6.589396497354837,10.18837756139853,3.3144198156226623,5.307694292068482,8.659705693857356,5.00758581236155,6.852647026640591,18.087973130410024,5.03649203844811,2.9058304567812856,5.1658123493194585,6.139530181884766,0.7081818181818181,0.31681818181818183,2.864299911725486,714,0.0,0,nan,nan,nan,nan,38.50000189597597,-455.0000028800606,34.50000189597597
M6_dense,procedural,dlc_joint_transition,22,6,dlcC_M6_dense_n6_seed22,ok,5,2200,300,9.846215671008103,7.6755845185482405,7.700399741031852,15.756351500136288,2.5584951801007416,4.270270776748657,10.195562762856207,7.6800172779067255,7.703302954628868,15.895687886783524,3.5505398167029005,2.3187584776598538,4.241240072250366,4.379721164703369,0.6468181818181818,0.0,2.9577217643623115,20,0.0,0,nan,nan,nan,nan,49.000007808908094,-195.99999801122738,45.000007808908094
M6_dense,procedural,dlc_joint_transition_observer,22,6,dlcC_M6_dense_n6_seed22,ok,5,2200,300,13.637413285980925,10.543669377886257,12.186253312605754,20.532132784063126,0.5306646488084287,1.001030969619751,14.122538933611118,10.76166462450061,12.25382258442944,20.449301463213658,3.5479113980472707,0.5322499465491008,0.9979584753513336,1.1610301733016968,0.09045454545454545,0.0,3.215299670690806,74,0.0,0,nan,nan,nan,nan,217.0000054714667,-108.49999948641437,213.0000054714667
M6_dense,procedural,dlc_individual_transition,22,6,dlcD_M6_dense_n6_seed22,ok,5,2200,300,14.119664761972906,9.486743209762151,12.276217741925265,22.194898243965557,0.6261792703757161,0.808761864900589,14.593645318336788,9.568582404474911,12.478173571957036,21.81257363194249,4.745797609198767,0.6105525231824934,0.813034725189209,1.0237703323364258,0.008181818181818182,0.0,2.424325439680986,108,0.0,0,nan,nan,nan,nan,164.50000227262376,-108.49999948641437,160.50000227262376
M6_dense,procedural,dlc_joint_transition,22,6,dlcD_M6_dense_n6_seed22,ok,5,2200,300,13.493727378751355,8.202790954484149,11.47003400579298,23.0323270795733,0.5855682102551586,0.9036068856716157,13.826563763125712,8.253834682738955,11.601219581035846,21.67887814892105,5.4963209417123124,0.5743368745190938,0.8852941393852235,1.0238182544708252,0.0,0.0,3.1398404336644843,56,0.0,0,nan,nan,nan,nan,147.00000707194226,-108.49999948641437,143.00000707194226
M6_dense,procedural,dlc_joint_transition_observer,22,6,dlcD_M6_dense_n6_seed22,ok,5,2200,300,8.087161327861745,1.6354929584608702,3.529347432464149,20.893730305479423,2.9115440701575657,6.919211816787721,8.827886748793896,1.6647889196105403,3.6318851583226497,20.558876899245423,7.48567663558577,2.5721701099065304,6.6116644859313976,8.733359336853027,0.6890909090909091,0.27136363636363636,2.703212472416908,1437,0.0,0,nan,nan,nan,nan,38.50000558252259,-412.9999957456787,34.50000558252259
M6_dense,procedural,ours_dnq_dlc_seed13,22,6,ours_M6_dense_n6_seed22,ok,5,2200,300,18.237438061676688,11.635014456518972,18.90110146813447,23.18923891344949,0.5467141190313544,0.81961470246315,18.518843223811082,11.738613030803855,19.120041059445036,23.250347049490646,4.407814352034179,0.5206503850679226,0.8037983655929566,1.0570765733718872,0.0013636363636363637,0.0,3.9750947688263647,53,0.07454545454545454,2200,1.846818181818182,0.021828103683492497,5.0,44.89795918367347,294.0000016297804,-108.49999948641437,290.0000016297804
M6_dense,procedural,ours_dnq_dlc_seed21,22,6,ours_M6_dense_n6_seed22,ok,5,2200,300,6.334366770168875,2.4525779257608753,3.477756543437354,11.924388614683032,4.487735914807571,8.861590003967288,7.731379688368047,2.452820370399488,3.481712237867382,18.76778252032396,6.147036861489685,3.9656790395622905,8.482772731781008,10.269142150878906,0.7240909090909091,0.5381818181818182,3.4937771874049863,233,0.03272727272727273,2200,1.435,0.009095043201455207,5.0,104.76190476190476,21.000001266196477,-500.4999912863135,17.000001266196477
M6_dense,procedural,ours_dnq_dlc_seed47,22,6,ours_M6_dense_n6_seed22,ok,5,2200,300,13.437916312309435,10.517470265407736,12.357488454613957,18.42760134149151,0.7658506737682528,0.9825503706932072,14.059683009332565,10.5359174891153,12.58105582794563,19.483942098862478,4.267459229450343,0.7013333624274343,0.9310283243656159,1.315575122833252,0.08272727272727273,0.0,3.4290018290521145,59,0.16090909090909092,2200,3.0,0.035925420645748066,5.0,27.5,143.50000065186714,-108.49999948641437,139.50000065186714
M6_dense,procedural,ours_dnq_dlc_seed71,22,6,ours_M6_dense_n6_seed22,ok,5,2200,300,17.385827693812278,11.312861718011346,18.4156425819453,22.950186476238606,0.6894177540666179,0.954878956079483,17.624194754740586,11.33287143415926,18.569442231918735,23.082997165642148,4.4047053430315914,0.6655993823366324,0.942764139175415,1.2655906677246094,0.04909090909090909,0.0,3.1596951879674626,0,0.1,2200,2.347272727272727,0.03819918144611187,5.0,25.88235294117647,269.49999793955544,-108.49999948641437,265.49999793955544
M6_dense,procedural,ours_dnq_dlc_seed99,22,6,ours_M6_dense_n6_seed22,ok,5,2200,300,17.8469995117389,11.491421027224474,18.700595847040987,23.17082773913272,0.6565985020926516,0.8992439687252045,17.78494435779096,11.455949769136364,18.692378371434856,23.13264387136007,4.345856666463281,0.6408888717943971,0.8903766214847565,1.234628677368164,0.02409090909090909,0.0,4.034412967834304,0,0.08272727272727273,2200,2.423636363636364,0.04001819008640291,5.0,24.719101123595507,279.9999999746715,-108.49999948641437,275.9999999746715
M6_dense,procedural,rule_expert_gate,23,6,rule_M6_dense_n6_seed23,ok,5,2200,300,15.15531825762833,10.518714097448875,12.482798784597446,25.327458173490697,0.47802268874905024,1.3716490268707275,16.219404366784563,10.743226792835067,13.403379695549898,26.116895329325292,5.889928558298922,0.45885986952978947,1.2913296580314642,3.811859130859375,0.1368181818181818,0.08409090909090909,3.5774673982847687,1234,0.0,0,nan,nan,nan,nan,108.50000538735912,-108.49999820580126,104.50000538735912
M6_dense,procedural,dlc_individual_transition,23,6,dlcA_M6_dense_n6_seed23,ok,5,2200,300,14.551370180356232,11.105927720471671,13.32752195190686,19.706688348139366,0.6539768371221266,0.9811284244060516,15.047642167604254,11.139987097713911,13.58330045017009,19.917639218198534,3.6365979866088822,0.6333277423341166,0.9702212154865265,1.2706937789916992,0.06227272727272727,0.0,3.225370024475348,376,0.0,0,nan,nan,nan,nan,122.50000592255628,-108.50000041090686,118.50000592255628
M6_dense,procedural,dlc_joint_transition,23,6,dlcA_M6_dense_n6_seed23,ok,5,2200,300,12.357951493582222,2.7409789490174075,14.444895103879418,17.4933061071561,0.8416043302259947,1.9807082176208497,12.804763376192101,2.776062429108482,14.508333687047227,18.31674822533886,5.074910699839292,0.8268848705427213,1.9131886363029482,2.1711649894714355,0.21545454545454545,0.0,2.7940082161402118,196,0.0,0,nan,nan,nan,nan,73.5000018571393,-122.50000092498624,69.5000018571393
M6_dense,procedural,dlc_joint_transition_observer,23,6,dlcA_M6_dense_n6_seed23,ok,5,2200,300,13.005769488199439,7.635548626923818,12.09286300436547,21.621034064065363,1.0397529928531577,4.610717105865481,13.504176349467425,7.818972016863533,12.22712612650949,21.24070144317977,4.38670232204303,0.9855072954016214,4.0467009544372585,6.5618085861206055,0.17954545454545454,0.0,3.6962519350606073,986,0.0,0,nan,nan,nan,nan,101.50000313162172,-112.00000303045101,97.50000313162172
M6_dense,procedural,dlc_individual_transition,23,6,dlcB_M6_dense_n6_seed23,ok,5,2200,300,10.477923738939426,9.180615746724689,10.761172224348533,12.402835217531821,0.5943480022229548,1.0857481598854064,11.048284594434477,8.461178669644422,10.81474505858084,12.911880464859182,2.9528983282681196,0.5810233254451305,1.0758060216903687,1.9089351892471313,0.215,0.0,2.798988553491721,1164,0.0,0,nan,nan,nan,nan,14.000010291321473,-185.4999980172396,10.000010291321473
M6_dense,procedural,dlc_joint_transition,23,6,dlcB_M6_dense_n6_seed23,ok,5,2200,300,13.930428337783248,11.214931360063023,13.514288965169033,16.15562432132361,0.8633802408786294,1.287491774559021,13.841416930358328,10.098269419635827,13.501833525867092,16.263244023339922,3.1640439658269153,0.8056201133801303,1.275491762161255,1.8093029260635376,0.44545454545454544,0.0,5.134902469285474,38,0.0,0,nan,nan,nan,nan,115.49999775252365,-108.50000041090686,111.49999775252365
M6_dense,procedural,dlc_joint_transition_observer,23,6,dlcB_M6_dense_n6_seed23,ok,5,2200,300,15.383322738750163,10.86148170398454,14.419664849282658,21.855674553249575,2.1217056904654754,3.5624441862106324,15.352412828076949,10.929541002980425,14.484357391443767,21.792800535874584,4.038226387056435,1.8838755295423537,3.528457093238831,3.713010787963867,0.6981818181818182,0.3481818181818182,6.259994900509745,0,0.0,0,nan,nan,nan,nan,59.50000801643819,-440.99999557331,55.50000801643819
M6_dense,procedural,dlc_individual_transition,23,6,dlcC_M6_dense_n6_seed23,ok,5,2200,300,14.551370180356232,11.105927720471671,13.32752195190686,19.706688348139366,0.6539768371221266,0.9811284244060516,15.047642167604254,11.139987097713911,13.58330045017009,19.917639218198534,3.6365979866088822,0.6333277423341166,0.9702212154865265,1.2706937789916992,0.06227272727272727,0.0,3.225370024475348,376,0.0,0,nan,nan,nan,nan,122.50000592255628,-108.50000041090686,118.50000592255628
M6_dense,procedural,dlc_joint_transition,23,6,dlcC_M6_dense_n6_seed23,ok,5,2200,300,12.357951493582222,2.7409789490174075,14.444895103879418,17.4933061071561,0.8416043302259947,1.9807082176208497,12.804763376192101,2.776062429108482,14.508333687047227,18.31674822533886,5.074910699839292,0.8268848705427213,1.9131886363029482,2.1711649894714355,0.21545454545454545,0.0,2.7940082161402118,196,0.0,0,nan,nan,nan,nan,73.5000018571393,-122.50000092498624,69.5000018571393
M6_dense,procedural,dlc_joint_transition_observer,23,6,dlcC_M6_dense_n6_seed23,ok,5,2200,300,13.005769488199439,7.635548626923818,12.09286300436547,21.621034064065363,1.0397529928531577,4.610717105865481,13.504176349467425,7.818972016863533,12.22712612650949,21.24070144317977,4.38670232204303,0.9855072954016214,4.0467009544372585,6.5618085861206055,0.17954545454545454,0.0,3.6962519350606073,986,0.0,0,nan,nan,nan,nan,101.50000313162172,-112.00000303045101,97.50000313162172
M6_dense,procedural,dlc_individual_transition,23,6,dlcD_M6_dense_n6_seed23,ok,5,2200,300,10.477923738939426,9.180615746724689,10.761172224348533,12.402835217531821,0.5943480022229548,1.0857481598854064,11.048284594434477,8.461178669644422,10.81474505858084,12.911880464859182,2.9528983282681196,0.5810233254451305,1.0758060216903687,1.9089351892471313,0.215,0.0,2.798988553491721,1164,0.0,0,nan,nan,nan,nan,14.000010291321473,-185.4999980172396,10.000010291321473
M6_dense,procedural,dlc_joint_transition,23,6,dlcD_M6_dense_n6_seed23,ok,5,2200,300,13.930428337783248,11.214931360063023,13.514288965169033,16.15562432132361,0.8633802408786294,1.287491774559021,13.841416930358328,10.098269419635827,13.501833525867092,16.263244023339922,3.1640439658269153,0.8056201133801303,1.275491762161255,1.8093029260635376,0.44545454545454544,0.0,5.134902469285474,38,0.0,0,nan,nan,nan,nan,115.49999775252365,-108.50000041090686,111.49999775252365
M6_dense,procedural,dlc_joint_transition_observer,23,6,dlcD_M6_dense_n6_seed23,ok,5,2200,300,15.383322738750163,10.86148170398454,14.419664849282658,21.855674553249575,2.1217056904654754,3.5624441862106324,15.352412828076949,10.929541002980425,14.484357391443767,21.792800535874584,4.038226387056435,1.8838755295423537,3.528457093238831,3.713010787963867,0.6981818181818182,0.3481818181818182,6.259994900509745,0,0.0,0,nan,nan,nan,nan,59.50000801643819,-440.99999557331,55.50000801643819
M6_dense,procedural,ours_dnq_dlc_seed13,23,6,ours_M6_dense_n6_seed23,ok,5,2200,300,12.392719030914776,3.0005216294908816,11.795253989390368,22.022715281344368,1.3144269460594697,4.028311252593995,13.379261015680132,3.007658365786863,12.649614156679657,22.621094349536246,6.6100022883051155,1.1986561550443928,3.8039795160293592,5.513687610626221,0.2786363636363636,0.11636363636363636,2.754268878210739,459,0.075,2200,3.0,0.054570259208731244,5.0,18.181818181818183,83.99999946561411,-129.5000016286407,79.99999946561411
M6_dense,procedural,ours_dnq_dlc_seed21,23,6,ours_M6_dense_n6_seed23,ok,5,2200,300,14.915254813680372,10.801246248782494,14.270984609106259,21.677679062236944,0.681057813867657,1.1660405278205874,15.186122652850113,10.892662249444268,14.796682285365442,21.897710316783602,4.537468239054239,0.68263209556494,1.0907976746559145,1.7597544193267822,0.11227272727272727,0.0,2.6376923462045547,286,0.08818181818181818,2200,2.8277272727272726,0.02955889040472942,5.0,33.333333333333336,122.49999827569616,-108.50000041090686,118.49999827569616
M6_dense,procedural,ours_dnq_dlc_seed47,23,6,ours_M6_dense_n6_seed23,ok,5,2200,300,14.258811035516683,10.637739730669484,12.901845800425509,19.281177995741764,0.6353117643454492,0.9032190561294555,14.753115077917904,10.677926388095244,13.796236195760784,21.435352797811465,4.16496277552486,0.5882138389004765,0.8913650929927827,1.1963862180709839,0.03772727272727273,0.0,2.7739070783725794,222,0.14727272727272728,2200,2.798636363636364,0.034106412005457026,5.0,28.94736842105263,129.50000162864205,-108.50000041090686,125.50000162864205
M6_dense,procedural,ours_dnq_dlc_seed71,23,6,ours_M6_dense_n6_seed23,ok,5,2200,300,16.090602700673394,10.910744165694792,14.881433862752008,23.22450795909578,0.4586573145763434,0.9255385696887971,16.308690897497044,10.975431346229922,15.440080973944806,23.193189137348515,4.920282308945649,0.48148404499595265,0.9019577085971833,1.8535624742507935,0.06636363636363636,0.0,2.46421584239921,655,0.06863636363636363,2200,3.0,0.059572532969531605,5.0,16.666666666666668,133.00000567357483,-108.50000041090686,129.00000567357483
M6_dense,procedural,ours_dnq_dlc_seed99,23,6,ours_M6_dense_n6_seed23,ok,5,2200,300,14.073536502067329,10.228391441012628,12.406386036856473,19.175385191114714,0.6836545598430032,1.0663225412368775,14.583914367298863,10.21790067974837,12.760438913737403,20.604221580820568,4.343502003906188,0.6430549205273697,1.0541724205017091,1.6469037532806396,0.11954545454545455,0.0,2.726723056031815,190,0.08,2200,2.8295454545454546,0.04320145520691223,5.0,22.916666666666668,119.00000027724639,-108.50000041090686,115.00000027724639
M6_dense,procedural,rule_expert_gate,24,6,rule_M6_dense_n6_seed24,ok,5,2200,300,10.439872304188238,6.283617744424468,9.926572345125702,12.52424042073937,1.3534360390411395,4.058747959136964,12.267333487411799,6.373083040562647,10.719643077805081,25.968424989616356,6.482086250245722,1.2092010707789185,3.817001461982727,5.713428974151611,0.3431818181818182,0.07681818181818181,4.923403091846693,1774,0.0,0,nan,nan,nan,nan,294.00000604329716,-210.00000372912314,290.00000604329716
M6_dense,procedural,dlc_individual_transition,24,6,dlcA_M6_dense_n6_seed24,ok,5,2200,300,11.539287870273684,6.155316714544685,12.03890874027652,20.0553815268087,0.9120238927006722,1.72893602848053,12.323565144105313,6.156445461305628,12.21318480711842,19.94849789722627,5.248575635596424,0.8810805365036835,1.7136298656463622,2.2347769737243652,0.3059090909090909,0.0,2.3951059756126027,460,0.0,0,nan,nan,nan,nan,73.50000044493322,-112.00000601327338,69.50000044493322
M6_dense,procedural,dlc_joint_transition,24,6,dlcA_M6_dense_n6_seed24,ok,5,2200,300,11.771177057925962,7.150264332943455,9.890619359771888,20.468113386668396,0.616568052004165,1.0065385222435,12.614655506212635,7.198877581453593,11.171071366950395,20.40415163440875,4.989672695450678,0.6269957216660789,0.9955975234508514,2.5167887210845947,0.09409090909090909,0.00909090909090909,5.193648794213851,334,0.0,0,nan,nan,nan,nan,150.49998896527654,-111.99999785299406,146.49998896527654
M6_dense,procedural,dlc_joint_transition_observer,24,6,dlcA_M6_dense_n6_seed24,ok,5,2200,300,13.184459351030084,7.484832780598785,12.878756035696416,19.590240646357476,0.6167203779648499,1.0023005843162538,13.671682318261837,7.556269354707848,13.33849740751269,19.473264576022476,3.991713152021156,0.6232294286967425,0.9972020089626312,1.0931758880615234,0.07045454545454545,0.0,3.022886228115001,269,0.0,0,nan,nan,nan,nan,52.49999670873103,-111.99999785299406,48.49999670873103
M6_dense,procedural,dlc_individual_transition,24,6,dlcB_M6_dense_n6_seed24,ok,5,2200,300,12.844746923668001,6.123418696116309,12.070917095258467,20.390656839305084,0.6257814697113722,0.9795003950595857,13.53928618036125,6.237371683357375,12.261646102599311,20.223201548921537,4.667216803271447,0.6522340116900688,0.9794103801250458,1.1323378086090088,0.09181818181818181,0.0,2.849782679483516,608,0.0,0,nan,nan,nan,nan,70.00000786034298,-111.99999785299406,66.00000786034298
M6_dense,procedural,dlc_joint_transition,24,6,dlcB_M6_dense_n6_seed24,ok,5,2200,300,13.528649014290254,10.583465243778559,11.784748882643683,19.82544790618399,0.5012948288646447,0.846133291721344,13.766928873756598,10.596827478867311,12.936576187002673,18.838458465758702,3.4606723227121594,0.5120222553132837,0.8447519063949585,0.927605390548706,0.0,0.0,2.9138126379028004,499,0.0,0,nan,nan,nan,nan,84.00000699382281,-112.00000070613851,80.00000699382281
M6_dense,procedural,dlc_joint_transition_observer,24,6,dlcB_M6_dense_n6_seed24,ok,5,2200,300,13.913216944374998,9.086387723355797,13.245860583927836,19.85840753931811,2.5855700382433437,3.568166184425354,14.326868766585175,9.193945604521481,13.874825751944533,19.625839156599216,3.8886323384985353,2.3088077963075855,3.5434082984924316,4.147668838500977,0.8204545454545454,0.20681818181818182,6.356236557635818,0,0.0,0,nan,nan,nan,nan,244.9999963166033,-409.5000014221914,240.9999963166033
M6_dense,procedural,dlc_individual_transition,24,6,dlcC_M6_dense_n6_seed24,ok,5,2200,300,11.539287870273684,6.155316714544685,12.03890874027652,20.0553815268087,0.9120238927006722,1.72893602848053,12.323565144105313,6.156445461305628,12.21318480711842,19.94849789722627,5.248575635596424,0.8810805365036835,1.7136298656463622,2.2347769737243652,0.3059090909090909,0.0,2.3951059756126027,460,0.0,0,nan,nan,nan,nan,73.50000044493322,-112.00000601327338,69.50000044493322
M6_dense,procedural,dlc_joint_transition,24,6,dlcC_M6_dense_n6_seed24,ok,5,2200,300,11.771177057925962,7.150264332943455,9.890619359771888,20.468113386668396,0.616568052004165,1.0065385222435,12.614655506212635,7.198877581453593,11.171071366950395,20.40415163440875,4.989672695450678,0.6269957216660789,0.9955975234508514,2.5167887210845947,0.09409090909090909,0.00909090909090909,5.193648794213851,334,0.0,0,nan,nan,nan,nan,150.49998896527654,-111.99999785299406,146.49998896527654
M6_dense,procedural,dlc_joint_transition_observer,24,6,dlcC_M6_dense_n6_seed24,ok,5,2200,300,13.184459351030084,7.484832780598785,12.878756035696416,19.590240646357476,0.6167203779648499,1.0023005843162538,13.671682318261837,7.556269354707848,13.33849740751269,19.473264576022476,3.991713152021156,0.6232294286967425,0.9972020089626312,1.0931758880615234,0.07045454545454545,0.0,3.022886228115001,269,0.0,0,nan,nan,nan,nan,52.49999670873103,-111.99999785299406,48.49999670873103
M6_dense,procedural,dlc_individual_transition,24,6,dlcD_M6_dense_n6_seed24,ok,5,2200,300,12.844746923668001,6.123418696116309,12.070917095258467,20.390656839305084,0.6257814697113722,0.9795003950595857,13.53928618036125,6.237371683357375,12.261646102599311,20.223201548921537,4.667216803271447,0.6522340116900688,0.9794103801250458,1.1323378086090088,0.09181818181818181,0.0,2.849782679483516,608,0.0,0,nan,nan,nan,nan,70.00000786034298,-111.99999785299406,66.00000786034298
M6_dense,procedural,dlc_joint_transition,24,6,dlcD_M6_dense_n6_seed24,ok,5,2200,300,13.528649014290254,10.583465243778559,11.784748882643683,19.82544790618399,0.5012948288646447,0.846133291721344,13.766928873756598,10.596827478867311,12.936576187002673,18.838458465758702,3.4606723227121594,0.5120222553132837,0.8447519063949585,0.927605390548706,0.0,0.0,2.9138126379028004,499,0.0,0,nan,nan,nan,nan,84.00000699382281,-112.00000070613851,80.00000699382281
M6_dense,procedural,dlc_joint_transition_observer,24,6,dlcD_M6_dense_n6_seed24,ok,5,2200,300,13.913216944374998,9.086387723355797,13.245860583927836,19.85840753931811,2.5855700382433437,3.568166184425354,14.326868766585175,9.193945604521481,13.874825751944533,19.625839156599216,3.8886323384985353,2.3088077963075855,3.5434082984924316,4.147668838500977,0.8204545454545454,0.20681818181818182,6.356236557635818,0,0.0,0,nan,nan,nan,nan,244.9999963166033,-409.5000014221914,240.9999963166033
M6_dense,procedural,ours_dnq_dlc_seed13,24,6,ours_M6_dense_n6_seed24,ok,5,2200,300,16.772788977526595,9.771410467300814,17.274967784964044,23.30432466638241,0.43111848274898396,0.6572546482086181,16.956289992051527,10.103326796344009,17.640151571465307,23.26634998679104,5.208767888113322,0.4597902012325622,0.6823493838310242,0.8516075015068054,0.0,0.0,2.750071157881341,159,0.02181818181818182,2200,2.977272727272727,0.019554342883128694,5.0,50.0,476.00000288472484,-111.99999785299406,472.00000288472484
M6_dense,procedural,ours_dnq_dlc_seed21,24,6,ours_M6_dense_n6_seed24,ok,5,2200,300,13.940791889556499,10.139079935504911,12.882967704372764,19.099329996338415,0.6615354368347356,0.9525952458381655,13.96217947567739,10.297423921974405,12.749590617629805,19.146838656559122,4.338452574927586,0.6779989851013736,0.936174362897873,1.3378992080688477,0.07727272727272727,0.0,2.8162157078650765,289,0.15545454545454546,2200,3.0,0.020463847203274217,5.0,47.82608695652174,133.00000932260696,-111.99999785299406,129.00000932260696
M6_dense,procedural,ours_dnq_dlc_seed47,24,6,ours_M6_dense_n6_seed24,ok,5,2200,300,14.463178368205172,10.649219130069548,12.892417239945708,20.602688443058963,0.67001905849326,0.9635050475597382,14.863271523594976,10.684180819669345,14.222757920983685,20.9144642065929,4.418409010333062,0.6657899083893493,0.9370677888393403,1.2823028564453125,0.06909090909090909,0.0,2.7594798241104477,66,0.16227272727272726,2200,3.0,0.017735334242837655,5.0,55.0,385.00000432879506,-111.99999785299406,381.00000432879506
M6_dense,procedural,ours_dnq_dlc_seed71,24,6,ours_M6_dense_n6_seed24,ok,5,2200,300,13.756684110492593,10.013201106634448,12.49532602792919,19.17755500840492,0.5793063290483214,0.8725149512290955,14.219359312016671,10.160026462303415,12.597045913855032,21.08092013409582,4.533655697429815,0.5778702700296708,0.8844507575035095,1.098857045173645,0.03909090909090909,0.0,2.867349442056191,445,0.13227272727272726,2200,3.0,0.01273306048203729,5.0,75.86206896551724,364.00000730208035,-111.99999785299406,360.00000730208035
M6_dense,procedural,ours_dnq_dlc_seed99,24,6,ours_M6_dense_n6_seed24,ok,5,2200,300,13.854122828711645,9.209753715535795,12.531809142310099,19.699179455590304,0.612393173229464,0.9050455510616303,14.261467654121198,9.650002447485994,12.823282788962235,20.446363582015547,4.629646956368925,0.6261851418281863,0.9058648586273194,1.0821378231048584,0.02727272727272727,0.0,2.456907288033703,394,0.135,2200,3.0,0.01455206912232833,5.0,66.66666666666667,304.50000871307907,-111.99999785299406,300.50000871307907
M6_dense,procedural,rule_expert_gate,25,6,rule_M6_dense_n6_seed25,ok,5,2200,300,14.112016306183907,9.481640832939908,12.533736520971976,21.90293889496474,0.3791932763557844,1.2810830116271998,15.369213624185974,9.74301069260016,12.971680226784883,25.445127394420787,5.629776383224048,0.36183577699134317,1.0036212563514713,2.398958683013916,0.10045454545454545,0.07545454545454545,3.5985428907014363,1430,0.0,0,nan,nan,nan,nan,98.00000032935031,-108.5000106103189,94.00000032935031
M6_dense,procedural,dlc_individual_transition,25,6,dlcA_M6_dense_n6_seed25,ok,5,2200,300,13.489742163526865,11.073507132381119,12.335136933631548,20.515632162465902,0.3954317660170215,0.5970122456550598,14.320702087768344,11.168078449415235,12.44808021315145,21.65001643952475,4.122592457187272,0.38313801601941866,0.5909115850925446,0.6522647738456726,0.0,0.0,3.591677186101229,258,0.0,0,nan,nan,nan,nan,182.00000516711702,-108.5000106103189,178.00000516711702
M6_dense,procedural,dlc_joint_transition,25,6,dlcA_M6_dense_n6_seed25,ok,5,2200,300,9.595049645005316,7.710991125294748,8.020289003685384,14.795155091090544,2.8907681843548962,4.370264959335327,10.006187829963201,7.711295323827251,8.021631672767189,15.946178891396672,3.583604810504588,2.595889416532485,4.3560949802398685,4.509310722351074,0.6709090909090909,0.0,4.7550272391060115,23,0.0,0,nan,nan,nan,nan,80.50000571623195,-196.00000089332696,76.50000571623195
M6_dense,procedural,dlc_joint_transition_observer,25,6,dlcA_M6_dense_n6_seed25,ok,5,2200,300,13.171319465459325,9.383155590836731,11.25771922600623,21.608287869532383,0.7346406905479288,1.6180970549583442,13.796526702144272,9.925329670163345,11.540348949313017,21.696305849153465,4.478103429559512,0.7016808487805114,1.4427854657173174,1.9483741521835327,0.225,0.0,2.958680564444879,294,0.0,0,nan,nan,nan,nan,182.0000071513316,-108.5000106103189,178.0000071513316
M6_dense,procedural,dlc_individual_transition,25,6,dlcB_M6_dense_n6_seed25,ok,5,2200,300,13.916790096510264,9.832645336291051,12.239398636532105,22.67005736206427,0.49282183071927743,0.7992402136325836,14.429003344226519,10.114486404637121,12.374964033294379,22.39208977820619,4.493292749920063,0.5028421752610831,0.7996761858463287,1.0349328517913818,0.008636363636363636,0.0,3.9397003429790667,386,0.0,0,nan,nan,nan,nan,196.00000157245904,-108.5000106103189,192.00000157245904
M6_dense,procedural,dlc_joint_transition,25,6,dlcB_M6_dense_n6_seed25,ok,5,2200,300,10.38213774662587,1.5771510878382264,8.680570977170294,21.829206184586017,1.286186346423469,3.2491881132125857,11.21251258495666,1.5877442738598297,9.112726345545285,21.648540368498526,7.9104460686459275,1.179815041791563,3.1481824874877935,3.773298501968384,0.3490909090909091,0.0,3.354499929876308,718,0.0,0,nan,nan,nan,nan,227.50000376023002,-108.5000106103189,223.50000376023002
M6_dense,procedural,dlc_joint_transition_observer,25,6,dlcB_M6_dense_n6_seed25,ok,5,2200,300,13.321513232893711,10.086062746902519,13.62799231084681,15.93533373825998,0.49293589648520875,1.2278059363365175,13.302774460434517,9.994197803916702,13.635646420230287,16.074837647469973,2.3808879974933563,0.48218676331579857,1.1724320888519288,1.5904802083969116,0.14045454545454544,0.0,2.368875725490859,1969,0.0,0,nan,nan,nan,nan,112.00000708592847,-108.5000106103189,108.00000708592847
M6_dense,procedural,dlc_individual_transition,25,6,dlcC_M6_dense_n6_seed25,ok,5,2200,300,13.489742163526865,11.073507132381119,12.335136933631548,20.515632162465902,0.3954317660170215,0.5970122456550598,14.320702087768344,11.168078449415235,12.44808021315145,21.65001643952475,4.122592457187272,0.38313801601941866,0.5909115850925446,0.6522647738456726,0.0,0.0,3.591677186101229,258,0.0,0,nan,nan,nan,nan,182.00000516711702,-108.5000106103189,178.00000516711702
M6_dense,procedural,dlc_joint_transition,25,6,dlcC_M6_dense_n6_seed25,ok,5,2200,300,9.595049645005316,7.710991125294748,8.020289003685384,14.795155091090544,2.8907681843548962,4.370264959335327,10.006187829963201,7.711295323827251,8.021631672767189,15.946178891396672,3.583604810504588,2.595889416532485,4.3560949802398685,4.509310722351074,0.6709090909090909,0.0,4.7550272391060115,23,0.0,0,nan,nan,nan,nan,80.50000571623195,-196.00000089332696,76.50000571623195
M6_dense,procedural,dlc_joint_transition_observer,25,6,dlcC_M6_dense_n6_seed25,ok,5,2200,300,13.171319465459325,9.383155590836731,11.25771922600623,21.608287869532383,0.7346406905479288,1.6180970549583442,13.796526702144272,9.925329670163345,11.540348949313017,21.696305849153465,4.478103429559512,0.7016808487805114,1.4427854657173174,1.9483741521835327,0.225,0.0,2.958680564444879,294,0.0,0,nan,nan,nan,nan,182.0000071513316,-108.5000106103189,178.0000071513316
M6_dense,procedural,dlc_individual_transition,25,6,dlcD_M6_dense_n6_seed25,ok,5,2200,300,13.916790096510264,9.832645336291051,12.239398636532105,22.67005736206427,0.49282183071927743,0.7992402136325836,14.429003344226519,10.114486404637121,12.374964033294379,22.39208977820619,4.493292749920063,0.5028421752610831,0.7996761858463287,1.0349328517913818,0.008636363636363636,0.0,3.9397003429790667,386,0.0,0,nan,nan,nan,nan,196.00000157245904,-108.5000106103189,192.00000157245904
M6_dense,procedural,dlc_joint_transition,25,6,dlcD_M6_dense_n6_seed25,ok,5,2200,300,10.38213774662587,1.5771510878382264,8.680570977170294,21.829206184586017,1.286186346423469,3.2491881132125857,11.21251258495666,1.5877442738598297,9.112726345545285,21.648540368498526,7.9104460686459275,1.179815041791563,3.1481824874877935,3.773298501968384,0.3490909090909091,0.0,3.354499929876308,718,0.0,0,nan,nan,nan,nan,227.50000376023002,-108.5000106103189,223.50000376023002
M6_dense,procedural,dlc_joint_transition_observer,25,6,dlcD_M6_dense_n6_seed25,ok,5,2200,300,13.321513232893711,10.086062746902519,13.62799231084681,15.93533373825998,0.49293589648520875,1.2278059363365175,13.302774460434517,9.994197803916702,13.635646420230287,16.074837647469973,2.3808879974933563,0.48218676331579857,1.1724320888519288,1.5904802083969116,0.14045454545454544,0.0,2.368875725490859,1969,0.0,0,nan,nan,nan,nan,112.00000708592847,-108.5000106103189,108.00000708592847
M6_dense,procedural,ours_dnq_dlc_seed13,25,6,ours_M6_dense_n6_seed25,ok,5,2200,300,17.267095062842778,11.267105874530285,17.857137926417778,23.34526780865639,0.6058296880181296,0.8938827872276308,17.846737135772372,11.319604896688922,18.583349348757224,23.452200720905918,4.737737217097745,0.5696460862917725,0.86168469786644,1.141498327255249,0.034545454545454546,0.0,2.7661834891067385,55,0.12409090909090909,2200,2.3231818181818182,0.010914051841746248,5.0,88.0,287.0000010748731,-108.5000106103189,283.0000010748731
M6_dense,procedural,ours_dnq_dlc_seed21,25,6,ours_M6_dense_n6_seed25,ok,5,2200,300,16.79411056917332,11.044576407921197,17.493536732554276,23.099545902417997,0.8576888334449675,1.6633237719535872,16.738951716063724,11.106225067671248,17.499894883369137,23.012064214725523,4.336458972503389,0.836642918208487,1.41845577955246,3.483855724334717,0.13454545454545455,0.0,2.994394284401175,137,0.08681818181818182,2200,2.9013636363636364,0.0036380172805820826,5.0,244.44444444444446,216.9999985733682,-108.5000106103189,212.9999985733682
M6_dense,procedural,ours_dnq_dlc_seed47,25,6,ours_M6_dense_n6_seed25,ok,5,2200,300,18.68227879536729,11.516070442380032,20.312782183331347,23.19591499298968,0.596150108037063,0.9304716527462007,19.047811824656687,11.572944698837198,20.796050123138627,23.344398139642152,4.478339389822953,0.5575578100435881,0.9143353343009949,1.152077317237854,0.04727272727272727,0.0,4.257887461511246,0,0.04681818181818182,2200,2.161363636363636,0.008640291041382447,5.0,110.0,346.50000023599455,-108.5000106103189,342.50000023599455
M6_dense,procedural,ours_dnq_dlc_seed71,25,6,ours_M6_dense_n6_seed25,ok,5,2200,300,15.502031299346134,10.976042320608983,15.37905844676446,21.922229150125503,0.7447619910900922,1.009661066532135,16.069464095375768,10.992636488075942,16.445856460652102,23.093289453186614,4.460391753612545,0.7029293347365985,0.9838493347167969,1.6067496538162231,0.08136363636363636,0.0,3.123358906889419,142,0.12090909090909091,2200,2.73,0.007730786721236926,5.0,122.22222222222223,234.50000242278225,-108.5000106103189,230.50000242278225
M6_dense,procedural,ours_dnq_dlc_seed99,25,6,ours_M6_dense_n6_seed25,ok,5,2200,300,14.616188107200013,10.926580241386171,12.645061456086198,19.44724002338311,0.7874894498994476,1.0259525418281557,15.063414038544709,10.951808748352157,13.76238383583895,20.69000406150778,4.066972730741941,0.7622479044946587,1.0050970315933228,1.2109887599945068,0.09772727272727273,0.0,3.9968400902983383,5,0.13454545454545455,2200,2.854090909090909,0.01273306048203729,5.0,75.86206896551724,192.50000329909585,-108.5000106103189,188.50000329909585
M6_dense,procedural,rule_expert_gate,26,6,rule_M6_dense_n6_seed26,ok,5,2200,300,22.57659580798455,21.008720928566383,22.818335501458684,23.82233881603159,0.17417014907944434,0.3156884223222742,22.26315133038775,19.679011541504224,22.78570851031883,23.957222229801506,2.9148323526351883,0.20585586982437895,0.39128004014492035,2.94555401802063,0.045,0.006818181818181818,2.787227274486728,116,0.0,0,nan,nan,nan,nan,465.5000048657389,-108.500006637144,461.5000048657389
M6_dense,procedural,dlc_individual_transition,26,6,dlcA_M6_dense_n6_seed26,ok,5,2200,300,11.402345424827256,4.7614164751610515,11.590101846292855,14.300121015005265,0.5963058104724501,1.1294901609420778,12.605745759279074,4.826895707222561,11.629446736659208,22.274105145029537,5.025837579464703,0.5599222942311,1.0334620237350471,1.5470823049545288,0.10909090909090909,0.0,2.808020910526114,1335,0.0,0,nan,nan,nan,nan,66.50000317036711,-112.00000465465428,62.50000317036711
M6_dense,procedural,dlc_joint_transition,26,6,dlcA_M6_dense_n6_seed26,ok,5,2200,300,13.76317021855205,11.165610578028376,13.833263494882598,16.964330229479867,0.593488224053106,0.9802072882652283,13.581215398225666,9.899797511303452,13.720033749966756,17.013952114914513,2.5866337368936763,0.6225390765193152,0.9860445976257325,1.3987895250320435,0.10045454545454545,0.0,3.1850900045947115,234,0.0,0,nan,nan,nan,nan,430.49999871985733,-115.49999671758337,426.49999871985733
M6_dense,procedural,dlc_joint_transition_observer,26,6,dlcA_M6_dense_n6_seed26,ok,5,2200,300,13.108475349461203,9.743032204127031,11.949374629467293,20.13830736487075,0.41763389153053715,1.1892480373382572,13.673241385539104,10.00427490846497,12.094293842438933,20.091354903243072,3.6884495468315177,0.4410103764295292,1.1078071117401125,1.7371197938919067,0.10545454545454545,0.0,2.445566532375725,1092,0.0,0,nan,nan,nan,nan,160.99999942098657,-108.500006637144,156.99999942098657
M6_dense,procedural,dlc_individual_transition,26,6,dlcB_M6_dense_n6_seed26,ok,5,2200,300,20.866649500635184,15.087898166954691,21.460377579027842,28.824217505777693,3.3867272694095183,6.097143125534059,20.427558302284496,15.08761115005227,20.61652270743766,27.120318210064113,4.516425741880139,2.9942670683886603,5.870117855072022,7.080512523651123,0.7381818181818182,0.1481818181818182,4.626228099569834,0,0.0,0,nan,nan,nan,nan,507.5000026348778,-108.500006637144,503.5000026348778
M6_dense,procedural,dlc_joint_transition,26,6,dlcB_M6_dense_n6_seed26,ok,5,2200,300,17.760486800705205,11.043384052558588,16.68855186898173,27.851548502667683,3.328285958935249,5.330369377136231,17.51084947510116,10.815432215758573,16.804073720631344,26.456933907541654,5.7059157849265,2.9436747421760545,5.2939831733703615,5.467034816741943,0.6913636363636364,0.32727272727272727,5.096990813427123,56,0.0,0,nan,nan,nan,nan,115.50000097112934,-262.5000006665655,111.50000097112934
M6_dense,procedural,dlc_joint_transition_observer,26,6,dlcB_M6_dense_n6_seed26,ok,5,2200,300,10.87696207870624,1.791559924228794,9.713865053519168,22.560559652394772,1.9934499062754607,3.2963520288467407,11.249061155309093,1.8469550474713625,11.384171620390603,22.00512517101423,7.827778765032521,1.7800551177063872,3.2212772130966187,3.692286252975464,0.6577272727272727,0.315,2.397473936723565,1313,0.0,0,nan,nan,nan,nan,48.9999953083302,-231.0000031649713,44.9999953083302
M6_dense,procedural,dlc_individual_transition,26,6,dlcC_M6_dense_n6_seed26,ok,5,2200,300,11.402345424827256,4.7614164751610515,11.590101846292855,14.300121015005265,0.5963058104724501,1.1294901609420778,12.605745759279074,4.826895707222561,11.629446736659208,22.274105145029537,5.025837579464703,0.5599222942311,1.0334620237350471,1.5470823049545288,0.10909090909090909,0.0,2.808020910526114,1335,0.0,0,nan,nan,nan,nan,66.50000317036711,-112.00000465465428,62.50000317036711
M6_dense,procedural,dlc_joint_transition,26,6,dlcC_M6_dense_n6_seed26,ok,5,2200,300,13.76317021855205,11.165610578028376,13.833263494882598,16.964330229479867,0.593488224053106,0.9802072882652283,13.581215398225666,9.899797511303452,13.720033749966756,17.013952114914513,2.5866337368936763,0.6225390765193152,0.9860445976257325,1.3987895250320435,0.10045454545454545,0.0,3.1850900045947115,234,0.0,0,nan,nan,nan,nan,430.49999871985733,-115.49999671758337,426.49999871985733
M6_dense,procedural,dlc_joint_transition_observer,26,6,dlcC_M6_dense_n6_seed26,ok,5,2200,300,13.108475349461203,9.743032204127031,11.949374629467293,20.13830736487075,0.41763389153053715,1.1892480373382572,13.673241385539104,10.00427490846497,12.094293842438933,20.091354903243072,3.6884495468315177,0.4410103764295292,1.1078071117401125,1.7371197938919067,0.10545454545454545,0.0,2.445566532375725,1092,0.0,0,nan,nan,nan,nan,160.99999942098657,-108.500006637144,156.99999942098657
M6_dense,procedural,dlc_individual_transition,26,6,dlcD_M6_dense_n6_seed26,ok,5,2200,300,20.866649500635184,15.087898166954691,21.460377579027842,28.824217505777693,3.3867272694095183,6.097143125534059,20.427558302284496,15.08761115005227,20.61652270743766,27.120318210064113,4.516425741880139,2.9942670683886603,5.870117855072022,7.080512523651123,0.7381818181818182,0.1481818181818182,4.626228099569834,0,0.0,0,nan,nan,nan,nan,507.5000026348778,-108.500006637144,503.5000026348778
M6_dense,procedural,dlc_joint_transition,26,6,dlcD_M6_dense_n6_seed26,ok,5,2200,300,17.760486800705205,11.043384052558588,16.68855186898173,27.851548502667683,3.328285958935249,5.330369377136231,17.51084947510116,10.815432215758573,16.804073720631344,26.456933907541654,5.7059157849265,2.9436747421760545,5.2939831733703615,5.467034816741943,0.6913636363636364,0.32727272727272727,5.096990813427123,56,0.0,0,nan,nan,nan,nan,115.50000097112934,-262.5000006665655,111.50000097112934
M6_dense,procedural,dlc_joint_transition_observer,26,6,dlcD_M6_dense_n6_seed26,ok,5,2200,300,10.87696207870624,1.791559924228794,9.713865053519168,22.560559652394772,1.9934499062754607,3.2963520288467407,11.249061155309093,1.8469550474713625,11.384171620390603,22.00512517101423,7.827778765032521,1.7800551177063872,3.2212772130966187,3.692286252975464,0.6577272727272727,0.315,2.397473936723565,1313,0.0,0,nan,nan,nan,nan,48.9999953083302,-231.0000031649713,44.9999953083302
M6_dense,procedural,ours_dnq_dlc_seed13,26,6,ours_M6_dense_n6_seed26,ok,5,2200,300,19.807067818198362,12.649077085866114,21.036415862927235,23.34476239369798,0.5059237455758021,0.7998808383941652,19.766105701614904,12.84383640147165,20.920996223981835,23.34476239369798,3.732812424223952,0.5014246099357578,0.7833989679813387,0.9797233939170837,0.0,0.0,3.900899778624991,0,0.03272727272727273,2200,0.9477272727272728,0.020918599363346977,5.0,46.808510638297875,720.9999952472112,-108.500006637144,716.9999952472112
M6_dense,procedural,ours_dnq_dlc_seed21,26,6,ours_M6_dense_n6_seed26,ok,5,2200,300,8.622208855865182,5.91867754463247,7.0087837305728495,14.898849289459118,3.181663488118272,5.656895542144776,9.649271085799407,5.9952273443312984,7.096194249725812,18.004721526624714,4.633229575320906,2.8465458977222444,5.5493052959442135,6.550783634185791,0.7040909090909091,0.06,2.774662253028862,1603,0.04454545454545455,2200,3.0,0.023192360163710776,5.0,42.30769230769231,59.50000020726452,-168.00000191794356,55.50000020726452
M6_dense,procedural,ours_dnq_dlc_seed47,26,6,ours_M6_dense_n6_seed26,ok,5,2200,300,19.53275359325232,13.249929113524736,20.257986550246226,23.17224258183297,0.5108503256423251,0.7386546909809113,19.30689978490913,12.594083782849028,20.081728775891463,23.245762884260635,3.8252037790947093,0.506261377640132,0.77967728972435,1.2241504192352295,0.02409090909090909,0.0,4.553782917417098,0,0.04454545454545455,2200,1.48,0.040927694406548434,5.0,24.175824175824175,699.999998328947,-108.500006637144,695.999998328947
M6_dense,procedural,ours_dnq_dlc_seed71,26,6,ours_M6_dense_n6_seed26,ok,5,2200,300,18.420338158351285,11.493447263269513,19.29379807899644,23.01578328379885,0.6247256928959273,0.9039732813835145,18.265907889771757,11.458279706903008,19.168000247160144,23.049688058994693,4.324734130787272,0.6128441008324311,0.8758026957511904,1.1984190940856934,0.04318181818181818,0.0,3.5596867075534915,23,0.08409090909090909,2200,1.6795454545454545,0.04229195088676671,5.0,23.404255319148938,325.50000673174077,-108.500006637144,321.50000673174077
M6_dense,procedural,ours_dnq_dlc_seed99,26,6,ours_M6_dense_n6_seed26,ok,5,2200,300,18.553487505700407,11.570979910704441,19.59806339193505,23.198589512297765,0.5773210490871172,0.8941524982452392,18.669444631879305,11.65021426214782,19.670894994048247,23.212559408682047,4.297823473282402,0.5630138156261422,0.8814229607582093,1.2424373626708984,0.03272727272727273,0.0,3.1188540947589374,0,0.060909090909090906,2200,1.1877272727272727,0.02773988176443838,5.0,35.483870967741936,675.4999986010123,-108.500006637144,671.4999986010123
M6_dense,procedural,rule_expert_gate,27,6,rule_M6_dense_n6_seed27,ok,5,2200,300,13.786072439658627,11.589870135332458,12.535123057934172,19.352310563734903,0.309739162968104,0.5593044281005869,15.19857174249487,11.61573030659258,12.735328837687035,25.614276555756273,5.131728241606105,0.3020324553721002,0.517919808626175,3.7592039108276367,0.06363636363636363,0.03681818181818182,3.177256965153276,1572,0.0,0,nan,nan,nan,nan,84.00000515678516,-108.50000627898226,80.00000515678516
M6_dense,procedural,dlc_individual_transition,27,6,dlcA_M6_dense_n6_seed27,ok,5,2200,300,12.131370207128473,6.772045203778507,11.826156434767928,21.419226844144998,1.2545944959847648,5.041281795501711,13.0373371887208,6.913118882380022,12.04290697457196,21.854070929449907,4.838716164626586,1.1058655998738323,4.825025033950807,6.674367904663086,0.22636363636363635,0.04727272727272727,3.964814979526353,1431,0.0,0,nan,nan,nan,nan,175.00000568718679,-157.49999538202212,171.00000568718679
M6_dense,procedural,dlc_joint_transition,27,6,dlcA_M6_dense_n6_seed27,ok,5,2200,300,4.672389086231818,3.2083547838274695,4.504725033202151,6.4722764223639775,2.2939451664176427,3.4911110401153564,5.3424482458431095,3.2467646120557543,4.771115464140346,7.373571747216088,2.504140385298413,2.115382181382315,3.4647106647491457,3.571355104446411,0.8531818181818182,0.49227272727272725,2.8013562287446936,67,0.0,0,nan,nan,nan,nan,10.500006681405239,-616.0000018797008,6.500006681405239
M6_dense,procedural,dlc_joint_transition_observer,27,6,dlcA_M6_dense_n6_seed27,ok,5,2200,300,12.939946598251549,10.125548430826035,11.352499695323672,21.066426315329895,0.7021280909661207,1.0106559634208678,13.416323445508688,10.140495414494872,11.800343081071365,20.995930522508036,3.980453626674695,0.6468107722410258,1.0099225878715514,1.0325716733932495,0.3040909090909091,0.0,4.974730127830727,90,0.0,0,nan,nan,nan,nan,119.00000630176419,-108.50000627898226,115.00000630176419
M6_dense,procedural,dlc_individual_transition,27,6,dlcB_M6_dense_n6_seed27,ok,5,2200,300,13.814820518454118,7.9866380513875175,12.566882590838443,23.54500994791975,0.7101771328735509,0.8513178288936616,14.529342550464234,8.032729865498538,12.625055102055281,23.36832788102283,5.568791894700111,0.6823514406722758,0.8535954177379609,0.9902001619338989,0.0036363636363636364,0.0,5.072908636354678,0,0.0,0,nan,nan,nan,nan,168.00000649675394,-108.50000627898226,164.00000649675394
M6_dense,procedural,dlc_joint_transition,27,6,dlcB_M6_dense_n6_seed27,ok,5,2200,300,16.571527787670686,10.699137572936234,18.08879698401961,20.252375485886066,1.951751484834638,3.5665678977966313,16.5255791582972,10.547832301458772,18.158175882154694,20.819033437150267,4.129761735082767,1.7460424532532752,3.494226670265198,3.772601842880249,0.8059090909090909,0.20545454545454545,5.132608177226985,35,0.0,0,nan,nan,nan,nan,157.50000698015356,-167.99999745859134,153.50000698015356
M6_dense,procedural,dlc_joint_transition_observer,27,6,dlcB_M6_dense_n6_seed27,ok,5,2200,300,14.735376046673423,10.457027269518104,15.285901517501433,18.852671956203135,1.0461985475295008,2.9531616926193243,14.487871350039448,9.738511849872998,15.133742611882171,18.7019905199976,3.1129749403376494,0.9458072683688872,2.789626812934876,3.6176371574401855,0.30772727272727274,0.13136363636363638,2.7405868945536516,502,0.0,0,nan,nan,nan,nan,273.000002858206,-192.4999961277075,269.000002858206
M6_dense,procedural,dlc_individual_transition,27,6,dlcC_M6_dense_n6_seed27,ok,5,2200,300,12.131370207128473,6.772045203778507,11.826156434767928,21.419226844144998,1.2545944959847648,5.041281795501711,13.0373371887208,6.913118882380022,12.04290697457196,21.854070929449907,4.838716164626586,1.1058655998738323,4.825025033950807,6.674367904663086,0.22636363636363635,0.04727272727272727,3.964814979526353,1431,0.0,0,nan,nan,nan,nan,175.00000568718679,-157.49999538202212,171.00000568718679
M6_dense,procedural,dlc_joint_transition,27,6,dlcC_M6_dense_n6_seed27,ok,5,2200,300,4.672389086231818,3.2083547838274695,4.504725033202151,6.4722764223639775,2.2939451664176427,3.4911110401153564,5.3424482458431095,3.2467646120557543,4.771115464140346,7.373571747216088,2.504140385298413,2.115382181382315,3.4647106647491457,3.571355104446411,0.8531818181818182,0.49227272727272725,2.8013562287446936,67,0.0,0,nan,nan,nan,nan,10.500006681405239,-616.0000018797008,6.500006681405239
M6_dense,procedural,dlc_joint_transition_observer,27,6,dlcC_M6_dense_n6_seed27,ok,5,2200,300,12.939946598251549,10.125548430826035,11.352499695323672,21.066426315329895,0.7021280909661207,1.0106559634208678,13.416323445508688,10.140495414494872,11.800343081071365,20.995930522508036,3.980453626674695,0.6468107722410258,1.0099225878715514,1.0325716733932495,0.3040909090909091,0.0,4.974730127830727,90,0.0,0,nan,nan,nan,nan,119.00000630176419,-108.50000627898226,115.00000630176419
M6_dense,procedural,dlc_individual_transition,27,6,dlcD_M6_dense_n6_seed27,ok,5,2200,300,13.814820518454118,7.9866380513875175,12.566882590838443,23.54500994791975,0.7101771328735509,0.8513178288936616,14.529342550464234,8.032729865498538,12.625055102055281,23.36832788102283,5.568791894700111,0.6823514406722758,0.8535954177379609,0.9902001619338989,0.0036363636363636364,0.0,5.072908636354678,0,0.0,0,nan,nan,nan,nan,168.00000649675394,-108.50000627898226,164.00000649675394
M6_dense,procedural,dlc_joint_transition,27,6,dlcD_M6_dense_n6_seed27,ok,5,2200,300,16.571527787670686,10.699137572936234,18.08879698401961,20.252375485886066,1.951751484834638,3.5665678977966313,16.5255791582972,10.547832301458772,18.158175882154694,20.819033437150267,4.129761735082767,1.7460424532532752,3.494226670265198,3.772601842880249,0.8059090909090909,0.20545454545454545,5.132608177226985,35,0.0,0,nan,nan,nan,nan,157.50000698015356,-167.99999745859134,153.50000698015356
M6_dense,procedural,dlc_joint_transition_observer,27,6,dlcD_M6_dense_n6_seed27,ok,5,2200,300,14.735376046673423,10.457027269518104,15.285901517501433,18.852671956203135,1.0461985475295008,2.9531616926193243,14.487871350039448,9.738511849872998,15.133742611882171,18.7019905199976,3.1129749403376494,0.9458072683688872,2.789626812934876,3.6176371574401855,0.30772727272727274,0.13136363636363638,2.7405868945536516,502,0.0,0,nan,nan,nan,nan,273.000002858206,-192.4999961277075,269.000002858206
M6_dense,procedural,ours_dnq_dlc_seed13,27,6,ours_M6_dense_n6_seed27,ok,5,2200,300,16.390834472638197,8.27942732391009,17.77461515208924,23.07298147783854,0.564630539913625,0.8245201051235199,17.01806397061827,8.855678900638093,18.388992440068805,23.249892911879677,5.590036080044762,0.531392017230246,0.8112875998020173,1.1407521963119507,0.02,0.0,2.916900520062492,260,0.06545454545454546,2200,2.414090909090909,0.008640291041382447,5.0,110.0,360.5000012327962,-108.50000627898226,356.5000012327962
M6_dense,procedural,ours_dnq_dlc_seed21,27,6,ours_M6_dense_n6_seed27,ok,5,2200,300,15.410582144283968,11.140003533161412,15.82143042957846,19.776632005488064,0.783948737680912,0.9795088768005371,16.287520255456947,11.214863093513001,16.87160021690548,23.007693696505783,4.3227677497116686,0.7124484594107013,0.966318738460541,1.2650867700576782,0.06363636363636363,0.0,4.65073011251663,0,0.12272727272727273,2200,2.6122727272727273,0.007276034561164165,5.0,129.41176470588235,220.49999883592272,-108.50000627898226,216.49999883592272
M6_dense,procedural,ours_dnq_dlc_seed47,27,6,ours_M6_dense_n6_seed27,ok,5,2200,300,17.13246557419251,11.094464904237157,17.832426440724852,23.019343384015794,0.659340055973122,0.8817786872386932,17.630935674807734,11.21555632189369,18.247396321322555,23.19158162182005,4.496367035112296,0.6184719098409087,0.8758182764053345,1.2618457078933716,0.02772727272727273,0.0,4.33776346041214,0,0.1009090909090909,2200,2.4245454545454543,0.010459299681673489,5.0,91.66666666666667,472.49999605720313,-108.50000627898226,468.49999605720313
M6_dense,procedural,ours_dnq_dlc_seed71,27,6,ours_M6_dense_n6_seed27,ok,5,2200,300,15.735979042832712,11.059300938564848,15.58514270991748,22.64934718009732,0.7417146493107276,0.9246289193630218,16.311005248137906,11.173042757698456,16.77907916114563,22.923405215502356,4.410865384466809,0.7027654661606489,0.9141504406929016,1.284110188484192,0.05409090909090909,0.0,3.5907235757114666,0,0.14272727272727273,2200,2.683181818181818,0.008185538881309686,5.0,115.78947368421052,328.99999941837905,-108.50000627898226,324.99999941837905
M6_dense,procedural,ours_dnq_dlc_seed99,27,6,ours_M6_dense_n6_seed27,ok,5,2200,300,13.503072212967387,6.815753715073636,12.31217035364342,21.784235835705203,0.871010572099568,1.8459702372551003,14.033501167110002,7.111658738274371,12.62937299499412,22.460613698676077,5.421744364621456,0.8289169130785475,1.3122089505195618,5.272593975067139,0.1509090909090909,0.02,2.5881425729164595,496,0.09909090909090909,2200,2.716818181818182,0.035015916325602546,5.0,28.205128205128204,293.9999993874369,-108.50000627898226,289.9999993874369
M6_dense,procedural,rule_expert_gate,28,6,rule_M6_dense_n6_seed28,ok,5,2200,300,12.638816005146698,9.062314288750565,12.241983125414876,14.91603234410135,0.4190821134725066,1.4189033031463623,14.208442425361913,9.367878478496236,12.406005785056985,25.586738654020266,5.355332152105707,0.39415294589233035,1.2586389899253847,3.216188907623291,0.11045454545454546,0.060454545454545455,2.9307135366089487,1748,0.0,0,nan,nan,nan,nan,276.50000752045503,-178.5000000991588,272.50000752045503
M6_dense,procedural,dlc_individual_transition,28,6,dlcA_M6_dense_n6_seed28,ok,5,2200,300,13.895924698251344,4.639401121763356,13.747758160582192,22.57253708835161,0.5522220161831664,1.2076695561409003,14.5636157835098,4.679770725199475,14.473797439288786,23.39608968864379,6.307013842853086,0.4979082087835865,1.1189251899719241,1.5590567588806152,0.16090909090909092,0.0,3.4694086495068976,414,0.0,0,nan,nan,nan,nan,101.50000264990422,-133.00000355979546,97.50000264990422
M6_dense,procedural,dlc_joint_transition,28,6,dlcA_M6_dense_n6_seed28,ok,5,2200,300,15.238645374184735,13.088395933763538,15.222263486294876,18.401780808148803,0.2712421291532672,0.9188583731651306,14.828056703983181,10.934394772280475,15.038748307435245,18.142711941786576,2.6026405927634846,0.3008872746147377,0.912462490797043,1.0443434715270996,0.03272727272727273,0.0,2.7899509213808167,931,0.0,0,nan,nan,nan,nan,395.5000055446958,-112.00000448473713,391.5000055446958
M6_dense,procedural,dlc_joint_transition_observer,28,6,dlcA_M6_dense_n6_seed28,ok,5,2200,300,13.141840032927302,10.731811576015525,11.212800619561266,21.01615307872657,0.7763232435616757,1.1477713108062744,13.543319511186239,10.73189585384572,11.356673484939883,20.978454898522827,3.9737288039642875,0.7252057724460742,1.1219527244567873,1.2511240243911743,0.26454545454545453,0.0,5.0510988228075915,43,0.0,0,nan,nan,nan,nan,66.50000193375581,-108.49999855551471,62.50000193375581
M6_dense,procedural,dlc_individual_transition,28,6,dlcB_M6_dense_n6_seed28,ok,5,2200,300,18.104508161270306,11.459877626855777,19.782870112864956,23.562091830233822,4.690212004153352,8.865808391571045,18.24662576365107,11.582815858072212,19.342940203893555,23.333792176088313,4.381076311514856,4.119745339643851,8.852215766906738,9.490166664123535,0.6213636363636363,0.06727272727272728,4.108899325762907,0,0.0,0,nan,nan,nan,nan,409.50000042090073,-266.00000038966607,405.50000042090073
M6_dense,procedural,dlc_joint_transition,28,6,dlcB_M6_dense_n6_seed28,ok,5,2200,300,16.679914421293727,11.314014596493028,17.246291251528817,20.36163524915892,2.284435672810865,4.232580661773682,16.61293032961153,11.111230882706122,17.32316935299339,20.83791306495021,3.981546399594455,2.0334226539168,4.171119356155396,4.444148063659668,0.8031818181818182,0.19772727272727272,5.088719671129354,35,0.0,0,nan,nan,nan,nan,182.0000029012258,-146.99999791218556,178.0000029012258
M6_dense,procedural,dlc_joint_transition_observer,28,6,dlcB_M6_dense_n6_seed28,ok,5,2200,300,13.988336793679347,8.709143416785887,14.83982161363135,17.49631784247958,1.330978817651998,3.339996814727783,13.840772488326644,9.141783771939357,14.709250234987005,17.390157311413542,3.3901450981097025,1.1935521086461747,3.2514559030532837,3.6184256076812744,0.44045454545454543,0.19636363636363635,2.785959356121829,472,0.0,0,nan,nan,nan,nan,185.50000050367157,-294.0000013515248,181.50000050367157
M6_dense,procedural,dlc_individual_transition,28,6,dlcC_M6_dense_n6_seed28,ok,5,2200,300,13.895924698251344,4.639401121763356,13.747758160582192,22.57253708835161,0.5522220161831664,1.2076695561409003,14.5636157835098,4.679770725199475,14.473797439288786,23.39608968864379,6.307013842853086,0.4979082087835865,1.1189251899719241,1.5590567588806152,0.16090909090909092,0.0,3.4694086495068976,414,0.0,0,nan,nan,nan,nan,101.50000264990422,-133.00000355979546,97.50000264990422
M6_dense,procedural,dlc_joint_transition,28,6,dlcC_M6_dense_n6_seed28,ok,5,2200,300,15.238645374184735,13.088395933763538,15.222263486294876,18.401780808148803,0.2712421291532672,0.9188583731651306,14.828056703983181,10.934394772280475,15.038748307435245,18.142711941786576,2.6026405927634846,0.3008872746147377,0.912462490797043,1.0443434715270996,0.03272727272727273,0.0,2.7899509213808167,931,0.0,0,nan,nan,nan,nan,395.5000055446958,-112.00000448473713,391.5000055446958
M6_dense,procedural,dlc_joint_transition_observer,28,6,dlcC_M6_dense_n6_seed28,ok,5,2200,300,13.141840032927302,10.731811576015525,11.212800619561266,21.01615307872657,0.7763232435616757,1.1477713108062744,13.543319511186239,10.73189585384572,11.356673484939883,20.978454898522827,3.9737288039642875,0.7252057724460742,1.1219527244567873,1.2511240243911743,0.26454545454545453,0.0,5.0510988228075915,43,0.0,0,nan,nan,nan,nan,66.50000193375581,-108.49999855551471,62.50000193375581
M6_dense,procedural,dlc_individual_transition,28,6,dlcD_M6_dense_n6_seed28,ok,5,2200,300,18.104508161270306,11.459877626855777,19.782870112864956,23.562091830233822,4.690212004153352,8.865808391571045,18.24662576365107,11.582815858072212,19.342940203893555,23.333792176088313,4.381076311514856,4.119745339643851,8.852215766906738,9.490166664123535,0.6213636363636363,0.06727272727272728,4.108899325762907,0,0.0,0,nan,nan,nan,nan,409.50000042090073,-266.00000038966607,405.50000042090073
M6_dense,procedural,dlc_joint_transition,28,6,dlcD_M6_dense_n6_seed28,ok,5,2200,300,16.679914421293727,11.314014596493028,17.246291251528817,20.36163524915892,2.284435672810865,4.232580661773682,16.61293032961153,11.111230882706122,17.32316935299339,20.83791306495021,3.981546399594455,2.0334226539168,4.171119356155396,4.444148063659668,0.8031818181818182,0.19772727272727272,5.088719671129354,35,0.0,0,nan,nan,nan,nan,182.0000029012258,-146.99999791218556,178.0000029012258
M6_dense,procedural,dlc_joint_transition_observer,28,6,dlcD_M6_dense_n6_seed28,ok,5,2200,300,13.988336793679347,8.709143416785887,14.83982161363135,17.49631784247958,1.330978817651998,3.339996814727783,13.840772488326644,9.141783771939357,14.709250234987005,17.390157311413542,3.3901450981097025,1.1935521086461747,3.2514559030532837,3.6184256076812744,0.44045454545454543,0.19636363636363635,2.785959356121829,472,0.0,0,nan,nan,nan,nan,185.50000050367157,-294.0000013515248,181.50000050367157
M6_dense,procedural,ours_dnq_dlc_seed13,28,6,ours_M6_dense_n6_seed28,ok,5,2200,300,15.09043216981023,6.221135359104015,15.880962332721973,23.024571659171084,0.5100846062801582,0.864954161643982,15.79457851032022,7.100468815183788,16.74684043119602,23.221976625678924,6.258515716776696,0.487075166038174,0.8206095933914186,1.0632132291793823,0.011818181818181818,0.0,2.623060270622203,195,0.03272727272727273,2200,2.8286363636363636,0.01273306048203729,5.0,75.86206896551724,350.0000028618915,-108.49999855551471,346.0000028618915
M6_dense,procedural,ours_dnq_dlc_seed21,28,6,ours_M6_dense_n6_seed28,ok,5,2200,300,16.559373034718853,11.334824895849348,17.64384178708228,21.509878441808194,0.6960662209828336,0.956835025548935,17.138852787007266,11.397677381839083,18.06156553246676,22.682898306481817,4.1251823337821945,0.6602007706444287,0.9486358404159546,1.146668553352356,0.03090909090909091,0.0,3.2131361173698365,9,0.1,2200,2.577272727272727,0.009095043201455207,5.0,104.76190476190476,430.4999975157266,-108.49999855551471,426.4999975157266
M6_dense,procedural,ours_dnq_dlc_seed47,28,6,ours_M6_dense_n6_seed28,ok,5,2200,300,16.07471456176857,11.258138518538937,16.836131655206287,22.05156872116371,0.7270760581269861,0.9664024353027344,16.588473807796294,11.354253054899944,17.417209719329513,22.52731549542782,4.280221168058019,0.6884286425446837,0.9486726045608521,1.3889539241790771,0.05227272727272727,0.0,3.033351227537196,107,0.12090909090909091,2200,2.7468181818181816,0.01227830832196453,5.0,78.57142857142857,451.5000023809919,-108.49999855551471,447.5000023809919
M6_dense,procedural,ours_dnq_dlc_seed71,28,6,ours_M6_dense_n6_seed28,ok,5,2200,300,8.027748687212393,2.4381802963215686,3.0562557751908077,16.164644020432856,2.707415497806046,5.431447076797486,9.208468530814411,2.4381804104412517,10.629669447182508,18.307437130615508,6.543352201766775,2.4076616093855012,5.263493251800538,6.633941173553467,0.5718181818181818,0.44727272727272727,2.404168500708756,486,0.06636363636363636,2200,2.1331818181818183,0.031832651205093224,5.0,30.985915492957748,94.49999945570062,-773.499996438889,90.49999945570062
M6_dense,procedural,ours_dnq_dlc_seed99,28,6,ours_M6_dense_n6_seed28,ok,5,2200,300,15.714867020379018,10.943652053657164,16.977552816354674,20.894316373941916,0.6533595663561534,0.9471927642822267,16.109376155740893,10.970608369541598,17.274443315193174,22.147680025370192,4.5282172924234825,0.6283398294364716,0.930191719532013,1.1593562364578247,0.056818181818181816,0.0,4.276236208523935,46,0.105,2200,2.7086363636363635,0.035925420645748066,5.0,27.5,371.0000010998406,-108.49999855551471,367.0000010998406
M6_dense,procedural,rule_expert_gate,29,6,rule_M6_dense_n6_seed29,ok,5,2200,300,13.754912281808494,7.5200319133270765,12.597578730041654,23.021937712346165,1.4752283980678782,3.4178469419479374,14.61943690702352,7.685044382233858,12.942027804193668,23.543446121897837,6.195360223090392,1.3179712334970364,3.3423670053482057,4.533687114715576,0.4763636363636364,0.36227272727272725,2.811921430021165,1561,0.0,0,nan,nan,nan,nan,80.50000000160026,-395.4999980352351,76.50000000160026
M6_dense,procedural,dlc_individual_transition,29,6,dlcA_M6_dense_n6_seed29,ok,5,2200,300,7.751384316063664,4.183013936424536,4.785885694048151,19.911752943626222,0.9949286539833012,1.6895804047584535,9.187229521128373,4.20595985947044,4.786508642611551,20.982663069657374,6.901079029530713,0.8949970033856649,1.6838158249855042,1.7048228979110718,0.48409090909090907,0.017272727272727273,4.98144022436285,124,0.0,0,nan,nan,nan,nan,178.5000003335058,-171.50000277745744,174.5000003335058
M6_dense,procedural,dlc_joint_transition,29,6,dlcA_M6_dense_n6_seed29,ok,5,2200,300,14.310258393912637,10.60485003782141,12.194253379041385,20.068083630914394,0.6085301867983913,0.9755916833877564,14.148063703849523,10.649379660850782,13.080147280850415,19.872216485889684,3.942324297925164,0.6464523358840895,0.9827003538608551,1.1671308279037476,0.05909090909090909,0.0,3.486966865044807,978,0.0,0,nan,nan,nan,nan,262.50000025526106,-112.00000610684901,258.50000025526106
M6_dense,procedural,dlc_joint_transition_observer,29,6,dlcA_M6_dense_n6_seed29,ok,5,2200,300,8.016819253404236,2.59956198280903,5.509284210291971,16.64170530446704,3.00073557193342,5.795778274536135,8.856148236557774,2.769496174911764,5.820809412723123,16.563548305812382,5.330756343683385,2.723638492321426,5.345054864883423,7.177018642425537,0.7009090909090909,0.28363636363636363,3.0829941328001116,1372,0.0,0,nan,nan,nan,nan,87.49999748762684,-329.0000023880466,83.49999748762684
M6_dense,procedural,dlc_individual_transition,29,6,dlcB_M6_dense_n6_seed29,ok,5,2200,300,13.199968060434191,8.367915423862373,10.931989957290325,22.664423694075953,0.48552803826132346,0.7131099283695221,12.99682568205835,8.314260276339832,10.95734133202114,22.197969686769834,4.94168421967807,0.48489851010909746,0.7797657191753391,1.2894036769866943,0.053181818181818184,0.0,2.7596027607319202,245,0.0,0,nan,nan,nan,nan,266.0000002890247,-115.50000440289716,262.0000002890247
M6_dense,procedural,dlc_joint_transition,29,6,dlcB_M6_dense_n6_seed29,ok,5,2200,300,17.22043217473852,10.24717145503932,16.236449351032263,27.21964450761205,3.040982180577948,4.852734756469728,17.251605236180335,10.349285438493824,16.772393900469055,27.167858022988923,5.542893762092855,2.675120524317767,4.752988719940188,5.193734169006348,0.6740909090909091,0.34545454545454546,4.592347370358262,59,0.0,0,nan,nan,nan,nan,150.50000121164794,-245.00000153733822,146.50000121164794
M6_dense,procedural,dlc_joint_transition_observer,29,6,dlcB_M6_dense_n6_seed29,ok,5,2200,300,2.343907446680317,1.9757221565207177,2.2135964686915917,3.0106295297754357,0.9587891578360608,1.031874287128449,3.735389862728116,1.9837844264467768,2.231515962224236,8.337714862632124,4.139098661058312,0.9122799782605249,1.1897118210792548,1.9568426609039307,0.19818181818181818,0.02,3.336122802099672,2125,0.0,0,nan,nan,nan,nan,7.000009280225527,-437.4999983388876,3.0000092802255267
M6_dense,procedural,dlc_individual_transition,29,6,dlcC_M6_dense_n6_seed29,ok,5,2200,300,7.751384316063664,4.183013936424536,4.785885694048151,19.911752943626222,0.9949286539833012,1.6895804047584535,9.187229521128373,4.20595985947044,4.786508642611551,20.982663069657374,6.901079029530713,0.8949970033856649,1.6838158249855042,1.7048228979110718,0.48409090909090907,0.017272727272727273,4.98144022436285,124,0.0,0,nan,nan,nan,nan,178.5000003335058,-171.50000277745744,174.5000003335058
M6_dense,procedural,dlc_joint_transition,29,6,dlcC_M6_dense_n6_seed29,ok,5,2200,300,14.310258393912637,10.60485003782141,12.194253379041385,20.068083630914394,0.6085301867983913,0.9755916833877564,14.148063703849523,10.649379660850782,13.080147280850415,19.872216485889684,3.942324297925164,0.6464523358840895,0.9827003538608551,1.1671308279037476,0.05909090909090909,0.0,3.486966865044807,978,0.0,0,nan,nan,nan,nan,262.50000025526106,-112.00000610684901,258.50000025526106
M6_dense,procedural,dlc_joint_transition_observer,29,6,dlcC_M6_dense_n6_seed29,ok,5,2200,300,8.016819253404236,2.59956198280903,5.509284210291971,16.64170530446704,3.00073557193342,5.795778274536135,8.856148236557774,2.769496174911764,5.820809412723123,16.563548305812382,5.330756343683385,2.723638492321426,5.345054864883423,7.177018642425537,0.7009090909090909,0.28363636363636363,3.0829941328001116,1372,0.0,0,nan,nan,nan,nan,87.49999748762684,-329.0000023880466,83.49999748762684
M6_dense,procedural,dlc_individual_transition,29,6,dlcD_M6_dense_n6_seed29,ok,5,2200,300,13.199968060434191,8.367915423862373,10.931989957290325,22.664423694075953,0.48552803826132346,0.7131099283695221,12.99682568205835,8.314260276339832,10.95734133202114,22.197969686769834,4.94168421967807,0.48489851010909746,0.7797657191753391,1.2894036769866943,0.053181818181818184,0.0,2.7596027607319202,245,0.0,0,nan,nan,nan,nan,266.0000002890247,-115.50000440289716,262.0000002890247
M6_dense,procedural,dlc_joint_transition,29,6,dlcD_M6_dense_n6_seed29,ok,5,2200,300,17.22043217473852,10.24717145503932,16.236449351032263,27.21964450761205,3.040982180577948,4.852734756469728,17.251605236180335,10.349285438493824,16.772393900469055,27.167858022988923,5.542893762092855,2.675120524317767,4.752988719940188,5.193734169006348,0.6740909090909091,0.34545454545454546,4.592347370358262,59,0.0,0,nan,nan,nan,nan,150.50000121164794,-245.00000153733822,146.50000121164794
M6_dense,procedural,dlc_joint_transition_observer,29,6,dlcD_M6_dense_n6_seed29,ok,5,2200,300,2.343907446680317,1.9757221565207177,2.2135964686915917,3.0106295297754357,0.9587891578360608,1.031874287128449,3.735389862728116,1.9837844264467768,2.231515962224236,8.337714862632124,4.139098661058312,0.9122799782605249,1.1897118210792548,1.9568426609039307,0.19818181818181818,0.02,3.336122802099672,2125,0.0,0,nan,nan,nan,nan,7.000009280225527,-437.4999983388876,3.0000092802255267
M6_dense,procedural,ours_dnq_dlc_seed13,29,6,ours_M6_dense_n6_seed29,ok,5,2200,300,14.226982105577132,7.521602505683751,13.806245175441758,21.425082068170553,0.5389885231694145,0.8763205468654637,14.93068784740767,8.262105994050707,15.320670462022655,22.124575621395955,5.547218964115455,0.5466477227887001,0.855767971277237,2.10919189453125,0.06863636363636363,0.0,2.5742602082805615,415,0.04363636363636364,2200,2.7613636363636362,0.0286493860845839,5.0,34.375,311.49999522569306,-112.00000451962387,307.49999522569306
M6_dense,procedural,ours_dnq_dlc_seed21,29,6,ours_M6_dense_n6_seed29,ok,5,2200,300,9.341019526248528,6.705454881356009,7.76214581694537,17.18402561917687,4.601457556893951,9.310887241363526,10.315799345879833,6.7258526983551885,8.246683607364222,18.491263316626107,4.61518260184479,4.071308998140422,9.223819160461426,9.551921844482422,0.6313636363636363,0.0,3.1064200824971704,1491,0.04363636363636364,2200,2.4495454545454547,0.027285129604365622,5.0,36.0655737704918,35.000001999461574,-209.99999954556552,31.000001999461574
M6_dense,procedural,ours_dnq_dlc_seed47,29,6,ours_M6_dense_n6_seed29,ok,5,2200,300,14.19699944554438,8.56232248250004,13.007601164691675,21.33850949382894,0.603420347743055,0.895713609457016,14.871651176770266,8.924671608836992,14.150367310629175,22.795717572630057,5.457207060508547,0.5611590789604551,0.8894246220588684,1.2371346950531006,0.02409090909090909,0.0,2.9728000023536403,112,0.12181818181818181,2200,2.6572727272727272,0.03137789904502047,5.0,31.428571428571427,290.500002726752,-112.00000469030749,286.500002726752
M6_dense,procedural,ours_dnq_dlc_seed71,29,6,ours_M6_dense_n6_seed29,ok,5,2200,300,18.0590464573085,11.413364988908606,18.954312101238365,23.043190601255574,0.6528905743061516,0.923091471195221,17.785797755831744,11.319553798293965,18.67743403379967,23.002132760157735,4.387370539495054,0.6582926920204508,0.9171062350273134,1.0743690729141235,0.026363636363636363,0.0,2.8321662335439064,14,0.1,2200,1.9154545454545455,0.01637107776261937,5.0,59.45945945945946,353.4999960834848,-112.00000451962387,349.4999960834848
M6_dense,procedural,ours_dnq_dlc_seed99,29,6,ours_M6_dense_n6_seed29,ok,5,2200,300,17.11620939947683,11.187217922430456,18.161497735270167,22.62477104775098,0.6273581422430672,0.9307410776615143,17.451690406066593,11.183648217032738,18.482419001443184,22.934162067387373,4.588581194988983,0.6046655653261802,0.9197367131710052,1.186642050743103,0.021363636363636362,0.0,3.853401804065735,12,0.11,2200,2.264090909090909,0.027285129604365622,5.0,36.0655737704918,440.9999955146741,-112.00000451962387,436.9999955146741
M6_dense,procedural,rule_expert_gate,30,6,rule_M6_dense_n6_seed30,ok,5,2200,300,9.066795206211207,6.036729415806137,9.977817817416991,11.009469228537805,1.1608611974600507,3.7696953296661384,10.581013329118964,6.151827036535251,10.11039245733296,14.747154832587393,4.948766022057408,1.0434361582286444,3.6011199235916145,4.686184406280518,0.2872727272727273,0.10318181818181818,2.8416085099276214,1977,0.0,0,nan,nan,nan,nan,41.99999729030844,-255.50000297726933,37.99999729030844
M6_dense,procedural,dlc_individual_transition,30,6,dlcA_M6_dense_n6_seed30,ok,5,2200,300,7.985883791879315,5.18615020950974,5.2585139986085325,14.704806745067746,1.276746710359707,2.04719135761261,9.373835507286199,5.190553515766755,5.261199223110474,20.84505731209251,6.971371493693517,1.1389959663891949,2.042996907234192,2.096989631652832,0.5863636363636363,0.0,4.707478550804144,256,0.0,0,nan,nan,nan,nan,168.00000753031804,-143.50000251966026,164.00000753031804
M6_dense,procedural,dlc_joint_transition,30,6,dlcA_M6_dense_n6_seed30,ok,5,2200,300,13.345579623522761,10.671385613890374,12.449031465673002,16.76173970616961,0.6879838098524947,0.992458987236023,13.31694968808901,10.721980085680828,13.028927816798362,16.410816459801485,2.6535734849278367,0.7155811615032673,0.9974305212497712,1.1476731300354004,0.13,0.0,3.6962249182927542,171,0.0,0,nan,nan,nan,nan,213.5000068271013,-112.00000236312553,209.5000068271013
M6_dense,procedural,dlc_joint_transition_observer,30,6,dlcA_M6_dense_n6_seed30,ok,5,2200,300,3.53726097465594,0.6529175391490165,0.9037686613623237,17.38590480873555,1.7435534640989805,2.7707354307174685,5.060505833543881,0.6613080594548215,0.911561483194401,17.30194170546496,6.792191840589733,1.6292592710121112,2.7114700794219972,3.1207828521728516,0.7613636363636364,0.09181818181818181,3.5299725457148403,70,0.0,0,nan,nan,nan,nan,7.000000957822408,-343.0000083681746,3.000000957822408
M6_dense,procedural,dlc_individual_transition,30,6,dlcB_M6_dense_n6_seed30,ok,5,2200,300,13.328288260410382,9.365365944161102,12.68600166991952,20.59542367376084,0.5532901913159616,1.0377660036087037,13.116566066851556,9.194967863679354,12.60714888081764,18.30505655208149,3.6215384767380314,0.5410376046221261,1.0439355731010438,1.208544373512268,0.1968181818181818,0.0,2.784507746270172,659,0.0,0,nan,nan,nan,nan,269.50000576617686,-115.5000020942366,265.50000576617686
M6_dense,procedural,dlc_joint_transition,30,6,dlcB_M6_dense_n6_seed30,ok,5,2200,300,17.044921283966428,9.991541213553882,15.95559968190264,27.283606025618944,3.1700157495879715,4.993669843673706,17.08631590417018,10.101242837869023,16.502119714451208,27.099470149712037,5.639114301918386,2.785371413930909,4.960831165313721,5.124872207641602,0.6759090909090909,0.34954545454545455,4.6958701274727925,62,0.0,0,nan,nan,nan,nan,143.49999564949007,-248.50000111540544,139.49999564949007
M6_dense,procedural,dlc_joint_transition_observer,30,6,dlcB_M6_dense_n6_seed30,ok,5,2200,300,11.878062204400647,8.11956301101217,11.249578811736914,16.70500632074145,3.0393464860163237,4.240446329116821,12.569185290102736,8.195110404462106,12.008485591644178,18.148037599870396,3.6377020343652613,2.7454812295910562,4.206646585464478,4.315829753875732,0.899090909090909,0.2818181818181818,3.4547609239430996,138,0.0,0,nan,nan,nan,nan,7.000006234070952,-521.5000053963003,3.000006234070952
M6_dense,procedural,dlc_individual_transition,30,6,dlcC_M6_dense_n6_seed30,ok,5,2200,300,7.985883791879315,5.18615020950974,5.2585139986085325,14.704806745067746,1.276746710359707,2.04719135761261,9.373835507286199,5.190553515766755,5.261199223110474,20.84505731209251,6.971371493693517,1.1389959663891949,2.042996907234192,2.096989631652832,0.5863636363636363,0.0,4.707478550804144,256,0.0,0,nan,nan,nan,nan,168.00000753031804,-143.50000251966026,164.00000753031804
M6_dense,procedural,dlc_joint_transition,30,6,dlcC_M6_dense_n6_seed30,ok,5,2200,300,13.345579623522761,10.671385613890374,12.449031465673002,16.76173970616961,0.6879838098524947,0.992458987236023,13.31694968808901,10.721980085680828,13.028927816798362,16.410816459801485,2.6535734849278367,0.7155811615032673,0.9974305212497712,1.1476731300354004,0.13,0.0,3.6962249182927542,171,0.0,0,nan,nan,nan,nan,213.5000068271013,-112.00000236312553,209.5000068271013
M6_dense,procedural,dlc_joint_transition_observer,30,6,dlcC_M6_dense_n6_seed30,ok,5,2200,300,3.53726097465594,0.6529175391490165,0.9037686613623237,17.38590480873555,1.7435534640989805,2.7707354307174685,5.060505833543881,0.6613080594548215,0.911561483194401,17.30194170546496,6.792191840589733,1.6292592710121112,2.7114700794219972,3.1207828521728516,0.7613636363636364,0.09181818181818181,3.5299725457148403,70,0.0,0,nan,nan,nan,nan,7.000000957822408,-343.0000083681746,3.000000957822408
M6_dense,procedural,dlc_individual_transition,30,6,dlcD_M6_dense_n6_seed30,ok,5,2200,300,13.328288260410382,9.365365944161102,12.68600166991952,20.59542367376084,0.5532901913159616,1.0377660036087037,13.116566066851556,9.194967863679354,12.60714888081764,18.30505655208149,3.6215384767380314,0.5410376046221261,1.0439355731010438,1.208544373512268,0.1968181818181818,0.0,2.784507746270172,659,0.0,0,nan,nan,nan,nan,269.50000576617686,-115.5000020942366,265.50000576617686
M6_dense,procedural,dlc_joint_transition,30,6,dlcD_M6_dense_n6_seed30,ok,5,2200,300,17.044921283966428,9.991541213553882,15.95559968190264,27.283606025618944,3.1700157495879715,4.993669843673706,17.08631590417018,10.101242837869023,16.502119714451208,27.099470149712037,5.639114301918386,2.785371413930909,4.960831165313721,5.124872207641602,0.6759090909090909,0.34954545454545455,4.6958701274727925,62,0.0,0,nan,nan,nan,nan,143.49999564949007,-248.50000111540544,139.49999564949007
M6_dense,procedural,dlc_joint_transition_observer,30,6,dlcD_M6_dense_n6_seed30,ok,5,2200,300,11.878062204400647,8.11956301101217,11.249578811736914,16.70500632074145,3.0393464860163237,4.240446329116821,12.569185290102736,8.195110404462106,12.008485591644178,18.148037599870396,3.6377020343652613,2.7454812295910562,4.206646585464478,4.315829753875732,0.899090909090909,0.2818181818181818,3.4547609239430996,138,0.0,0,nan,nan,nan,nan,7.000006234070952,-521.5000053963003,3.000006234070952
M6_dense,procedural,ours_dnq_dlc_seed13,30,6,ours_M6_dense_n6_seed30,ok,5,2200,300,20.615493919028047,17.616771465675853,21.21339678998627,23.33801611836295,0.5147562264295688,0.677280044555664,20.44810901702252,17.401340262274584,21.153016711619117,23.35309694019467,2.9398620419066255,0.5215555317164399,0.6963345229625703,0.8629927039146423,0.0,0.0,4.608616624425573,0,0.026363636363636363,2200,1.1468181818181817,0.03274215552523874,5.0,30.136986301369863,528.500003088416,-112.00000035568382,524.500003088416
M6_dense,procedural,ours_dnq_dlc_seed21,30,6,ours_M6_dense_n6_seed30,ok,5,2200,300,16.249057493287104,11.19546183933201,16.54018919657696,22.229235988382428,0.7020881977154089,0.930128848552704,16.12312567450195,11.192334424061093,16.428289486809163,22.03090201425899,4.058679440484667,0.6974686112277083,0.9278437793254852,0.9952151775360107,0.0,0.0,2.7210316095162237,102,0.1290909090909091,2200,2.505909090909091,0.011368804001819008,5.0,84.61538461538461,388.5000007511253,-112.00000035568382,384.5000007511253
M6_dense,procedural,ours_dnq_dlc_seed47,30,6,ours_M6_dense_n6_seed30,ok,5,2200,300,17.544734499567152,11.163577338392841,18.518904264806764,23.131640207583228,0.6445896416103566,0.9033708512783051,17.64055920359707,11.232730273940188,18.66446846350841,23.12593619595645,4.796371896031154,0.6345419876903973,0.8923086106777193,1.2221733331680298,0.04090909090909091,0.0,3.590075956543326,16,0.10045454545454545,2200,2.353181818181818,0.03819918144611187,5.0,25.88235294117647,455.00000451339565,-112.00000035568382,451.00000451339565
M6_dense,procedural,ours_dnq_dlc_seed71,30,6,ours_M6_dense_n6_seed30,ok,5,2200,300,17.499579277363626,11.225830801666742,18.457141334893954,23.051487516601593,0.6578031767120793,0.9199566781520846,17.560811378843812,11.241664200864363,18.503666141819345,23.064404703250762,4.479648883402283,0.6591351348500625,0.9119976878166198,1.2916755676269531,0.038181818181818185,0.0,3.0878754572608327,0,0.12227272727272727,2200,1.3936363636363636,0.01409731696225557,5.0,68.75,385.00000233979154,-112.00000035568382,381.00000233979154
M6_dense,procedural,ours_dnq_dlc_seed99,30,6,ours_M6_dense_n6_seed30,ok,5,2200,300,17.431134600865075,11.232046238028248,18.453644185634815,23.070314823408815,0.670041291547302,0.9380798220634461,17.721433400848955,11.312709249332768,18.618432362780773,23.25967902897924,4.566504198129904,0.6362355276506754,0.9274887979030609,1.1992120742797852,0.022727272727272728,0.0,3.865554745199093,6,0.10227272727272728,2200,2.036363636363636,0.030013642564802184,5.0,32.83582089552239,434.0000040842351,-112.00000035568382,430.0000040842351
M6_dense,procedural,rule_expert_gate,31,6,rule_M6_dense_n6_seed31,ok,5,2200,300,9.059743184057456,5.908325615751017,9.62648420055351,11.386435422860384,1.2919783509070495,4.103709125518801,10.513526078880407,6.0199876657031135,10.148455399604313,14.423570888448817,4.921690906273241,1.164178201032866,3.86195514202118,5.4119873046875,0.33,0.11181818181818182,4.737063751465113,1972,0.0,0,nan,nan,nan,nan,45.50000280680081,-223.99999756928514,41.50000280680081
M6_dense,procedural,dlc_individual_transition,31,6,dlcA_M6_dense_n6_seed31,ok,5,2200,300,10.426679271142199,5.629616716416471,11.141453916239975,12.99717538955212,0.5308570387464102,1.2181353569030764,11.623269337317776,5.640823732235753,11.83060422361396,16.70332933361497,4.339985678239535,0.47759818888848793,1.1686186075210576,1.4218661785125732,0.14136363636363636,0.0,2.3828202260197004,1623,0.0,0,nan,nan,nan,nan,56.00000122482584,-164.49999727371687,52.00000122482584
M6_dense,procedural,dlc_joint_transition,31,6,dlcA_M6_dense_n6_seed31,ok,5,2200,300,3.812135844920483,2.5799011818172684,3.7142957058919084,5.179155684669453,2.0015271483283295,3.0249853610992434,4.320092983584518,2.511638049182905,3.7288363616291647,5.466070728190221,2.584046946846939,1.8085172822123223,3.0082130670547484,3.088855504989624,0.7831818181818182,0.4718181818181818,2.8907798610425615,28,0.0,0,nan,nan,nan,nan,10.500010906463217,-609.0000022989734,6.500010906463217
M6_dense,procedural,dlc_joint_transition_observer,31,6,dlcA_M6_dense_n6_seed31,ok,5,2200,300,11.78683488240045,7.163877411490977,12.372162555355736,13.15108450112934,0.8655818842233796,1.0206315755844115,12.422422052961384,7.278303075981662,12.393607495034832,19.49591789444829,3.777004226007507,0.7853860574232584,1.018531286716461,1.0711501836776733,0.33590909090909093,0.0,4.948632544013353,199,0.0,0,nan,nan,nan,nan,101.50000073329943,-129.50000408821143,97.50000073329943
M6_dense,procedural,dlc_individual_transition,31,6,dlcB_M6_dense_n6_seed31,ok,5,2200,300,19.023275191531216,13.016278180659087,18.102733710619006,27.384330230093898,4.89200587959666,11.147872829437256,19.051592606404714,13.031234362091588,18.912045912954667,27.152108386998865,5.180136438771848,4.293675491934833,10.896547412872314,12.48202896118164,0.7486363636363637,0.13,4.715557566308435,0,0.0,0,nan,nan,nan,nan,195.9999994824882,-164.49999740692851,191.9999994824882
M6_dense,procedural,dlc_joint_transition,31,6,dlcB_M6_dense_n6_seed31,ok,5,2200,300,7.6178987146418455,3.409617683993604,3.4469922267671427,25.995408234362056,1.1810560655608577,1.7704061031341554,8.745784052107014,3.4101550343918836,3.462187359529463,23.915769949034583,8.458737036504418,1.0789867894263643,1.7520585417747498,1.8647377490997314,0.6131818181818182,0.0,3.492608142010464,37,0.0,0,nan,nan,nan,nan,101.50000678681386,-269.49999078037445,97.50000678681386
M6_dense,procedural,dlc_joint_transition_observer,31,6,dlcB_M6_dense_n6_seed31,ok,5,2200,300,9.392810213529389,4.410152683708064,5.903785410951341,15.571990197644539,1.4312223355576554,3.44740309715271,9.873423415799163,4.454302421730878,9.467225114218692,15.64997812522721,4.774524330276627,1.2796585456507588,3.3780272483825686,3.652254819869995,0.45181818181818184,0.22727272727272727,2.7451688098107865,618,0.0,0,nan,nan,nan,nan,17.500004724501423,-325.49999705192727,13.500004724501423
M6_dense,procedural,dlc_individual_transition,31,6,dlcC_M6_dense_n6_seed31,ok,5,2200,300,10.426679271142199,5.629616716416471,11.141453916239975,12.99717538955212,0.5308570387464102,1.2181353569030764,11.623269337317776,5.640823732235753,11.83060422361396,16.70332933361497,4.339985678239535,0.47759818888848793,1.1686186075210576,1.4218661785125732,0.14136363636363636,0.0,2.3828202260197004,1623,0.0,0,nan,nan,nan,nan,56.00000122482584,-164.49999727371687,52.00000122482584
M6_dense,procedural,dlc_joint_transition,31,6,dlcC_M6_dense_n6_seed31,ok,5,2200,300,3.812135844920483,2.5799011818172684,3.7142957058919084,5.179155684669453,2.0015271483283295,3.0249853610992434,4.320092983584518,2.511638049182905,3.7288363616291647,5.466070728190221,2.584046946846939,1.8085172822123223,3.0082130670547484,3.088855504989624,0.7831818181818182,0.4718181818181818,2.8907798610425615,28,0.0,0,nan,nan,nan,nan,10.500010906463217,-609.0000022989734,6.500010906463217
M6_dense,procedural,dlc_joint_transition_observer,31,6,dlcC_M6_dense_n6_seed31,ok,5,2200,300,11.78683488240045,7.163877411490977,12.372162555355736,13.15108450112934,0.8655818842233796,1.0206315755844115,12.422422052961384,7.278303075981662,12.393607495034832,19.49591789444829,3.777004226007507,0.7853860574232584,1.018531286716461,1.0711501836776733,0.33590909090909093,0.0,4.948632544013353,199,0.0,0,nan,nan,nan,nan,101.50000073329943,-129.50000408821143,97.50000073329943
M6_dense,procedural,dlc_individual_transition,31,6,dlcD_M6_dense_n6_seed31,ok,5,2200,300,19.023275191531216,13.016278180659087,18.102733710619006,27.384330230093898,4.89200587959666,11.147872829437256,19.051592606404714,13.031234362091588,18.912045912954667,27.152108386998865,5.180136438771848,4.293675491934833,10.896547412872314,12.48202896118164,0.7486363636363637,0.13,4.715557566308435,0,0.0,0,nan,nan,nan,nan,195.9999994824882,-164.49999740692851,191.9999994824882
M6_dense,procedural,dlc_joint_transition,31,6,dlcD_M6_dense_n6_seed31,ok,5,2200,300,7.6178987146418455,3.409617683993604,3.4469922267671427,25.995408234362056,1.1810560655608577,1.7704061031341554,8.745784052107014,3.4101550343918836,3.462187359529463,23.915769949034583,8.458737036504418,1.0789867894263643,1.7520585417747498,1.8647377490997314,0.6131818181818182,0.0,3.492608142010464,37,0.0,0,nan,nan,nan,nan,101.50000678681386,-269.49999078037445,97.50000678681386
M6_dense,procedural,dlc_joint_transition_observer,31,6,dlcD_M6_dense_n6_seed31,ok,5,2200,300,9.392810213529389,4.410152683708064,5.903785410951341,15.571990197644539,1.4312223355576554,3.44740309715271,9.873423415799163,4.454302421730878,9.467225114218692,15.64997812522721,4.774524330276627,1.2796585456507588,3.3780272483825686,3.652254819869995,0.45181818181818184,0.22727272727272727,2.7451688098107865,618,0.0,0,nan,nan,nan,nan,17.500004724501423,-325.49999705192727,13.500004724501423
M6_dense,procedural,ours_dnq_dlc_seed13,31,6,ours_M6_dense_n6_seed31,ok,5,2200,300,14.31687710898859,10.617482523991985,12.66887873563418,20.214273277898457,0.6724108638670786,1.209192395210267,14.897560730224624,10.569330633051473,13.211632667411369,22.422221663387525,4.744996908668241,0.6227359464386509,1.1538490772247316,2.0866167545318604,0.13,0.0,2.798736630658145,340,0.09954545454545455,2200,2.4654545454545453,0.04547521600727603,5.0,21.782178217821784,206.50000223045595,-108.49999835506082,202.50000223045595
M6_dense,procedural,ours_dnq_dlc_seed21,31,6,ours_M6_dense_n6_seed31,ok,5,2200,300,14.27682016919684,10.209909164524307,12.645007280792655,19.150478108630168,0.7880463183779992,1.6255097746849063,14.526043631038464,10.371052836200406,12.862780632190491,19.330198533038907,3.9521142417301265,0.7767054701453361,1.4833279967308053,2.471184015274048,0.16090909090909092,0.0,2.766816751117852,503,0.0890909090909091,2200,3.0,0.057753524329240566,5.0,17.1875,98.00000472955594,-108.49999835506082,94.00000472955594
M6_dense,procedural,ours_dnq_dlc_seed47,31,6,ours_M6_dense_n6_seed31,ok,5,2200,300,5.79050847434959,2.441095254698663,3.4777703582097397,11.51104007263228,5.21981816657007,9.859555530548096,7.580245680437286,2.4528252749439265,3.482919965936023,17.11209827088888,6.1046680157914865,4.549061477165378,9.436508369445804,11.428899765014648,0.7104545454545454,0.5222727272727272,4.160863940397689,409,0.01090909090909091,2200,1.3786363636363637,0.03819918144611187,5.0,25.88235294117647,45.49999638819315,-458.5000008622826,41.49999638819315
M6_dense,procedural,ours_dnq_dlc_seed71,31,6,ours_M6_dense_n6_seed31,ok,5,2200,300,13.963353949276735,10.715436571884709,12.598317025225203,18.644125938945596,0.6600586617250749,1.0771510839462282,14.702907773791074,10.793520661794604,13.622643024173822,21.57304945417791,4.0284450437672,0.6304576165718423,1.0570819497108461,1.506044626235962,0.11772727272727272,0.0,4.9650988514782926,241,0.12863636363636363,2200,3.0,0.06093678944974989,5.0,16.296296296296298,98.00000391193612,-108.50000113266901,94.00000391193612
M6_dense,procedural,ours_dnq_dlc_seed99,31,6,ours_M6_dense_n6_seed31,ok,5,2200,300,19.877698239643887,16.88886662450034,19.857951230038566,23.1647939094355,0.5764048021737721,0.7346495866775513,19.86293668661726,16.920366740197725,19.847517975518215,23.215681633134647,2.98323934705233,0.5573655690864524,0.730576878786087,0.9487397074699402,0.0,0.0,4.933795823660213,0,0.022272727272727274,2200,1.3877272727272727,0.0286493860845839,5.0,34.375,388.50000428086673,-108.50000113266901,384.50000428086673
M6_dense,procedural,rule_expert_gate,32,6,rule_M6_dense_n6_seed32,ok,5,2200,300,7.639827897204,5.577489429573704,7.294088830448537,10.757828284135412,2.1041260872001906,5.5392704010009775,9.291751941009823,5.66088491335736,7.557937009970662,12.669488806883034,5.073081756915844,1.8568552013253794,5.354676055908204,6.199459075927734,0.5418181818181819,0.3718181818181818,2.854485509184789,1973,0.0,0,nan,nan,nan,nan,38.5000028908355,-490.0000061275721,34.5000028908355
M6_dense,procedural,dlc_individual_transition,32,6,dlcA_M6_dense_n6_seed32,ok,5,2200,300,13.57932784810166,10.50526930195885,13.943422881369102,15.534701313398445,0.6885831051212,0.9854491293430329,14.127208711525753,10.50530194421081,13.994361277597411,17.95537348240054,2.8818334132762753,0.6358557971530933,0.9805237412452698,1.0219807624816895,0.053636363636363635,0.0,4.2178140458328155,357,0.0,0,nan,nan,nan,nan,87.50000018048559,-112.00000977415186,83.50000018048559
M6_dense,procedural,dlc_joint_transition,32,6,dlcA_M6_dense_n6_seed32,ok,5,2200,300,14.180978470632464,11.809501088464375,14.04085412747552,16.777838018913574,0.6437777283991147,0.9862305521965027,14.029525466652785,11.529710283149397,13.974942572475161,16.740980003402626,1.9851168306324583,0.6599098478704267,0.9880147278308868,1.243449091911316,0.07727272727272727,0.0,2.5210983096145196,31,0.0,0,nan,nan,nan,nan,430.5000053098429,-112.00000977415186,426.5000053098429
M6_dense,procedural,dlc_joint_transition_observer,32,6,dlcA_M6_dense_n6_seed32,ok,5,2200,300,11.372077645664811,9.811695392411657,10.607418041133469,14.4484952656168,0.6361261574115519,1.015511441230774,12.262751360853851,9.818454875376345,10.67200208773809,18.327726081231024,3.500565794576782,0.6016200750855337,1.0083371162414552,1.7737475633621216,0.21136363636363636,0.0,3.9675584700192426,500,0.0,0,nan,nan,nan,nan,59.50000143882016,-112.00000977415186,55.50000143882016
M6_dense,procedural,dlc_individual_transition,32,6,dlcB_M6_dense_n6_seed32,ok,5,2200,300,10.284935456842826,3.6576468786420855,10.659676802420597,14.466761786435592,1.670366199487134,2.443603515625,10.642663950577106,3.797115558244248,11.02633391105245,15.115385316767973,3.800719873431902,1.4993979476432486,2.4270079374313354,2.5922980308532715,0.6709090909090909,0.44636363636363635,3.3214227182405733,2021,0.0,0,nan,nan,nan,nan,7.000013778475477,-497.0000071479392,3.000013778475477
M6_dense,procedural,dlc_joint_transition,32,6,dlcB_M6_dense_n6_seed32,ok,5,2200,300,12.452796481558352,4.015199497003021,9.505749386258065,25.926075478031766,0.6527922893860868,1.035451591014862,13.118085733875311,4.016607761245126,10.087163676985012,25.48441903996326,7.755477070209425,0.619727819439828,1.0301029324531554,1.0753333568572998,0.15954545454545455,0.0,4.575694390026877,51,0.0,0,nan,nan,nan,nan,231.0000038882647,-112.00000977415186,227.0000038882647
M6_dense,procedural,dlc_joint_transition_observer,32,6,dlcB_M6_dense_n6_seed32,ok,5,2200,300,16.176142596921263,10.33588475189995,14.957184213682105,23.535371014081505,2.3050325649349315,3.6023360013961794,16.453007686811112,10.429116503099186,16.212863113112007,23.231250551508836,4.934618554601985,2.0351053772155536,3.579528474807739,3.933523178100586,0.7709090909090909,0.38,4.138051115297174,2,0.0,0,nan,nan,nan,nan,59.500007081410786,-391.99999850674476,55.500007081410786
M6_dense,procedural,dlc_individual_transition,32,6,dlcC_M6_dense_n6_seed32,ok,5,2200,300,13.57932784810166,10.50526930195885,13.943422881369102,15.534701313398445,0.6885831051212,0.9854491293430329,14.127208711525753,10.50530194421081,13.994361277597411,17.95537348240054,2.8818334132762753,0.6358557971530933,0.9805237412452698,1.0219807624816895,0.053636363636363635,0.0,4.2178140458328155,357,0.0,0,nan,nan,nan,nan,87.50000018048559,-112.00000977415186,83.50000018048559
M6_dense,procedural,dlc_joint_transition,32,6,dlcC_M6_dense_n6_seed32,ok,5,2200,300,14.180978470632464,11.809501088464375,14.04085412747552,16.777838018913574,0.6437777283991147,0.9862305521965027,14.029525466652785,11.529710283149397,13.974942572475161,16.740980003402626,1.9851168306324583,0.6599098478704267,0.9880147278308868,1.243449091911316,0.07727272727272727,0.0,2.5210983096145196,31,0.0,0,nan,nan,nan,nan,430.5000053098429,-112.00000977415186,426.5000053098429
M6_dense,procedural,dlc_joint_transition_observer,32,6,dlcC_M6_dense_n6_seed32,ok,5,2200,300,11.372077645664811,9.811695392411657,10.607418041133469,14.4484952656168,0.6361261574115519,1.015511441230774,12.262751360853851,9.818454875376345,10.67200208773809,18.327726081231024,3.500565794576782,0.6016200750855337,1.0083371162414552,1.7737475633621216,0.21136363636363636,0.0,3.9675584700192426,500,0.0,0,nan,nan,nan,nan,59.50000143882016,-112.00000977415186,55.50000143882016
M6_dense,procedural,dlc_individual_transition,32,6,dlcD_M6_dense_n6_seed32,ok,5,2200,300,10.284935456842826,3.6576468786420855,10.659676802420597,14.466761786435592,1.670366199487134,2.443603515625,10.642663950577106,3.797115558244248,11.02633391105245,15.115385316767973,3.800719873431902,1.4993979476432486,2.4270079374313354,2.5922980308532715,0.6709090909090909,0.44636363636363635,3.3214227182405733,2021,0.0,0,nan,nan,nan,nan,7.000013778475477,-497.0000071479392,3.000013778475477
M6_dense,procedural,dlc_joint_transition,32,6,dlcD_M6_dense_n6_seed32,ok,5,2200,300,12.452796481558352,4.015199497003021,9.505749386258065,25.926075478031766,0.6527922893860868,1.035451591014862,13.118085733875311,4.016607761245126,10.087163676985012,25.48441903996326,7.755477070209425,0.619727819439828,1.0301029324531554,1.0753333568572998,0.15954545454545455,0.0,4.575694390026877,51,0.0,0,nan,nan,nan,nan,231.0000038882647,-112.00000977415186,227.0000038882647
M6_dense,procedural,dlc_joint_transition_observer,32,6,dlcD_M6_dense_n6_seed32,ok,5,2200,300,16.176142596921263,10.33588475189995,14.957184213682105,23.535371014081505,2.3050325649349315,3.6023360013961794,16.453007686811112,10.429116503099186,16.212863113112007,23.231250551508836,4.934618554601985,2.0351053772155536,3.579528474807739,3.933523178100586,0.7709090909090909,0.38,4.138051115297174,2,0.0,0,nan,nan,nan,nan,59.500007081410786,-391.99999850674476,55.500007081410786
M6_dense,procedural,ours_dnq_dlc_seed13,32,6,ours_M6_dense_n6_seed32,ok,5,2200,300,4.412621069003254,2.43903840965187,3.0054974262058503,10.692996861328611,2.9143726447834877,6.426043176651002,6.300779896700934,2.439038421140227,3.005497581228701,19.114993113020493,6.443101763136711,2.5704374568673267,6.206119298934937,7.873611927032471,0.7163636363636363,0.6790909090909091,3.046514656665067,296,0.02181818181818182,2200,1.8581818181818182,0.03728967712596635,5.0,26.50602409638554,35.00000602154978,-469.00000589680644,31.00000602154978
M6_dense,procedural,ours_dnq_dlc_seed21,32,6,ours_M6_dense_n6_seed32,ok,5,2200,300,13.96304136230822,10.606255449590252,13.183092073186753,18.99887591743018,0.5485015390638728,1.034502565860749,14.02685108500807,10.699927569454365,13.2193690672012,18.991981015318284,3.5350345008104345,0.5719074767338514,0.9677948772907258,1.4151904582977295,0.095,0.0,2.50008191527707,698,0.09545454545454546,2200,2.769090909090909,0.03728967712596635,5.0,26.50602409638554,119.0000025984109,-112.00000977415186,115.0000025984109
M6_dense,procedural,ours_dnq_dlc_seed47,32,6,ours_M6_dense_n6_seed32,ok,5,2200,300,13.75003064196499,9.06673529862126,11.857838334919837,22.470445205671243,0.34925161734457727,0.6264276266098022,14.388091460836456,9.088616634451048,12.317688711570733,23.045369336137192,5.377712665760512,0.3369091445050038,0.6154310941696167,0.7767411470413208,0.0,0.0,2.5364727735083705,1099,0.022727272727272728,2200,2.9663636363636363,0.04320145520691223,5.0,22.916666666666668,133.00000066857342,-112.00000977415186,129.00000066857342
M6_dense,procedural,ours_dnq_dlc_seed71,32,6,ours_M6_dense_n6_seed32,ok,5,2200,300,6.9229302016080485,2.4376553394085354,5.84445363275197,11.830452601216606,6.420279603226993,11.069458389282227,8.379762333342414,2.4376554237443977,7.433685448837473,18.206637001104195,5.924292156212951,5.632002442048186,10.973900890350341,11.858169555664062,0.6895454545454546,0.3940909090909091,2.8123992803374063,984,0.02181818181818182,2200,2.001818181818182,0.0286493860845839,5.0,34.375,248.50001570826623,-703.5000093624158,244.50001570826623
M6_dense,procedural,ours_dnq_dlc_seed99,32,6,ours_M6_dense_n6_seed32,ok,5,2200,300,4.475421118784639,2.767902645734643,3.2230132198681236,9.37203568180871,1.4412261052508104,2.0565319299697875,5.735198914554979,2.791144504878916,3.3341257782147133,12.614936435612876,4.439959039735201,1.3013414346953769,2.0482871294021607,2.174110174179077,0.6459090909090909,0.6695454545454546,2.8401556645552946,2145,0.05454545454545454,2200,1.4327272727272726,0.0009095043201455207,3.0,733.3333333333334,7.000006939085779,-518.0000090329036,3.000006939085779
M8_scale,procedural,rule_expert_gate,21,8,rule_M8_scale_n8_seed21,ok,7,2200,300,18.26789019483133,12.40876095253572,15.642629162632272,23.852628688755917,0.13790659879282957,0.3097622513771057,19.138784082532307,12.537613209058481,21.474937423436746,26.45105303503692,5.4627948637048,0.15732129379480533,0.3324007630348206,0.539469838142395,0.0,0.0,2.5323473090064974,1008,0.0,0,nan,nan,nan,nan,300.99999919564334,-164.49999997760017,296.99999919564334
M8_scale,procedural,dlc_individual_transition,21,8,dlcA_M8_scale_n8_seed21,ok,7,2200,300,14.827522976121827,11.562370266691625,13.88773367910214,22.12055276630957,0.4004476549926729,0.5679760754108429,15.672724482995566,11.669634036025856,14.14321250619534,23.07191839720005,4.0503985330484085,0.37468805272227407,0.5620470702648163,0.6786674857139587,0.0,0.0,2.683528515263696,201,0.0,0,nan,nan,nan,nan,147.0000026261839,-164.49999997760017,143.0000026261839
M8_scale,procedural,dlc_joint_transition,21,8,dlcA_M8_scale_n8_seed21,ok,7,2200,300,13.389022951138303,5.011485240813692,13.050512467251782,24.083531729520303,1.122916913939323,3.2432909250259403,14.262474493693853,5.013938526037712,14.029473309647024,25.690872737962426,7.219639821897992,1.090842171315592,3.04652786254883,3.8884572982788086,0.3859090909090909,0.004090909090909091,3.13909424931451,1101,0.0,0,nan,nan,nan,nan,45.49999792759263,-164.49999997760017,41.49999792759263
M8_scale,procedural,dlc_joint_transition_observer,21,8,dlcA_M8_scale_n8_seed21,ok,7,2200,300,14.934679785014097,11.07519792680824,12.950722313058767,21.932220232008483,0.4370400496389285,0.6998042047023774,15.583872017936578,11.300579628691025,13.63349594226893,22.52623248579199,4.478049896539107,0.40097549306113,0.6913931488990784,1.0032899379730225,0.0,0.0,2.837198371017151,367,0.0,0,nan,nan,nan,nan,168.0000002985762,-164.49999997760017,164.0000002985762
M8_scale,procedural,dlc_individual_transition,21,8,dlcB_M8_scale_n8_seed21,ok,7,2200,300,15.088224936030182,11.830570528816098,14.18692407706324,23.564993949811353,0.49191911283808476,0.8237117171287537,16.18242843026844,12.200309559692817,14.266188491355207,24.31388109269462,4.502335189533911,0.4656935442182029,0.8148904085159302,0.9420583844184875,0.0,0.0,2.8121322526564354,517,0.0,0,nan,nan,nan,nan,185.50000160259242,-164.49999997760017,181.50000160259242
M8_scale,procedural,dlc_joint_transition,21,8,dlcB_M8_scale_n8_seed21,ok,7,2200,300,15.472207053016696,11.588784092814086,13.135047850757596,23.35695144694955,0.9335175778344886,1.2648369073867798,16.14800963569678,11.636783376276489,13.163842906655304,23.59809984248115,4.582919814322468,0.8692379224961306,1.2544060945510864,1.4555405378341675,0.5081818181818182,0.0,2.877803415647334,0,0.0,0,nan,nan,nan,nan,157.50000281909388,-164.49999997760017,153.50000281909388
M8_scale,procedural,dlc_joint_transition_observer,21,8,dlcB_M8_scale_n8_seed21,ok,7,2200,300,6.320022087386636,1.3981705438729606,2.3728011503339914,12.124163511206953,1.5420512185908708,3.3055548906326297,8.749330472413382,1.3982109341754234,4.6760624963708,24.028261015054483,8.566674485093959,1.3806380997892782,3.2443742513656617,3.7029969692230225,0.48318181818181816,0.01,3.6937714731566444,1775,0.0,0,nan,nan,nan,nan,73.50000263473271,-343.0000012306391,69.50000263473271
M8_scale,procedural,dlc_individual_transition,21,8,dlcC_M8_scale_n8_seed21,ok,7,2200,300,14.827522976121827,11.562370266691625,13.88773367910214,22.12055276630957,0.4004476549926729,0.5679760754108429,15.672724482995566,11.669634036025856,14.14321250619534,23.07191839720005,4.0503985330484085,0.37468805272227407,0.5620470702648163,0.6786674857139587,0.0,0.0,2.683528515263696,201,0.0,0,nan,nan,nan,nan,147.0000026261839,-164.49999997760017,143.0000026261839
M8_scale,procedural,dlc_joint_transition,21,8,dlcC_M8_scale_n8_seed21,ok,7,2200,300,15.472207053016696,11.588784092814086,13.135047850757596,23.35695144694955,0.9335175778344886,1.2648369073867798,16.14800963569678,11.636783376276489,13.163842906655304,23.59809984248115,4.582919814322468,0.8692379224961306,1.2544060945510864,1.4555405378341675,0.5081818181818182,0.0,2.877803415647334,0,0.0,0,nan,nan,nan,nan,157.50000281909388,-164.49999997760017,153.50000281909388
M8_scale,procedural,dlc_joint_transition_observer,21,8,dlcC_M8_scale_n8_seed21,ok,7,2200,300,14.934679785014097,11.07519792680824,12.950722313058767,21.932220232008483,0.4370400496389285,0.6998042047023774,15.583872017936578,11.300579628691025,13.63349594226893,22.52623248579199,4.478049896539107,0.40097549306113,0.6913931488990784,1.0032899379730225,0.0,0.0,2.837198371017151,367,0.0,0,nan,nan,nan,nan,168.0000002985762,-164.49999997760017,164.0000002985762
M8_scale,procedural,dlc_individual_transition,21,8,dlcD_M8_scale_n8_seed21,ok,7,2200,300,15.088224936030182,11.830570528816098,14.18692407706324,23.564993949811353,0.49191911283808476,0.8237117171287537,16.18242843026844,12.200309559692817,14.266188491355207,24.31388109269462,4.502335189533911,0.4656935442182029,0.8148904085159302,0.9420583844184875,0.0,0.0,2.8121322526564354,517,0.0,0,nan,nan,nan,nan,185.50000160259242,-164.49999997760017,181.50000160259242
M8_scale,procedural,dlc_joint_transition,21,8,dlcD_M8_scale_n8_seed21,ok,7,2200,300,13.389022951138303,5.011485240813692,13.050512467251782,24.083531729520303,1.122916913939323,3.2432909250259403,14.262474493693853,5.013938526037712,14.029473309647024,25.690872737962426,7.219639821897992,1.090842171315592,3.04652786254883,3.8884572982788086,0.3859090909090909,0.004090909090909091,3.13909424931451,1101,0.0,0,nan,nan,nan,nan,45.49999792759263,-164.49999997760017,41.49999792759263
M8_scale,procedural,dlc_joint_transition_observer,21,8,dlcD_M8_scale_n8_seed21,ok,7,2200,300,6.320022087386636,1.3981705438729606,2.3728011503339914,12.124163511206953,1.5420512185908708,3.3055548906326297,8.749330472413382,1.3982109341754234,4.6760624963708,24.028261015054483,8.566674485093959,1.3806380997892782,3.2443742513656617,3.7029969692230225,0.48318181818181816,0.01,3.6937714731566444,1775,0.0,0,nan,nan,nan,nan,73.50000263473271,-343.0000012306391,69.50000263473271
M8_scale,procedural,ours_dnq_dlc_seed13,21,8,ours_M8_scale_n8_seed21,ok,7,2200,300,14.805663838397951,10.02583080294395,13.024928402978215,23.023472832998362,0.670684745687299,1.2847286939620983,15.611163558580651,10.359115418113074,14.438482124199624,23.18416994484299,5.3585349221469345,0.644159732639832,1.0812529087066653,2.951714515686035,0.115,0.0,2.8044232360052153,356,0.055,2200,3.0,0.0572987721691678,7.0,17.322834645669293,164.50000254123734,-164.49999997760017,160.50000254123734
M8_scale,procedural,ours_dnq_dlc_seed21,21,8,ours_M8_scale_n8_seed21,ok,7,2200,300,15.50687638151259,10.931398323845666,15.71342337693553,22.202022059302,0.7750773937008067,1.108422875404358,15.62156514901777,10.943418973443057,16.079749962582234,22.12698696028828,4.481712974100037,0.7491897496469292,1.0769217133522033,2.2126424312591553,0.11272727272727273,0.0,2.768629439976691,233,0.11636363636363636,2200,3.0,0.0768531150522965,7.0,12.941176470588236,98.00000272934585,-164.5000008940657,94.00000272934585
M8_scale,procedural,ours_dnq_dlc_seed47,21,8,ours_M8_scale_n8_seed21,ok,7,2200,300,6.174050121325199,2.786155176259669,3.32234809997411,13.258563999770384,1.4712624609817775,2.309369921684265,7.117006900631703,2.805170969203301,3.4085108142659397,16.001065471508102,5.655710570161395,1.3999452715311518,2.268678092956543,2.5664286613464355,0.6713636363636364,0.5818181818181818,2.3830408042270723,1997,0.06545454545454546,2200,1.5809090909090908,0.007730786721236926,5.0,122.22222222222223,7.000003411951184,-566.9999992892858,3.000003411951184
M8_scale,procedural,ours_dnq_dlc_seed71,21,8,ours_M8_scale_n8_seed21,ok,7,2200,300,13.729934254160975,4.932047365304971,12.004348295013543,23.01299389937421,1.2370730836500756,3.45684282779694,14.409480348790206,6.4212881598467675,12.54496074059385,23.08903563368782,6.110227588415511,1.15640618926147,3.1195221185684208,6.010693550109863,0.28,0.07863636363636364,2.4081005072911736,568,0.05454545454545454,2200,3.0,0.045929968167348796,7.0,21.568627450980394,122.50000193045298,-164.49999997760017,118.50000193045298
M8_scale,procedural,ours_dnq_dlc_seed99,21,8,ours_M8_scale_n8_seed21,ok,7,2200,300,13.23909691878172,7.301537970792078,12.255845519710157,19.514740342647602,0.4544317707494759,0.8261250376701357,14.290397018722077,7.773339619233202,12.812622099045372,22.557964571332136,5.472998708998417,0.4613242595030566,0.8181354403495789,1.2001566886901855,0.022727272727272728,0.0,3.31507525650182,499,0.06727272727272728,2200,3.0,0.07594361073215097,7.0,13.095238095238095,154.0000015701321,-164.49999997760017,150.0000015701321
M8_scale,procedural,rule_expert_gate,22,8,rule_M8_scale_n8_seed22,ok,7,2200,300,17.224056777779634,10.5691433201958,16.514118909420016,26.652132244130215,0.6471492356310696,2.3857998371124274,17.546699068058803,9.77239220611707,16.746849426380525,26.992032271009002,6.648910915110788,0.6484235599445476,2.074275422096256,4.416398048400879,0.15954545454545455,0.04681818181818182,3.3641805312945396,1018,0.0,0,nan,nan,nan,nan,154.00000359310525,-171.50000226183738,150.00000359310525
M8_scale,procedural,dlc_individual_transition,22,8,dlcA_M8_scale_n8_seed22,ok,7,2200,300,14.776491773224828,11.26874542708083,12.42547902857638,23.318589385829558,0.3161801970124514,0.46495891213417095,15.278405595555967,11.314832501367743,12.696919158232655,22.83742516226388,4.72732555567668,0.2978978592787594,0.43692632317543034,0.719881534576416,0.0,0.0,2.797405363050764,65,0.0,0,nan,nan,nan,nan,192.49999879927714,-161.00000086292584,188.49999879927714
M8_scale,procedural,dlc_joint_transition,22,8,dlcA_M8_scale_n8_seed22,ok,7,2200,300,12.258485721407041,10.035168111596866,10.957696387515146,21.123300248495116,1.441451573125822,2.2720827102661136,13.32688690758575,10.027176963163322,10.993193042977403,22.15511993833648,5.537677409757463,1.3244976731432094,2.244126629829407,2.5827670097351074,0.5772727272727273,0.0,2.7855639434873147,236,0.0,0,nan,nan,nan,nan,98.00000274570493,-161.00000086292584,94.00000274570493
M8_scale,procedural,dlc_joint_transition_observer,22,8,dlcA_M8_scale_n8_seed22,ok,7,2200,300,11.142548699558898,7.548559555851562,10.302425984798003,16.97919519317005,0.7442172568310956,1.1096092581748964,11.78842452720869,7.689177279352267,10.972991017266313,17.554955901868606,3.8299632721506027,0.6578542022506736,1.0794366121292116,1.2688599824905396,0.1409090909090909,0.0,3.297078831529368,772,0.0,0,nan,nan,nan,nan,63.00000200972863,-189.00000122654455,59.00000200972863
M8_scale,procedural,dlc_individual_transition,22,8,dlcB_M8_scale_n8_seed22,ok,7,2200,300,13.946073416815095,11.714777187315827,13.971568695795161,15.792351279665061,0.39991367715588577,0.7736205518245697,14.89573889824954,11.885219107907666,14.10329971005123,18.852294561969597,3.8730172919732273,0.3572540643690164,0.7569858610630036,0.9326179027557373,0.0,0.0,2.3937884968700525,1936,0.0,0,nan,nan,nan,nan,77.0000032401424,-161.00000086292584,73.0000032401424
M8_scale,procedural,dlc_joint_transition,22,8,dlcB_M8_scale_n8_seed22,ok,7,2200,300,14.643638051368638,11.568133685001953,13.405590471308447,21.89488927445167,0.678905073339391,0.9916804432868958,15.52296855493025,11.56349669456472,13.603542419675275,22.40903815927169,4.527912840896213,0.6301000117836747,0.989554238319397,1.011513590812683,0.042727272727272725,0.0,2.9165808981989514,52,0.0,0,nan,nan,nan,nan,157.50000147585956,-161.00000086292584,153.50000147585956
M8_scale,procedural,dlc_joint_transition_observer,22,8,dlcB_M8_scale_n8_seed22,ok,7,2200,300,13.99358854681144,10.07284143429533,13.142169342626737,21.332377137171072,0.3900344734490959,0.9342647135257721,14.990034667420918,10.539043585015085,13.601804368263672,22.488647267822703,4.59871976453505,0.37570224696381377,0.9273725748062134,1.02593195438385,0.01681818181818182,0.0,2.8049147620267276,746,0.0,0,nan,nan,nan,nan,262.50000317006584,-161.00000086292584,258.50000317006584
M8_scale,procedural,dlc_individual_transition,22,8,dlcC_M8_scale_n8_seed22,ok,7,2200,300,14.776491773224828,11.26874542708083,12.42547902857638,23.318589385829558,0.3161801970124514,0.46495891213417095,15.278405595555967,11.314832501367743,12.696919158232655,22.83742516226388,4.72732555567668,0.2978978592787594,0.43692632317543034,0.719881534576416,0.0,0.0,2.797405363050764,65,0.0,0,nan,nan,nan,nan,192.49999879927714,-161.00000086292584,188.49999879927714
M8_scale,procedural,dlc_joint_transition,22,8,dlcC_M8_scale_n8_seed22,ok,7,2200,300,14.643638051368638,11.568133685001953,13.405590471308447,21.89488927445167,0.678905073339391,0.9916804432868958,15.52296855493025,11.56349669456472,13.603542419675275,22.40903815927169,4.527912840896213,0.6301000117836747,0.989554238319397,1.011513590812683,0.042727272727272725,0.0,2.9165808981989514,52,0.0,0,nan,nan,nan,nan,157.50000147585956,-161.00000086292584,153.50000147585956
M8_scale,procedural,dlc_joint_transition_observer,22,8,dlcC_M8_scale_n8_seed22,ok,7,2200,300,11.142548699558898,7.548559555851562,10.302425984798003,16.97919519317005,0.7442172568310956,1.1096092581748964,11.78842452720869,7.689177279352267,10.972991017266313,17.554955901868606,3.8299632721506027,0.6578542022506736,1.0794366121292116,1.2688599824905396,0.1409090909090909,0.0,3.297078831529368,772,0.0,0,nan,nan,nan,nan,63.00000200972863,-189.00000122654455,59.00000200972863
M8_scale,procedural,dlc_individual_transition,22,8,dlcD_M8_scale_n8_seed22,ok,7,2200,300,13.946073416815095,11.714777187315827,13.971568695795161,15.792351279665061,0.39991367715588577,0.7736205518245697,14.89573889824954,11.885219107907666,14.10329971005123,18.852294561969597,3.8730172919732273,0.3572540643690164,0.7569858610630036,0.9326179027557373,0.0,0.0,2.3937884968700525,1936,0.0,0,nan,nan,nan,nan,77.0000032401424,-161.00000086292584,73.0000032401424
M8_scale,procedural,dlc_joint_transition,22,8,dlcD_M8_scale_n8_seed22,ok,7,2200,300,12.258485721407041,10.035168111596866,10.957696387515146,21.123300248495116,1.441451573125822,2.2720827102661136,13.32688690758575,10.027176963163322,10.993193042977403,22.15511993833648,5.537677409757463,1.3244976731432094,2.244126629829407,2.5827670097351074,0.5772727272727273,0.0,2.7855639434873147,236,0.0,0,nan,nan,nan,nan,98.00000274570493,-161.00000086292584,94.00000274570493
M8_scale,procedural,dlc_joint_transition_observer,22,8,dlcD_M8_scale_n8_seed22,ok,7,2200,300,13.99358854681144,10.07284143429533,13.142169342626737,21.332377137171072,0.3900344734490959,0.9342647135257721,14.990034667420918,10.539043585015085,13.601804368263672,22.488647267822703,4.59871976453505,0.37570224696381377,0.9273725748062134,1.02593195438385,0.01681818181818182,0.0,2.8049147620267276,746,0.0,0,nan,nan,nan,nan,262.50000317006584,-161.00000086292584,258.50000317006584
M8_scale,procedural,ours_dnq_dlc_seed13,22,8,ours_M8_scale_n8_seed22,ok,7,2200,300,6.170609865233361,2.438274955685628,3.0585825408782767,13.948300943059719,4.0594252267429045,9.513562488555912,8.11126312266735,2.4389788166028836,3.481175967075151,19.17480277284815,6.7682795220699274,3.5623482042710317,9.030167770385747,11.224352836608887,0.6327272727272727,0.5754545454545454,3.9261707028679558,326,0.01090909090909091,2200,1.335,0.042746703046839474,5.0,23.157894736842106,28.00001006787886,-479.49999975160404,24.00001006787886
M8_scale,procedural,ours_dnq_dlc_seed21,22,8,ours_M8_scale_n8_seed22,ok,7,2200,300,15.045359642529295,8.846902329598805,15.016999428274687,20.409878348278305,0.4765625503471758,0.7598221182823185,15.154908568906365,9.291658479521393,15.371413374456758,19.993069310586964,4.567745328354146,0.50930068651119,0.8101626455783845,0.9739735722541809,0.0,0.0,3.0903581540500222,386,0.05454545454545454,2200,3.0,0.07003183265120509,7.0,14.193548387096774,108.50000513299892,-161.00000086292584,104.50000513299892
M8_scale,procedural,ours_dnq_dlc_seed47,22,8,ours_M8_scale_n8_seed22,ok,7,2200,300,9.77867458428024,2.438124752430389,10.714037757082528,21.775499837679927,1.41128610576707,4.184411001205446,11.14230353482192,2.4381249340116535,11.273405583656285,22.773656828449347,7.591703396021881,1.2674615743223057,3.687098813056949,5.941710472106934,0.3559090909090909,0.3336363636363636,2.8204991367815175,543,0.011363636363636364,2200,1.7445454545454546,0.048658481127785355,5.0,20.37037037037037,31.500007961671372,-360.4999973069365,27.500007961671372
M8_scale,procedural,ours_dnq_dlc_seed71,22,8,ours_M8_scale_n8_seed22,ok,7,2200,300,17.09629765414718,11.454722057723455,17.540586079315574,22.627912361715367,0.6818127503755845,0.8795949280261994,17.3179927764416,11.484849757578713,17.708035636567168,22.910752394730014,4.006075029429701,0.6576375595761718,0.8721398293972016,0.9610535502433777,0.0,0.0,3.171756668628254,5,0.08818181818181818,2200,2.888181818181818,0.05820827648931332,7.0,17.05426356589147,213.49999951845075,-161.00000086292584,209.49999951845075
M8_scale,procedural,ours_dnq_dlc_seed99,22,8,ours_M8_scale_n8_seed22,ok,7,2200,300,13.984729349658853,10.648711879297274,12.22730607242042,20.466829386395208,0.7941996197278709,1.4102983355522163,14.954664862167734,10.680248286901044,12.679605749860526,23.258001538524272,4.952372811807836,0.7136860153581736,1.3177298426628115,2.3572914600372314,0.20363636363636364,0.0,2.853479189480201,286,0.11090909090909092,2200,3.0,0.06321055025011368,7.0,15.714285714285714,125.99999770055251,-161.00000086292584,121.99999770055251
M8_scale,procedural,rule_expert_gate,23,8,rule_M8_scale_n8_seed23,ok,7,2200,300,16.962361000506064,7.035228639424639,15.648754017504217,26.681311844305736,1.8773399690243318,5.320086145401001,17.27844734540867,7.315025990193711,15.818290075624127,26.952065371265647,7.296782387945966,1.7187127811375964,5.172393131256105,6.171352386474609,0.40454545454545454,0.19272727272727272,2.8644385674433592,1108,0.0,0,nan,nan,nan,nan,143.5000044327005,-224.00000231884235,139.5000044327005
M8_scale,procedural,dlc_individual_transition,23,8,dlcA_M8_scale_n8_seed23,ok,7,2200,300,19.881198541379582,8.132089317096284,24.433082211105923,31.064667288682877,0.7078195000775342,0.9919401645660401,19.857130766214567,8.212297276930487,23.436542209355466,31.006141992595325,8.274641443945821,0.6453826057185176,0.9843926072120667,1.6775799989700317,0.04909090909090909,0.0,4.080392795088534,0,0.0,0,nan,nan,nan,nan,297.4999998164194,-161.00000605352466,293.4999998164194
M8_scale,procedural,dlc_joint_transition,23,8,dlcA_M8_scale_n8_seed23,ok,7,2200,300,15.238165434046063,12.242007045326275,15.298986841602979,17.930058963228916,0.36470883823348277,0.9160292148590088,15.97016602956336,11.75012407150816,15.344756100853903,20.705914336779784,4.1757923320456145,0.4017152867551332,0.966699492931366,1.429302453994751,0.09636363636363636,0.0,2.8298293476533263,1280,0.0,0,nan,nan,nan,nan,171.5000037857867,-161.00000605352466,167.5000037857867
M8_scale,procedural,dlc_joint_transition_observer,23,8,dlcA_M8_scale_n8_seed23,ok,7,2200,300,13.840827525910553,10.780120889805348,14.309289818606974,16.566268733964126,0.4022104789106647,1.056491339206696,14.039048097120633,10.735183004779541,14.30512638998933,17.62952297879165,2.9347871211488257,0.387011023562002,1.0020930051803592,2.400721788406372,0.11727272727272728,0.00045454545454545455,3.3810233986391234,1341,0.0,0,nan,nan,nan,nan,87.50000020196512,-161.00000605352466,83.50000020196512
M8_scale,procedural,dlc_individual_transition,23,8,dlcB_M8_scale_n8_seed23,ok,7,2200,300,20.696414035470657,8.583069302915206,25.634490340483836,30.860135126160547,0.5915170676543035,0.9932738602161408,20.66765750456604,8.798077676482812,25.744852434958062,30.786936464309612,8.87346438463836,0.5291551829678197,0.981246429681778,1.1448131799697876,0.06363636363636363,0.0,2.625991029697755,56,0.0,0,nan,nan,nan,nan,339.50000029225635,-161.00000605352466,335.50000029225635
M8_scale,procedural,dlc_joint_transition,23,8,dlcB_M8_scale_n8_seed23,ok,7,2200,300,15.863581329356428,9.344186123973182,15.361540475812351,23.657689926128675,0.7580901887164893,0.9935037553310394,16.44497464714142,9.227807101309626,15.900101913301771,26.703346357957116,6.508872605835194,0.7094944848333994,0.9921058058738709,1.0669915676116943,0.03409090909090909,0.0,3.1619998446625543,4,0.0,0,nan,nan,nan,nan,171.49999797113037,-161.00000605352466,167.49999797113037
M8_scale,procedural,dlc_joint_transition_observer,23,8,dlcB_M8_scale_n8_seed23,ok,7,2200,300,16.58815923876585,14.654858539497978,16.933175596402933,18.572650326730514,2.4187735675216504,4.578893375396729,17.316940147858137,14.669655776582053,17.221665224278524,22.188664461020984,2.6453132320476733,2.137457200373015,4.560806846618652,4.82365608215332,0.7645454545454545,0.006363636363636364,3.7920513313631474,0,0.0,0,nan,nan,nan,nan,287.0000015613923,-161.00000605352466,283.0000015613923
M8_scale,procedural,dlc_individual_transition,23,8,dlcC_M8_scale_n8_seed23,ok,7,2200,300,19.881198541379582,8.132089317096284,24.433082211105923,31.064667288682877,0.7078195000775342,0.9919401645660401,19.857130766214567,8.212297276930487,23.436542209355466,31.006141992595325,8.274641443945821,0.6453826057185176,0.9843926072120667,1.6775799989700317,0.04909090909090909,0.0,4.080392795088534,0,0.0,0,nan,nan,nan,nan,297.4999998164194,-161.00000605352466,293.4999998164194
M8_scale,procedural,dlc_joint_transition,23,8,dlcC_M8_scale_n8_seed23,ok,7,2200,300,15.863581329356428,9.344186123973182,15.361540475812351,23.657689926128675,0.7580901887164893,0.9935037553310394,16.44497464714142,9.227807101309626,15.900101913301771,26.703346357957116,6.508872605835194,0.7094944848333994,0.9921058058738709,1.0669915676116943,0.03409090909090909,0.0,3.1619998446625543,4,0.0,0,nan,nan,nan,nan,171.49999797113037,-161.00000605352466,167.49999797113037
M8_scale,procedural,dlc_joint_transition_observer,23,8,dlcC_M8_scale_n8_seed23,ok,7,2200,300,13.840827525910553,10.780120889805348,14.309289818606974,16.566268733964126,0.4022104789106647,1.056491339206696,14.039048097120633,10.735183004779541,14.30512638998933,17.62952297879165,2.9347871211488257,0.387011023562002,1.0020930051803592,2.400721788406372,0.11727272727272728,0.00045454545454545455,3.3810233986391234,1341,0.0,0,nan,nan,nan,nan,87.50000020196512,-161.00000605352466,83.50000020196512
M8_scale,procedural,dlc_individual_transition,23,8,dlcD_M8_scale_n8_seed23,ok,7,2200,300,20.696414035470657,8.583069302915206,25.634490340483836,30.860135126160547,0.5915170676543035,0.9932738602161408,20.66765750456604,8.798077676482812,25.744852434958062,30.786936464309612,8.87346438463836,0.5291551829678197,0.981246429681778,1.1448131799697876,0.06363636363636363,0.0,2.625991029697755,56,0.0,0,nan,nan,nan,nan,339.50000029225635,-161.00000605352466,335.50000029225635
M8_scale,procedural,dlc_joint_transition,23,8,dlcD_M8_scale_n8_seed23,ok,7,2200,300,15.238165434046063,12.242007045326275,15.298986841602979,17.930058963228916,0.36470883823348277,0.9160292148590088,15.97016602956336,11.75012407150816,15.344756100853903,20.705914336779784,4.1757923320456145,0.4017152867551332,0.966699492931366,1.429302453994751,0.09636363636363636,0.0,2.8298293476533263,1280,0.0,0,nan,nan,nan,nan,171.5000037857867,-161.00000605352466,167.5000037857867
M8_scale,procedural,dlc_joint_transition_observer,23,8,dlcD_M8_scale_n8_seed23,ok,7,2200,300,16.58815923876585,14.654858539497978,16.933175596402933,18.572650326730514,2.4187735675216504,4.578893375396729,17.316940147858137,14.669655776582053,17.221665224278524,22.188664461020984,2.6453132320476733,2.137457200373015,4.560806846618652,4.82365608215332,0.7645454545454545,0.006363636363636364,3.7920513313631474,0,0.0,0,nan,nan,nan,nan,287.0000015613923,-161.00000605352466,283.0000015613923
M8_scale,procedural,ours_dnq_dlc_seed13,23,8,ours_M8_scale_n8_seed23,ok,7,2200,300,10.593547264153958,2.6126278530381186,11.194469593947025,20.175827798689074,2.128262056685972,5.093116903305054,11.847453370996401,2.7769802299699973,11.667468353660663,22.20753044289894,7.374275138551243,1.911138606377274,4.957027673721314,5.522064208984375,0.44363636363636366,0.32045454545454544,2.402236268209398,854,0.045,2200,2.6168181818181817,0.05229649840836744,7.0,18.96551724137931,56.00000354681856,-290.4999959856939,52.00000354681856
M8_scale,procedural,ours_dnq_dlc_seed21,23,8,ours_M8_scale_n8_seed23,ok,7,2200,300,15.110142799411557,10.44450423136531,14.651046343336697,21.348104659234988,0.48635503654454,0.8217003762722016,15.25484915197991,10.533478564296972,15.014881768689929,20.447934528080655,4.2438840060412915,0.5201046307523608,0.8211660861968995,0.9872034192085266,0.004090909090909091,0.0,2.6884769378300755,496,0.08772727272727272,2200,3.0,0.061391541609822645,7.0,16.176470588235293,69.99999985455202,-161.00000605352466,65.99999985455202
M8_scale,procedural,ours_dnq_dlc_seed47,23,8,ours_M8_scale_n8_seed23,ok,7,2200,300,6.065417188219857,2.43916675662218,3.473860790437969,11.862974258581495,3.024259418005087,7.2691747188568145,8.021295130296451,2.439167096780517,3.563935796905448,20.510227352916818,6.661266162316897,2.6415209962858355,6.911053609848025,8.484454154968262,0.6327272727272727,0.5663636363636364,2.8332096503578676,309,0.01090909090909091,2200,1.2027272727272726,0.02955889040472942,6.0,33.333333333333336,35.00001408769185,-489.99999817252615,31.000014087691852
M8_scale,procedural,ours_dnq_dlc_seed71,23,8,ours_M8_scale_n8_seed23,ok,7,2200,300,11.746682612548465,2.57567927567906,11.378430602069628,22.839646084068487,1.5827003363590981,3.505902743339539,12.835664632207388,3.000629284128828,11.624159134922492,23.05913797126316,7.044938466401722,1.4451323107318867,3.3193913936615,5.245746612548828,0.4668181818181818,0.17181818181818181,2.4036308655492578,637,0.057727272727272724,2200,3.0,0.047748976807639835,7.0,20.754716981132077,136.5000040482878,-188.999998694263,132.5000040482878
M8_scale,procedural,ours_dnq_dlc_seed99,23,8,ours_M8_scale_n8_seed23,ok,7,2200,300,15.371411560115765,10.64168583875398,14.593385875807453,22.510266176962556,0.6273448471751947,0.9557754218578339,15.995057832311343,10.7339463681532,15.880943625619551,23.34478312867555,5.0265222365896856,0.5807650332684121,0.9341800808906557,1.1486167907714844,0.04909090909090909,0.0,2.8751915445545695,205,0.1040909090909091,2200,2.955909090909091,0.06184629376989541,7.0,16.05839416058394,181.99999567902023,-161.00000605352466,177.99999567902023
M8_scale,procedural,rule_expert_gate,24,8,rule_M8_scale_n8_seed24,ok,7,2200,300,19.27156202498243,13.601488373921331,19.697117157081657,25.05470623910744,0.6223794755311515,2.2125067949295056,19.639126694134166,13.339953060692046,20.244144917012164,26.210816675376854,4.879323100954222,0.5924665330151501,1.7366096019744914,4.364467620849609,0.14727272727272728,0.11681818181818182,2.7710616521869462,753,0.0,0,nan,nan,nan,nan,416.50000030931255,-195.99999435513075,412.50000030931255
M8_scale,procedural,dlc_individual_transition,24,8,dlcA_M8_scale_n8_seed24,ok,7,2200,300,17.128945188805034,10.537282804444848,17.569606001120924,24.697834884052767,0.6289477464668207,0.9667173683643342,17.473889218788738,10.72788336779275,17.939504671398055,22.645803477073834,5.165915117488626,0.5845672723629898,0.9616865754127503,1.0015169382095337,0.0027272727272727275,0.0,2.35007246661088,566,0.0,0,nan,nan,nan,nan,437.49999942045497,-161.00000854573477,433.49999942045497
M8_scale,procedural,dlc_joint_transition,24,8,dlcA_M8_scale_n8_seed24,ok,7,2200,300,13.572188684241011,10.850499027390667,11.4152013728809,22.962302600827652,0.8505544998300703,1.415977120399475,14.400830814644157,11.009174286575796,11.59173718150966,22.66671302511229,6.1454606628186745,0.7848007634375245,1.382952964305878,1.5426616668701172,0.3327272727272727,0.0,2.3913962280365815,250,0.0,0,nan,nan,nan,nan,136.50000092764913,-161.00000854573477,132.50000092764913
M8_scale,procedural,dlc_joint_transition_observer,24,8,dlcA_M8_scale_n8_seed24,ok,7,2200,300,15.403884292381626,11.942883745540996,14.686676764548992,20.89893859539603,0.7360339440170087,1.018933176994324,15.51356864108673,11.95589464533765,15.020925265925143,20.51986078564755,3.2548012526196497,0.6840863474864851,0.9969606816768647,1.4761801958084106,0.10636363636363637,0.0,2.479417810465207,266,0.0,0,nan,nan,nan,nan,63.00000760498324,-164.50000632342324,59.00000760498324
M8_scale,procedural,dlc_individual_transition,24,8,dlcB_M8_scale_n8_seed24,ok,7,2200,300,13.923697900175783,9.427820353635031,12.640026566251422,22.022320419600415,0.3990255377184976,0.9522411048412325,14.949170814148912,9.730034903397105,13.63051664786936,23.777504927144186,5.236084619755218,0.37999152166793215,0.9308220505714417,1.0630780458450317,0.02409090909090909,0.0,2.3973424589974575,1382,0.0,0,nan,nan,nan,nan,360.50000716077534,-161.00000854573477,356.50000716077534
M8_scale,procedural,dlc_joint_transition,24,8,dlcB_M8_scale_n8_seed24,ok,7,2200,300,15.359053935451305,10.658300539900097,13.370446647036859,22.389853786409233,0.6051825798521014,0.964471048116684,15.679979289278185,10.675127548072009,13.76923039881718,22.267931872272655,4.358587293621927,0.5908445931821321,0.9409194111824039,1.2635847330093384,0.057727272727272724,0.0,2.3982757507974126,486,0.0,0,nan,nan,nan,nan,356.9999982163945,-161.00000854573477,352.9999982163945
M8_scale,procedural,dlc_joint_transition_observer,24,8,dlcB_M8_scale_n8_seed24,ok,7,2200,300,14.811660324809143,1.3677423833570115,19.01973187977912,22.333096775557067,1.5326848862513802,4.043573331832886,15.552241437583563,1.3917271872556416,19.306495819999007,22.62816559768059,8.051209770045894,1.3685065330255946,3.939121961593628,4.378725528717041,0.3231818181818182,0.012272727272727272,3.927479268618604,93,0.0,0,nan,nan,nan,nan,241.5000010180663,-161.00000673441593,237.5000010180663
M8_scale,procedural,dlc_individual_transition,24,8,dlcC_M8_scale_n8_seed24,ok,7,2200,300,17.128945188805034,10.537282804444848,17.569606001120924,24.697834884052767,0.6289477464668207,0.9667173683643342,17.473889218788738,10.72788336779275,17.939504671398055,22.645803477073834,5.165915117488626,0.5845672723629898,0.9616865754127503,1.0015169382095337,0.0027272727272727275,0.0,2.35007246661088,566,0.0,0,nan,nan,nan,nan,437.49999942045497,-161.00000854573477,433.49999942045497
M8_scale,procedural,dlc_joint_transition,24,8,dlcC_M8_scale_n8_seed24,ok,7,2200,300,15.359053935451305,10.658300539900097,13.370446647036859,22.389853786409233,0.6051825798521014,0.964471048116684,15.679979289278185,10.675127548072009,13.76923039881718,22.267931872272655,4.358587293621927,0.5908445931821321,0.9409194111824039,1.2635847330093384,0.057727272727272724,0.0,2.3982757507974126,486,0.0,0,nan,nan,nan,nan,356.9999982163945,-161.00000854573477,352.9999982163945
M8_scale,procedural,dlc_joint_transition_observer,24,8,dlcC_M8_scale_n8_seed24,ok,7,2200,300,15.403884292381626,11.942883745540996,14.686676764548992,20.89893859539603,0.7360339440170087,1.018933176994324,15.51356864108673,11.95589464533765,15.020925265925143,20.51986078564755,3.2548012526196497,0.6840863474864851,0.9969606816768647,1.4761801958084106,0.10636363636363637,0.0,2.479417810465207,266,0.0,0,nan,nan,nan,nan,63.00000760498324,-164.50000632342324,59.00000760498324
M8_scale,procedural,dlc_individual_transition,24,8,dlcD_M8_scale_n8_seed24,ok,7,2200,300,13.923697900175783,9.427820353635031,12.640026566251422,22.022320419600415,0.3990255377184976,0.9522411048412325,14.949170814148912,9.730034903397105,13.63051664786936,23.777504927144186,5.236084619755218,0.37999152166793215,0.9308220505714417,1.0630780458450317,0.02409090909090909,0.0,2.3973424589974575,1382,0.0,0,nan,nan,nan,nan,360.50000716077534,-161.00000854573477,356.50000716077534
M8_scale,procedural,dlc_joint_transition,24,8,dlcD_M8_scale_n8_seed24,ok,7,2200,300,13.572188684241011,10.850499027390667,11.4152013728809,22.962302600827652,0.8505544998300703,1.415977120399475,14.400830814644157,11.009174286575796,11.59173718150966,22.66671302511229,6.1454606628186745,0.7848007634375245,1.382952964305878,1.5426616668701172,0.3327272727272727,0.0,2.3913962280365815,250,0.0,0,nan,nan,nan,nan,136.50000092764913,-161.00000854573477,132.50000092764913
M8_scale,procedural,dlc_joint_transition_observer,24,8,dlcD_M8_scale_n8_seed24,ok,7,2200,300,14.811660324809143,1.3677423833570115,19.01973187977912,22.333096775557067,1.5326848862513802,4.043573331832886,15.552241437583563,1.3917271872556416,19.306495819999007,22.62816559768059,8.051209770045894,1.3685065330255946,3.939121961593628,4.378725528717041,0.3231818181818182,0.012272727272727272,3.927479268618604,93,0.0,0,nan,nan,nan,nan,241.5000010180663,-161.00000673441593,237.5000010180663
M8_scale,procedural,ours_dnq_dlc_seed13,24,8,ours_M8_scale_n8_seed24,ok,7,2200,300,14.77672198824072,8.438411003577055,14.131506612767677,21.678900413810688,0.5951207399984828,0.8460292637348176,15.2360934874045,8.528339429007598,15.217020266732815,22.167320852520305,5.202976744415656,0.5747487268122627,0.8524454176425934,2.5162057876586914,0.03409090909090909,0.0,2.4299960870485062,668,0.10318181818181818,2200,3.0,0.040927694406548434,7.0,24.175824175824175,322.0000059677857,-161.00000673441593,318.0000059677857
M8_scale,procedural,ours_dnq_dlc_seed21,24,8,ours_M8_scale_n8_seed24,ok,7,2200,300,14.953288578986442,11.150935957299447,14.258358748545001,20.069297106308476,0.7045233761804718,0.9941844403743744,15.376801736858685,11.13896741030525,14.789359135971514,21.287910050002434,3.9351937206817733,0.6726304090460128,0.9531592845916749,3.726792097091675,0.09090909090909091,0.0,2.618024595628127,816,0.12545454545454546,2200,2.986818181818182,0.042746703046839474,7.0,23.157894736842106,311.4999972098499,-297.499998076715,307.4999972098499
M8_scale,procedural,ours_dnq_dlc_seed47,24,8,ours_M8_scale_n8_seed24,ok,7,2200,300,14.664677969063353,10.478379743567713,12.719115341266203,21.023777963267236,0.6975906139709006,1.052497959136963,15.391686485259369,10.539854407450278,14.804999578481635,22.302903449839558,4.656389702199736,0.653619431740054,1.026913857460022,1.4130452871322632,0.10545454545454545,0.0,2.8314246569750656,239,0.13045454545454546,2200,3.0,0.12414733969986358,7.0,8.02919708029197,66.50000087819649,-164.50000319021672,62.50000087819649
M8_scale,procedural,ours_dnq_dlc_seed71,24,8,ours_M8_scale_n8_seed24,ok,7,2200,300,15.437534625303321,9.95849082148504,13.885616181319413,23.357030740459578,0.6397445512969832,1.1860537052154543,15.879021451901883,10.248100893385658,15.369939719451077,23.218249453647424,5.109455092664457,0.622694684739902,1.0888279676437393,1.873964548110962,0.11090909090909092,0.0,2.8269340057775936,323,0.09181818181818181,2200,3.0,0.0482037289677126,7.0,20.560747663551403,343.0000036224435,-325.49999597757323,339.0000036224435
M8_scale,procedural,ours_dnq_dlc_seed99,24,8,ours_M8_scale_n8_seed24,ok,7,2200,300,14.827000637930784,11.003002554637925,12.727168898909357,20.30791607853379,0.8050663523530698,1.0279495954513551,15.388208807825814,11.006322694853859,14.684773826214261,22.464827092373426,4.410746252994426,0.7541761866675172,1.0067371606826783,1.9327503442764282,0.10772727272727273,0.0,4.541437716044854,34,0.15454545454545454,2200,3.0,0.0791268758526603,7.0,12.571428571428571,56.00000112849034,-164.50000632342324,52.00000112849034
M8_scale,procedural,rule_expert_gate,25,8,rule_M8_scale_n8_seed25,ok,7,2200,300,9.096914892103175,6.999606857387069,7.802570076492616,13.399222686424078,3.932420871900272,8.567789840698243,10.531304067034485,7.024075315856335,8.302566287651265,14.382636933941338,5.31021016689256,3.483845135623229,8.270761108398439,10.226892471313477,0.6295454545454545,0.15,4.233846636089857,1990,0.0,0,nan,nan,nan,nan,276.5000077034956,-651.0000108626455,272.5000077034956
M8_scale,procedural,dlc_individual_transition,25,8,dlcA_M8_scale_n8_seed25,ok,7,2200,300,8.990550821737308,0.2564636601861535,3.492146645567823,24.08361830837192,1.058428019254352,1.8440762639045716,10.497057833817545,0.2589585514927981,6.878376845461794,24.08258505908952,10.048151750470186,0.9438669613353572,1.8216126322746278,1.9784361124038696,0.40045454545454545,0.44181818181818183,3.8091897773675822,393,0.0,0,nan,nan,nan,nan,203.00000263428603,-241.4999955896668,199.00000263428603
M8_scale,procedural,dlc_joint_transition,25,8,dlcA_M8_scale_n8_seed25,ok,7,2200,300,12.50713315759514,10.58533857912197,11.282374765350411,15.821947577932795,1.5178358573214101,2.675044107437134,13.586296920545637,10.58482103554666,11.305360283347685,16.953102353994257,4.65553468174259,1.386901806181466,2.605406188964844,3.2376503944396973,0.5036363636363637,0.0,2.81246900825191,254,0.0,0,nan,nan,nan,nan,101.50000043728153,-161.00000280480515,97.50000043728153
M8_scale,procedural,dlc_joint_transition_observer,25,8,dlcA_M8_scale_n8_seed25,ok,7,2200,300,12.558021840799222,8.678631529439839,14.130780684489489,15.878048602155527,1.9405691571412362,6.98316969871521,13.080713215223824,8.794205095159139,14.374808292880033,16.537855073913494,3.9215353374558655,1.691291268451658,6.928440666198731,8.458331108093262,0.27954545454545454,0.06272727272727273,2.5203673244321996,1611,0.0,0,nan,nan,nan,nan,353.50000311934286,-318.4999999527274,349.50000311934286
M8_scale,procedural,dlc_individual_transition,25,8,dlcB_M8_scale_n8_seed25,ok,7,2200,300,15.851613451073957,12.311271958001663,13.56655594985537,22.831993473760633,0.5441604780359194,0.8931924283504487,16.596001464534442,12.243892645641266,13.75235916843716,23.494362165489314,4.965810322668846,0.4948630038900195,0.858466404676438,1.0432515144348145,0.013181818181818182,0.0,4.485846954898989,17,0.0,0,nan,nan,nan,nan,619.5000029453842,-161.00000280480515,615.5000029453842
M8_scale,procedural,dlc_joint_transition,25,8,dlcB_M8_scale_n8_seed25,ok,7,2200,300,13.722280367556047,11.701943585372097,12.268437360070589,21.2099571391036,0.8903659363370389,1.1867627382278445,15.068153448999848,11.840178518300172,12.34909643746035,24.760950822453147,5.411725117637117,0.8160129681754519,1.1720820426940919,1.387625813484192,0.3381818181818182,0.0,5.023848891729982,0,0.0,0,nan,nan,nan,nan,262.50000059048034,-161.00000280480515,258.50000059048034
M8_scale,procedural,dlc_joint_transition_observer,25,8,dlcB_M8_scale_n8_seed25,ok,7,2200,300,15.077430594204202,9.978384130306432,15.06213466041359,18.90870573097613,0.5997373103394517,0.9905026912689209,16.022881337330254,10.989476286034582,15.500733454157004,23.076110138779764,4.24227740371631,0.5596539152748036,0.9789322316646576,1.1570783853530884,0.07636363636363637,0.0,2.3616005136551506,319,0.0,0,nan,nan,nan,nan,269.500001414227,-161.00000280480515,265.500001414227
M8_scale,procedural,dlc_individual_transition,25,8,dlcC_M8_scale_n8_seed25,ok,7,2200,300,8.990550821737308,0.2564636601861535,3.492146645567823,24.08361830837192,1.058428019254352,1.8440762639045716,10.497057833817545,0.2589585514927981,6.878376845461794,24.08258505908952,10.048151750470186,0.9438669613353572,1.8216126322746278,1.9784361124038696,0.40045454545454545,0.44181818181818183,3.8091897773675822,393,0.0,0,nan,nan,nan,nan,203.00000263428603,-241.4999955896668,199.00000263428603
M8_scale,procedural,dlc_joint_transition,25,8,dlcC_M8_scale_n8_seed25,ok,7,2200,300,13.722280367556047,11.701943585372097,12.268437360070589,21.2099571391036,0.8903659363370389,1.1867627382278445,15.068153448999848,11.840178518300172,12.34909643746035,24.760950822453147,5.411725117637117,0.8160129681754519,1.1720820426940919,1.387625813484192,0.3381818181818182,0.0,5.023848891729982,0,0.0,0,nan,nan,nan,nan,262.50000059048034,-161.00000280480515,258.50000059048034
M8_scale,procedural,dlc_joint_transition_observer,25,8,dlcC_M8_scale_n8_seed25,ok,7,2200,300,12.558021840799222,8.678631529439839,14.130780684489489,15.878048602155527,1.9405691571412362,6.98316969871521,13.080713215223824,8.794205095159139,14.374808292880033,16.537855073913494,3.9215353374558655,1.691291268451658,6.928440666198731,8.458331108093262,0.27954545454545454,0.06272727272727273,2.5203673244321996,1611,0.0,0,nan,nan,nan,nan,353.50000311934286,-318.4999999527274,349.50000311934286
M8_scale,procedural,dlc_individual_transition,25,8,dlcD_M8_scale_n8_seed25,ok,7,2200,300,15.851613451073957,12.311271958001663,13.56655594985537,22.831993473760633,0.5441604780359194,0.8931924283504487,16.596001464534442,12.243892645641266,13.75235916843716,23.494362165489314,4.965810322668846,0.4948630038900195,0.858466404676438,1.0432515144348145,0.013181818181818182,0.0,4.485846954898989,17,0.0,0,nan,nan,nan,nan,619.5000029453842,-161.00000280480515,615.5000029453842
M8_scale,procedural,dlc_joint_transition,25,8,dlcD_M8_scale_n8_seed25,ok,7,2200,300,12.50713315759514,10.58533857912197,11.282374765350411,15.821947577932795,1.5178358573214101,2.675044107437134,13.586296920545637,10.58482103554666,11.305360283347685,16.953102353994257,4.65553468174259,1.386901806181466,2.605406188964844,3.2376503944396973,0.5036363636363637,0.0,2.81246900825191,254,0.0,0,nan,nan,nan,nan,101.50000043728153,-161.00000280480515,97.50000043728153
M8_scale,procedural,dlc_joint_transition_observer,25,8,dlcD_M8_scale_n8_seed25,ok,7,2200,300,15.077430594204202,9.978384130306432,15.06213466041359,18.90870573097613,0.5997373103394517,0.9905026912689209,16.022881337330254,10.989476286034582,15.500733454157004,23.076110138779764,4.24227740371631,0.5596539152748036,0.9789322316646576,1.1570783853530884,0.07636363636363637,0.0,2.3616005136551506,319,0.0,0,nan,nan,nan,nan,269.500001414227,-161.00000280480515,265.500001414227
M8_scale,procedural,ours_dnq_dlc_seed13,25,8,ours_M8_scale_n8_seed25,ok,7,2200,300,15.717298480884677,8.796553000949954,16.51893393136418,23.25418751103552,0.5572128599541458,0.9196055769920349,16.227402563026097,9.852438267046857,17.232135250937084,23.342435353039086,6.016234419090773,0.5487527874292044,0.8995085358619693,1.3284238576889038,0.05454545454545454,0.0,2.7532104708744725,227,0.07863636363636364,2200,3.0,0.0263756252842201,7.0,37.28813559322034,168.0000045094389,-161.00000280480515,164.0000045094389
M8_scale,procedural,ours_dnq_dlc_seed21,25,8,ours_M8_scale_n8_seed25,ok,7,2200,300,13.682494040304254,9.354738721547255,13.37667335002951,18.869975051568282,0.6130592040260825,0.9694756150245667,14.35780427330237,10.102090535401164,13.828327314020633,19.70558221412243,4.475459141967966,0.6115192685965501,0.9461763978004458,1.267469882965088,0.06272727272727273,0.0,2.5956485052224805,464,0.11,2200,3.0,0.05184174624829468,7.0,19.130434782608695,84.00000093286212,-161.00000280480515,80.00000093286212
M8_scale,procedural,ours_dnq_dlc_seed47,25,8,ours_M8_scale_n8_seed25,ok,7,2200,300,17.697321990834727,11.241228365846808,18.322159719504057,23.336120604229176,0.5091446653894635,0.8776847422122956,17.86863806797056,11.272562578093618,18.629842229137566,23.355860137479823,4.8844395175120985,0.49763094783815176,0.8754902601242066,1.1243948936462402,0.0027272727272727275,0.0,2.867844822573371,72,0.0890909090909091,2200,2.78,0.017735334242837655,7.0,55.0,469.000000646859,-161.00000280480515,465.000000646859
M8_scale,procedural,ours_dnq_dlc_seed71,25,8,ours_M8_scale_n8_seed25,ok,7,2200,300,13.859566917315844,6.144507801591356,12.348563363019512,21.98277765431838,1.108167386362605,2.7430156469345115,14.293475442535474,6.713959928277343,12.544910896537669,22.532894469493083,5.841770105102731,1.0337258466879509,2.3763979673385647,6.142145156860352,0.2131818181818182,0.038181818181818185,2.76959501258527,434,0.09909090909090909,2200,2.5513636363636363,0.026830377444292862,7.0,36.666666666666664,220.50000130466105,-161.00000280480515,216.50000130466105
M8_scale,procedural,ours_dnq_dlc_seed99,25,8,ours_M8_scale_n8_seed25,ok,7,2200,300,15.55897020459438,10.568325620627245,15.998129156488467,22.585176462706958,0.5902849693327995,0.9023279488086701,16.253688096833525,10.663326577332253,17.06104898803957,23.3042819615608,5.053574660135618,0.5546057283223226,0.891102647781372,1.2815115451812744,0.03681818181818182,0.0,3.649575938825354,132,0.11136363636363636,2200,2.9127272727272726,0.019099590723055934,7.0,51.16279069767442,426.99999168383124,-161.00000280480515,422.99999168383124
M8_scale,procedural,rule_expert_gate,26,8,rule_M8_scale_n8_seed26,ok,7,2200,300,12.326224755104633,7.141622300627043,12.92038290640021,14.588915136183381,1.2774180741673091,4.748628044128418,13.336659397127079,7.2707980156441945,13.004103271601618,23.533106207745334,5.629265440907664,1.188421380816726,4.464213991165163,5.849730491638184,0.27954545454545454,0.034545454545454546,4.927710935270041,1824,0.0,0,nan,nan,nan,nan,63.00000044113676,-161.00000418112484,59.00000044113676
M8_scale,procedural,dlc_individual_transition,26,8,dlcA_M8_scale_n8_seed26,ok,7,2200,300,10.303794124079248,2.072802228034054,10.188050068180459,19.638708526788644,0.7940393279590889,1.458354473114014,11.575268589478451,2.0748005039772255,10.30278957614847,21.98815717846885,6.7801456432070175,0.7064846289390871,1.421805238723755,1.5649880170822144,0.2722727272727273,0.0,3.163251045647731,188,0.0,0,nan,nan,nan,nan,108.49999348179858,-161.00000195043822,104.49999348179858
M8_scale,procedural,dlc_joint_transition,26,8,dlcA_M8_scale_n8_seed26,ok,7,2200,300,11.29307003731496,4.117179539489526,12.678136344182047,14.665899245574664,0.5305408740726049,0.8355910778045655,12.66241481743693,4.214155999142176,13.076479568476437,18.09252609282718,5.7708663703212215,0.5346064890418281,0.8397030591964723,1.069518804550171,0.01818181818181818,0.06863636363636363,3.1607753490735524,738,0.0,0,nan,nan,nan,nan,171.50000225794315,-161.00000195043822,167.50000225794315
M8_scale,procedural,dlc_joint_transition_observer,26,8,dlcA_M8_scale_n8_seed26,ok,7,2200,300,14.623828940653796,7.535905973752711,14.411611380109274,20.559796485992194,0.40497871388373347,0.7780383825302124,14.794919098643643,7.94768442530093,14.747280477754614,21.087217847575157,4.609673593658248,0.3638977789750127,0.7427134335041047,1.2849202156066895,0.04409090909090909,0.0,2.957600378945584,613,0.0,0,nan,nan,nan,nan,339.5000072279777,-161.00000195043822,335.5000072279777
M8_scale,procedural,dlc_individual_transition,26,8,dlcB_M8_scale_n8_seed26,ok,7,2200,300,10.287142619871432,5.5460970520269885,10.318458988208548,18.885985673205045,1.48276191398021,3.8283516407012947,11.775100065242283,5.806388142675274,10.561070854002056,21.407645725781222,6.049332226011311,1.2930353666372234,3.6265216827392592,4.724906921386719,0.4904545454545455,0.003181818181818182,2.838319228777209,1185,0.0,0,nan,nan,nan,nan,171.4999933711547,-161.00000195043822,167.4999933711547
M8_scale,procedural,dlc_joint_transition,26,8,dlcB_M8_scale_n8_seed26,ok,7,2200,300,12.972004847330073,10.651856478742829,12.45879144681241,14.32323775687731,0.25029966176027973,0.5091808319091802,14.182143767586087,10.713334045485333,12.617313549901775,25.129755771759466,4.795559731125073,0.2570516069778982,0.5856757342815404,0.7785407304763794,0.0,0.0,3.045719008814782,1417,0.0,0,nan,nan,nan,nan,150.5000042328852,-161.00000195043822,146.5000042328852
M8_scale,procedural,dlc_joint_transition_observer,26,8,dlcB_M8_scale_n8_seed26,ok,7,2200,300,14.1061819129046,11.40457986327055,13.69117043712499,16.850265981579142,0.2276331624368437,0.45563779175281527,15.110866939511137,11.624196666106782,14.03274152964267,22.091997264776985,3.894929163388783,0.23644144372680867,0.46482587158679967,0.5923681855201721,0.0,0.0,2.60925728952869,581,0.0,0,nan,nan,nan,nan,119.00000458073055,-161.00000195043822,115.00000458073055
M8_scale,procedural,dlc_individual_transition,26,8,dlcC_M8_scale_n8_seed26,ok,7,2200,300,10.303794124079248,2.072802228034054,10.188050068180459,19.638708526788644,0.7940393279590889,1.458354473114014,11.575268589478451,2.0748005039772255,10.30278957614847,21.98815717846885,6.7801456432070175,0.7064846289390871,1.421805238723755,1.5649880170822144,0.2722727272727273,0.0,3.163251045647731,188,0.0,0,nan,nan,nan,nan,108.49999348179858,-161.00000195043822,104.49999348179858
M8_scale,procedural,dlc_joint_transition,26,8,dlcC_M8_scale_n8_seed26,ok,7,2200,300,12.972004847330073,10.651856478742829,12.45879144681241,14.32323775687731,0.25029966176027973,0.5091808319091802,14.182143767586087,10.713334045485333,12.617313549901775,25.129755771759466,4.795559731125073,0.2570516069778982,0.5856757342815404,0.7785407304763794,0.0,0.0,3.045719008814782,1417,0.0,0,nan,nan,nan,nan,150.5000042328852,-161.00000195043822,146.5000042328852
M8_scale,procedural,dlc_joint_transition_observer,26,8,dlcC_M8_scale_n8_seed26,ok,7,2200,300,14.623828940653796,7.535905973752711,14.411611380109274,20.559796485992194,0.40497871388373347,0.7780383825302124,14.794919098643643,7.94768442530093,14.747280477754614,21.087217847575157,4.609673593658248,0.3638977789750127,0.7427134335041047,1.2849202156066895,0.04409090909090909,0.0,2.957600378945584,613,0.0,0,nan,nan,nan,nan,339.5000072279777,-161.00000195043822,335.5000072279777
M8_scale,procedural,dlc_individual_transition,26,8,dlcD_M8_scale_n8_seed26,ok,7,2200,300,10.287142619871432,5.5460970520269885,10.318458988208548,18.885985673205045,1.48276191398021,3.8283516407012947,11.775100065242283,5.806388142675274,10.561070854002056,21.407645725781222,6.049332226011311,1.2930353666372234,3.6265216827392592,4.724906921386719,0.4904545454545455,0.003181818181818182,2.838319228777209,1185,0.0,0,nan,nan,nan,nan,171.4999933711547,-161.00000195043822,167.4999933711547
M8_scale,procedural,dlc_joint_transition,26,8,dlcD_M8_scale_n8_seed26,ok,7,2200,300,11.29307003731496,4.117179539489526,12.678136344182047,14.665899245574664,0.5305408740726049,0.8355910778045655,12.66241481743693,4.214155999142176,13.076479568476437,18.09252609282718,5.7708663703212215,0.5346064890418281,0.8397030591964723,1.069518804550171,0.01818181818181818,0.06863636363636363,3.1607753490735524,738,0.0,0,nan,nan,nan,nan,171.50000225794315,-161.00000195043822,167.50000225794315
M8_scale,procedural,dlc_joint_transition_observer,26,8,dlcD_M8_scale_n8_seed26,ok,7,2200,300,14.1061819129046,11.40457986327055,13.69117043712499,16.850265981579142,0.2276331624368437,0.45563779175281527,15.110866939511137,11.624196666106782,14.03274152964267,22.091997264776985,3.894929163388783,0.23644144372680867,0.46482587158679967,0.5923681855201721,0.0,0.0,2.60925728952869,581,0.0,0,nan,nan,nan,nan,119.00000458073055,-161.00000195043822,115.00000458073055
M8_scale,procedural,ours_dnq_dlc_seed13,26,8,ours_M8_scale_n8_seed26,ok,7,2200,300,8.174548553138939,2.4391443272238913,6.818381759594027,18.322668497755078,1.5464797434546544,3.0577809810638428,9.8480120187457,2.4391444085010723,7.600347261514875,21.655360759806342,6.905916213507237,1.401430614775851,3.0233897686004645,4.396050453186035,0.5245454545454545,0.32545454545454544,2.806286706868709,954,0.014545454545454545,2200,3.0,0.05229649840836744,7.0,18.96551724137931,49.00000387584146,-290.50000165931056,45.00000387584146
M8_scale,procedural,ours_dnq_dlc_seed21,26,8,ours_M8_scale_n8_seed26,ok,7,2200,300,11.123739469940821,2.439073560304117,11.463961078281233,20.699813020398242,0.9762018524379911,1.9234376192092901,11.805467863688916,2.4390736731484073,12.154438085457054,20.35456821299547,7.185415219456488,0.940836631970226,1.8017128705978398,2.485860824584961,0.3409090909090909,0.28909090909090907,2.771770371257825,352,0.07272727272727272,2200,2.8772727272727274,0.06775807185084129,7.0,14.666666666666666,87.50000004140611,-210.00000081088638,83.50000004140611
M8_scale,procedural,ours_dnq_dlc_seed47,26,8,ours_M8_scale_n8_seed26,ok,7,2200,300,14.075067729935821,5.850407125113828,13.309869505592978,22.960461531522608,0.6013603707689694,1.253629064559937,14.487245077023113,6.4116537850696655,14.004031927780611,23.022058785249065,6.229480338753863,0.6042640425588681,1.1429163455963136,2.825676679611206,0.12590909090909091,0.0,2.7845920519060834,253,0.04409090909090909,2200,3.0,0.07048658481127786,7.0,14.102564102564102,350.00000297957126,-161.00000195043822,346.00000297957126
M8_scale,procedural,ours_dnq_dlc_seed71,26,8,ours_M8_scale_n8_seed26,ok,7,2200,300,8.82365174506905,2.452819752269099,3.554774448246059,18.937488970142525,2.5380597514143264,6.211397743225098,10.042635408795501,2.452820139087841,9.370737646436169,21.722134013918343,7.451533290612874,2.2577887367229614,6.0846843242645265,7.295433521270752,0.4536363636363636,0.4581818181818182,2.4974769560793297,268,0.07,2200,2.140909090909091,0.06957708049113233,7.0,14.285714285714286,59.50000498023883,-654.5000004843146,55.50000498023883
M8_scale,procedural,ours_dnq_dlc_seed99,26,8,ours_M8_scale_n8_seed26,ok,7,2200,300,13.568550590350807,10.20065933978501,12.701890422983062,18.398321737143615,0.6252889904715611,0.930804055929184,14.464102139571201,10.309990967214928,13.08420634045158,22.821413599330075,4.5311671561946145,0.5757271117058752,0.9071420550346377,1.2084941864013672,0.023636363636363636,0.0,2.722711532909791,1055,0.08727272727272728,2200,3.0,0.06366530241018645,7.0,15.602836879432624,203.00000306167112,-161.00000195043822,199.00000306167112
M8_scale,procedural,rule_expert_gate,27,8,rule_M8_scale_n8_seed27,ok,7,2200,300,20.42326817069416,12.468788102099861,22.17300644094273,26.827593797889946,0.3980948128466384,0.8751111209392548,20.394116962421517,11.620972530055248,22.230024485619538,27.03313852614865,5.818014422902346,0.4100535057310216,0.8355682373046875,2.446599006652832,0.06136363636363636,0.07727272727272727,2.79559200716712,715,0.0,0,nan,nan,nan,nan,269.50000294240203,-230.99999880522034,265.50000294240203
M8_scale,procedural,dlc_individual_transition,27,8,dlcA_M8_scale_n8_seed27,ok,7,2200,300,15.646090738401071,7.080506184141257,12.498790818625748,27.058643488608364,0.7721891540367353,0.9861790418624878,15.992933375917426,7.222284357023145,14.062718399538332,27.052960467364706,7.616867832553104,0.692125472256501,0.9841458916664124,1.0243701934814453,0.015,0.0,4.008643676918619,19,0.0,0,nan,nan,nan,nan,248.5000049370649,-161.00000324876578,244.5000049370649
M8_scale,procedural,dlc_joint_transition,27,8,dlcA_M8_scale_n8_seed27,ok,7,2200,300,15.525794711784238,10.881220403732856,13.763943997258203,22.30560515371032,0.7088073934183309,0.993769371509552,16.32572455148089,10.963592317039494,14.048068568086823,24.48462376640138,5.214546105441135,0.690355972858167,0.9929348528385162,1.0395082235336304,0.015454545454545455,0.0,2.617631485640651,52,0.0,0,nan,nan,nan,nan,392.0000057377033,-161.00000324876578,388.0000057377033
M8_scale,procedural,dlc_joint_transition_observer,27,8,dlcA_M8_scale_n8_seed27,ok,7,2200,300,15.274845144038435,12.793406335747154,15.13371215381023,17.602289864123506,0.7393535691784009,1.0389156937599182,15.307276435873382,12.77147676311327,15.310487488549045,17.699474694653087,2.086797135104472,0.6588095587678253,1.0162184834480288,1.6645499467849731,0.12727272727272726,0.020454545454545454,3.0858271237505113,216,0.0,0,nan,nan,nan,nan,126.00000756976033,-161.00000324876578,122.00000756976033
M8_scale,procedural,dlc_individual_transition,27,8,dlcB_M8_scale_n8_seed27,ok,7,2200,300,3.0908632780656453,1.4842242333747908,2.0704799290088367,6.670143649129639,2.512563878125266,3.651331782341004,5.074002932932207,1.4860058802610583,2.3648448207992296,9.822657333649905,6.4096968834956956,2.1869900614270192,3.6447627544403076,3.971099376678467,0.775,0.5672727272727273,3.360335861350976,1981,0.0,0,nan,nan,nan,nan,35.00000566857989,-595.0000026292303,31.000005668579888
M8_scale,procedural,dlc_joint_transition,27,8,dlcB_M8_scale_n8_seed27,ok,7,2200,300,12.694803554107814,6.238971457489356,12.382742911239546,22.578959497270645,1.1222211533999036,4.352203845977784,14.139620701774472,6.3832279497856605,12.559241969053407,24.147182488559757,6.384675011085749,1.0128441118519638,4.147747468948365,5.172760963439941,0.23863636363636365,0.0,4.175003072259442,1320,0.0,0,nan,nan,nan,nan,94.50000773145507,-161.00000324876578,90.50000773145507
M8_scale,procedural,dlc_joint_transition_observer,27,8,dlcB_M8_scale_n8_seed27,ok,7,2200,300,20.1939274098716,16.140541194506028,19.89559045537802,24.273070193988456,2.0725608738864723,4.73472752571106,20.205973877211015,16.17603950367461,20.060099235215375,24.145585858841926,2.981273593879249,1.8302252952971982,4.691023588180542,4.890350818634033,0.6536363636363637,0.0,4.502625083223926,8,0.0,0,nan,nan,nan,nan,994.0000032257553,-161.00000324876578,990.0000032257553
M8_scale,procedural,dlc_individual_transition,27,8,dlcC_M8_scale_n8_seed27,ok,7,2200,300,15.646090738401071,7.080506184141257,12.498790818625748,27.058643488608364,0.7721891540367353,0.9861790418624878,15.992933375917426,7.222284357023145,14.062718399538332,27.052960467364706,7.616867832553104,0.692125472256501,0.9841458916664124,1.0243701934814453,0.015,0.0,4.008643676918619,19,0.0,0,nan,nan,nan,nan,248.5000049370649,-161.00000324876578,244.5000049370649
M8_scale,procedural,dlc_joint_transition,27,8,dlcC_M8_scale_n8_seed27,ok,7,2200,300,12.694803554107814,6.238971457489356,12.382742911239546,22.578959497270645,1.1222211533999036,4.352203845977784,14.139620701774472,6.3832279497856605,12.559241969053407,24.147182488559757,6.384675011085749,1.0128441118519638,4.147747468948365,5.172760963439941,0.23863636363636365,0.0,4.175003072259442,1320,0.0,0,nan,nan,nan,nan,94.50000773145507,-161.00000324876578,90.50000773145507
M8_scale,procedural,dlc_joint_transition_observer,27,8,dlcC_M8_scale_n8_seed27,ok,7,2200,300,15.274845144038435,12.793406335747154,15.13371215381023,17.602289864123506,0.7393535691784009,1.0389156937599182,15.307276435873382,12.77147676311327,15.310487488549045,17.699474694653087,2.086797135104472,0.6588095587678253,1.0162184834480288,1.6645499467849731,0.12727272727272726,0.020454545454545454,3.0858271237505113,216,0.0,0,nan,nan,nan,nan,126.00000756976033,-161.00000324876578,122.00000756976033
M8_scale,procedural,dlc_individual_transition,27,8,dlcD_M8_scale_n8_seed27,ok,7,2200,300,3.0908632780656453,1.4842242333747908,2.0704799290088367,6.670143649129639,2.512563878125266,3.651331782341004,5.074002932932207,1.4860058802610583,2.3648448207992296,9.822657333649905,6.4096968834956956,2.1869900614270192,3.6447627544403076,3.971099376678467,0.775,0.5672727272727273,3.360335861350976,1981,0.0,0,nan,nan,nan,nan,35.00000566857989,-595.0000026292303,31.000005668579888
M8_scale,procedural,dlc_joint_transition,27,8,dlcD_M8_scale_n8_seed27,ok,7,2200,300,15.525794711784238,10.881220403732856,13.763943997258203,22.30560515371032,0.7088073934183309,0.993769371509552,16.32572455148089,10.963592317039494,14.048068568086823,24.48462376640138,5.214546105441135,0.690355972858167,0.9929348528385162,1.0395082235336304,0.015454545454545455,0.0,2.617631485640651,52,0.0,0,nan,nan,nan,nan,392.0000057377033,-161.00000324876578,388.0000057377033
M8_scale,procedural,dlc_joint_transition_observer,27,8,dlcD_M8_scale_n8_seed27,ok,7,2200,300,20.1939274098716,16.140541194506028,19.89559045537802,24.273070193988456,2.0725608738864723,4.73472752571106,20.205973877211015,16.17603950367461,20.060099235215375,24.145585858841926,2.981273593879249,1.8302252952971982,4.691023588180542,4.890350818634033,0.6536363636363637,0.0,4.502625083223926,8,0.0,0,nan,nan,nan,nan,994.0000032257553,-161.00000324876578,990.0000032257553
M8_scale,procedural,ours_dnq_dlc_seed13,27,8,ours_M8_scale_n8_seed27,ok,7,2200,300,17.475835076661355,11.471749346171762,17.994424347599995,23.255631634214172,0.6410491133054816,0.8735352575778964,17.8134493797274,11.489844313125303,18.326670551634777,23.424600908980842,4.5190682349329565,0.602748060205274,0.8640456795692444,1.1749489307403564,0.024545454545454544,0.0,3.4799760841803926,4,0.13954545454545456,2200,2.6795454545454547,0.03728967712596635,7.0,26.50602409638554,157.49999608773578,-161.00000324876578,153.49999608773578
M8_scale,procedural,ours_dnq_dlc_seed21,27,8,ours_M8_scale_n8_seed27,ok,7,2200,300,6.749855034939753,2.806733532486386,3.334609128277994,15.876359385239265,1.2086440767372322,1.9722419619560243,8.091358066057087,2.833957447368538,3.4786603298565417,18.304871647468453,6.21338303470118,1.1370387455639006,1.9573346853256226,2.184924840927124,0.5204545454545455,0.5513636363636364,2.8952719849719775,1654,0.09818181818181818,2200,1.82,0.015461573442473852,5.0,62.857142857142854,10.500006681405239,-500.5000015521789,6.500006681405239
M8_scale,procedural,ours_dnq_dlc_seed47,27,8,ours_M8_scale_n8_seed27,ok,7,2200,300,14.934332681074833,10.941057217862777,12.960476307159677,22.002779671471174,0.5832158842939527,0.8892596065998077,15.802399395325404,10.997655168093912,14.466613747195389,23.16208892607404,4.598661765888515,0.5429421530967672,0.8803427040576935,1.1641963720321655,0.023636363636363636,0.0,3.1556496079841714,308,0.1390909090909091,2200,3.0,0.019554342883128694,7.0,50.0,227.5000021760659,-161.00000324876578,223.5000021760659
M8_scale,procedural,ours_dnq_dlc_seed71,27,8,ours_M8_scale_n8_seed27,ok,7,2200,300,3.864706978000977,2.2350059771695125,3.006020920078231,9.673908953415866,1.7101180028504888,3.9776374816894533,5.854631529730192,2.235006053330831,3.006113339270679,14.93825145108303,5.906462119728692,1.5402517407016554,3.858205056190491,5.5788702964782715,0.42045454545454547,0.7677272727272727,3.253742307596765,152,0.02181818181818182,2200,1.0804545454545456,0.02364711232378354,5.0,41.509433962264154,31.50000069909686,-619.499999370617,27.50000069909686
M8_scale,procedural,ours_dnq_dlc_seed99,27,8,ours_M8_scale_n8_seed27,ok,7,2200,300,14.333141457494802,7.21967495811199,14.652892965345755,21.628701228544088,0.5798626986265452,0.872688913345337,15.038416531655173,8.480140891384588,15.065297373081222,23.031293440620303,5.651311334413729,0.5537807199563726,0.8776282548904419,1.6604692935943604,0.05090909090909091,0.0,2.403234052604417,288,0.10818181818181818,2200,3.0,0.06275579809004093,7.0,15.827338129496402,133.00000433598825,-161.00000324876578,129.00000433598825
M8_scale,procedural,rule_expert_gate,28,8,rule_M8_scale_n8_seed28,ok,7,2200,300,19.897424131182014,11.936221754928525,22.203040702252306,26.374326597148077,0.15295839472918918,0.3376764386892319,20.051641981820463,11.867851278599119,22.227916000427207,26.812195878978493,5.677493398922203,0.19574765365994112,0.36385268568992624,0.8758071660995483,0.0,0.0,2.7848787845829217,672,0.0,0,nan,nan,nan,nan,371.0000040906484,-160.99999907774827,367.0000040906484
M8_scale,procedural,dlc_individual_transition,28,8,dlcA_M8_scale_n8_seed28,ok,7,2200,300,14.648984182800563,12.273630291514456,15.28458176518595,16.197470359791495,0.2060012956201497,0.5104994714260102,15.13453188467057,12.287472199299579,15.369262371845874,17.730708392875023,2.9182663555586656,0.20312794580273807,0.5066015481948852,0.6957954168319702,0.0,0.0,2.369209938930127,1768,0.0,0,nan,nan,nan,nan,238.00000250203425,-160.99999907774827,234.00000250203425
M8_scale,procedural,dlc_joint_transition,28,8,dlcA_M8_scale_n8_seed28,ok,7,2200,300,15.580324440494756,11.597434816291525,14.514114346871867,22.326399316485638,0.7134017820264164,0.9709665238857269,16.37359702749002,11.597156049421676,14.740642145113487,24.28032684880382,4.89124733033047,0.6931073623260123,0.9663937330245972,1.0564438104629517,0.017727272727272727,0.0,2.585608337204994,528,0.0,0,nan,nan,nan,nan,409.50000151188124,-160.99999907774827,405.50000151188124
M8_scale,procedural,dlc_joint_transition_observer,28,8,dlcA_M8_scale_n8_seed28,ok,7,2200,300,14.094985965500106,11.589927906729368,14.030164187898086,17.086376271567335,0.35454552043922255,0.9824767112731934,14.283135449260893,11.629511548416913,14.130102070661962,17.415888645287204,2.275409607645241,0.32767356569715195,0.975005692243576,1.0742979049682617,0.05227272727272727,0.0,4.944308490350184,942,0.0,0,nan,nan,nan,nan,185.50000098662895,-161.00000106012703,181.50000098662895
M8_scale,procedural,dlc_individual_transition,28,8,dlcB_M8_scale_n8_seed28,ok,7,2200,300,3.0273996205991227,1.4728713637141395,1.624284848489961,6.802142035508375,2.6517450200805537,3.713006734848023,5.013080482249615,1.4729073514250304,1.8584882336675101,9.933899663363848,6.462007949602315,2.3080578166935912,3.6259653806686405,4.021668910980225,0.825,0.5263636363636364,3.3726810482469785,1980,0.0,0,nan,nan,nan,nan,35.00000518320826,-588.0000007497724,31.00000518320826
M8_scale,procedural,dlc_joint_transition,28,8,dlcB_M8_scale_n8_seed28,ok,7,2200,300,14.730403174361827,11.312453645005732,14.210621722007357,20.983210260844263,0.7932524774311797,0.9887049257755279,15.90555863185574,11.400633057398455,14.51288927944158,24.214975230768474,4.8490338626699705,0.7299107789974236,0.9866911351680756,1.2466707229614258,0.03909090909090909,0.0,2.7445571360624252,98,0.0,0,nan,nan,nan,nan,108.50000277765821,-161.00000106012703,104.50000277765821
M8_scale,procedural,dlc_joint_transition_observer,28,8,dlcB_M8_scale_n8_seed28,ok,7,2200,300,12.497337341421337,4.204501778571134,11.952418482257523,19.024542370620733,0.6470006167026747,2.503863668441774,13.567459576994088,4.2493759213186655,12.297191124649817,20.996802077157966,5.478447928281242,0.6000187518444099,2.1616226911544816,3.0441641807556152,0.16590909090909092,0.006818181818181818,4.700870297446826,884,0.0,0,nan,nan,nan,nan,231.00000246122795,-161.00000106012703,227.00000246122795
M8_scale,procedural,dlc_individual_transition,28,8,dlcC_M8_scale_n8_seed28,ok,7,2200,300,14.648984182800563,12.273630291514456,15.28458176518595,16.197470359791495,0.2060012956201497,0.5104994714260102,15.13453188467057,12.287472199299579,15.369262371845874,17.730708392875023,2.9182663555586656,0.20312794580273807,0.5066015481948852,0.6957954168319702,0.0,0.0,2.369209938930127,1768,0.0,0,nan,nan,nan,nan,238.00000250203425,-160.99999907774827,234.00000250203425
M8_scale,procedural,dlc_joint_transition,28,8,dlcC_M8_scale_n8_seed28,ok,7,2200,300,14.730403174361827,11.312453645005732,14.210621722007357,20.983210260844263,0.7932524774311797,0.9887049257755279,15.90555863185574,11.400633057398455,14.51288927944158,24.214975230768474,4.8490338626699705,0.7299107789974236,0.9866911351680756,1.2466707229614258,0.03909090909090909,0.0,2.7445571360624252,98,0.0,0,nan,nan,nan,nan,108.50000277765821,-161.00000106012703,104.50000277765821
M8_scale,procedural,dlc_joint_transition_observer,28,8,dlcC_M8_scale_n8_seed28,ok,7,2200,300,14.094985965500106,11.589927906729368,14.030164187898086,17.086376271567335,0.35454552043922255,0.9824767112731934,14.283135449260893,11.629511548416913,14.130102070661962,17.415888645287204,2.275409607645241,0.32767356569715195,0.975005692243576,1.0742979049682617,0.05227272727272727,0.0,4.944308490350184,942,0.0,0,nan,nan,nan,nan,185.50000098662895,-161.00000106012703,181.50000098662895
M8_scale,procedural,dlc_individual_transition,28,8,dlcD_M8_scale_n8_seed28,ok,7,2200,300,3.0273996205991227,1.4728713637141395,1.624284848489961,6.802142035508375,2.6517450200805537,3.713006734848023,5.013080482249615,1.4729073514250304,1.8584882336675101,9.933899663363848,6.462007949602315,2.3080578166935912,3.6259653806686405,4.021668910980225,0.825,0.5263636363636364,3.3726810482469785,1980,0.0,0,nan,nan,nan,nan,35.00000518320826,-588.0000007497724,31.00000518320826
M8_scale,procedural,dlc_joint_transition,28,8,dlcD_M8_scale_n8_seed28,ok,7,2200,300,15.580324440494756,11.597434816291525,14.514114346871867,22.326399316485638,0.7134017820264164,0.9709665238857269,16.37359702749002,11.597156049421676,14.740642145113487,24.28032684880382,4.89124733033047,0.6931073623260123,0.9663937330245972,1.0564438104629517,0.017727272727272727,0.0,2.585608337204994,528,0.0,0,nan,nan,nan,nan,409.50000151188124,-160.99999907774827,405.50000151188124
M8_scale,procedural,dlc_joint_transition_observer,28,8,dlcD_M8_scale_n8_seed28,ok,7,2200,300,12.497337341421337,4.204501778571134,11.952418482257523,19.024542370620733,0.6470006167026747,2.503863668441774,13.567459576994088,4.2493759213186655,12.297191124649817,20.996802077157966,5.478447928281242,0.6000187518444099,2.1616226911544816,3.0441641807556152,0.16590909090909092,0.006818181818181818,4.700870297446826,884,0.0,0,nan,nan,nan,nan,231.00000246122795,-161.00000106012703,227.00000246122795
M8_scale,procedural,ours_dnq_dlc_seed13,28,8,ours_M8_scale_n8_seed28,ok,7,2200,300,18.2848094699881,12.037826689866517,18.836533207641352,23.426864739810405,0.5258988460606442,0.7996301472187042,18.489063990756055,12.057809963310742,19.00061617673399,23.552032369111657,4.551985626140758,0.500168687796236,0.7938511431217193,1.1047786474227905,0.01681818181818182,0.0,2.5474982074887875,78,0.08181818181818182,2200,2.5022727272727274,0.03274215552523874,7.0,30.136986301369863,507.4999913338431,-160.99999907774827,503.4999913338431
M8_scale,procedural,ours_dnq_dlc_seed21,28,8,ours_M8_scale_n8_seed28,ok,7,2200,300,12.9238651116172,5.5769275367692295,11.589327363623998,19.165011013276228,4.184039178075725,13.29667263031006,13.299536210800758,6.3203708785290695,11.827791545722786,19.11732556093026,5.087902027567384,3.7101293385373983,12.970127105712892,14.617165565490723,0.355,0.11727272727272728,2.380812645099649,825,0.11409090909090909,2200,2.8227272727272728,0.03365165984538426,6.0,29.333333333333332,126.0000060616726,-248.50000287454247,122.0000060616726
M8_scale,procedural,ours_dnq_dlc_seed47,28,8,ours_M8_scale_n8_seed28,ok,7,2200,300,15.257724850897251,10.364487369728444,15.131925379081352,21.03690436031075,0.5253401957165548,0.8339023470878602,15.753223148239254,10.501650450684865,16.04133433277201,22.35011962088349,4.304309599209289,0.5210070904371836,0.8253335773944855,1.2290040254592896,0.028636363636363637,0.0,2.781248720362488,282,0.046363636363636364,2200,2.7154545454545453,0.06730331969076853,7.0,14.765100671140939,301.0000004691178,-160.99999907774827,297.0000004691178
M8_scale,procedural,ours_dnq_dlc_seed71,28,8,ours_M8_scale_n8_seed28,ok,7,2200,300,12.633420036492897,8.071290467248712,11.592782072063903,18.982860450052616,2.0736701513294094,5.236303520202637,13.175901414696742,8.461964624918323,11.664387246644548,22.248413255221283,4.827073024983799,1.866283660995885,5.063501501083375,6.008418560028076,0.45954545454545453,0.03681818181818182,2.4170311225900303,819,0.08954545454545454,2200,2.963636363636364,0.040927694406548434,7.0,24.175824175824175,356.9999970192921,-160.99999907774827,352.9999970192921
M8_scale,procedural,ours_dnq_dlc_seed99,28,8,ours_M8_scale_n8_seed28,ok,7,2200,300,14.349179603234704,10.173268441570917,14.764154072666653,18.601575443246855,0.3527825429625227,0.7181130826473239,15.047234321548068,10.366115744605898,14.994828258423972,22.187811838283125,4.346418213270906,0.35902499823080936,0.7884985268115998,1.7260987758636475,0.05409090909090909,0.0,3.693833706467411,819,0.03318181818181818,2200,3.0,0.049567985447930875,7.0,20.0,206.49999817982507,-160.99999907774827,202.49999817982507
M8_scale,procedural,rule_expert_gate,29,8,rule_M8_scale_n8_seed29,ok,7,2200,300,19.43196151328195,8.270033244071108,21.965358682151535,25.18436400196219,0.7394576540109579,3.2760899305343654,19.62206250737331,8.470562506087012,22.011306354614003,26.354155931728393,6.021512440183094,0.7131865087617718,2.8729315280914336,4.830757141113281,0.1731818181818182,0.011818181818181818,2.3886549161877655,636,0.0,0,nan,nan,nan,nan,412.999999663946,-164.49999835296865,408.999999663946
M8_scale,procedural,dlc_individual_transition,29,8,dlcA_M8_scale_n8_seed29,ok,7,2200,300,12.99680285050886,10.169791374873217,11.99694657255553,19.087298346093313,0.4176026579933731,0.5442180335521698,14.222125487135227,10.318286714811384,12.13046049871739,23.34055234649297,4.811837319710499,0.3806077712679557,0.5394846558570862,0.5704525113105774,0.0,0.0,2.624544724252029,128,0.0,0,nan,nan,nan,nan,290.5000014602424,-164.49999835296865,286.5000014602424
M8_scale,procedural,dlc_joint_transition,29,8,dlcA_M8_scale_n8_seed29,ok,7,2200,300,12.714716258188771,9.331729885492425,12.149798674948364,19.150547948278597,0.5406479236904813,0.9115917205810548,13.86334787693551,9.325345377800021,12.308601416298206,23.167582735569372,5.44681130033631,0.5505852653991844,0.9079849064350128,0.9528706073760986,0.0,0.0,2.838730453163912,433,0.0,0,nan,nan,nan,nan,294.0000081965509,-164.49999835296865,290.0000081965509
M8_scale,procedural,dlc_joint_transition_observer,29,8,dlcA_M8_scale_n8_seed29,ok,7,2200,300,13.571032341806283,10.025356243689403,14.203661651263669,16.51830612567232,0.49686518620992215,1.5548370718956008,14.119126795262638,10.041446459241907,14.379741205621805,17.844786349355296,3.5731194095136627,0.4672832539061545,1.3005710721015933,2.719146966934204,0.11954545454545455,0.0,2.3778136798096514,1286,0.0,0,nan,nan,nan,nan,227.50001156505095,-164.49999835296865,223.50001156505095
M8_scale,procedural,dlc_individual_transition,29,8,dlcB_M8_scale_n8_seed29,ok,7,2200,300,13.99321612429161,9.475281596591831,12.078878901219689,23.518276247276248,0.5555270272714399,0.9636348426342011,15.228775097562274,9.5038653457829,12.217358236462278,23.7649355105945,5.965340584042604,0.5370340453956504,0.9594341874122619,1.0363858938217163,0.023181818181818182,0.0,4.03403309415586,97,0.0,0,nan,nan,nan,nan,283.5000002998863,-164.49999835296865,279.5000002998863
M8_scale,procedural,dlc_joint_transition,29,8,dlcB_M8_scale_n8_seed29,ok,7,2200,300,12.304482667876274,6.726818220850966,11.385062438623624,20.967946661013976,0.6498577194682653,1.1742088913917543,13.488936503511667,7.714013577504977,11.415778715113206,22.574967814153556,5.434254449451838,0.6446150058831501,1.1461963295936586,1.669245719909668,0.26227272727272727,0.0,2.854512685969449,558,0.0,0,nan,nan,nan,nan,266.0000008390539,-164.49999835296865,262.0000008390539
M8_scale,procedural,dlc_joint_transition_observer,29,8,dlcB_M8_scale_n8_seed29,ok,7,2200,300,13.256870746670531,10.601483958921488,12.750632078564376,17.42700340620323,0.3739917748039711,0.6095576822757721,14.719249038362925,10.674611025508362,12.930247897097466,24.18603881973601,4.786557311561504,0.3727113257816315,0.6137026488780976,0.7125123143196106,0.0,0.0,3.052762199817806,800,0.0,0,nan,nan,nan,nan,251.99999571291528,-164.49999835296865,247.99999571291528
M8_scale,procedural,dlc_individual_transition,29,8,dlcC_M8_scale_n8_seed29,ok,7,2200,300,12.99680285050886,10.169791374873217,11.99694657255553,19.087298346093313,0.4176026579933731,0.5442180335521698,14.222125487135227,10.318286714811384,12.13046049871739,23.34055234649297,4.811837319710499,0.3806077712679557,0.5394846558570862,0.5704525113105774,0.0,0.0,2.624544724252029,128,0.0,0,nan,nan,nan,nan,290.5000014602424,-164.49999835296865,286.5000014602424
M8_scale,procedural,dlc_joint_transition,29,8,dlcC_M8_scale_n8_seed29,ok,7,2200,300,12.304482667876274,6.726818220850966,11.385062438623624,20.967946661013976,0.6498577194682653,1.1742088913917543,13.488936503511667,7.714013577504977,11.415778715113206,22.574967814153556,5.434254449451838,0.6446150058831501,1.1461963295936586,1.669245719909668,0.26227272727272727,0.0,2.854512685969449,558,0.0,0,nan,nan,nan,nan,266.0000008390539,-164.49999835296865,262.0000008390539
M8_scale,procedural,dlc_joint_transition_observer,29,8,dlcC_M8_scale_n8_seed29,ok,7,2200,300,13.571032341806283,10.025356243689403,14.203661651263669,16.51830612567232,0.49686518620992215,1.5548370718956008,14.119126795262638,10.041446459241907,14.379741205621805,17.844786349355296,3.5731194095136627,0.4672832539061545,1.3005710721015933,2.719146966934204,0.11954545454545455,0.0,2.3778136798096514,1286,0.0,0,nan,nan,nan,nan,227.50001156505095,-164.49999835296865,223.50001156505095
M8_scale,procedural,dlc_individual_transition,29,8,dlcD_M8_scale_n8_seed29,ok,7,2200,300,13.99321612429161,9.475281596591831,12.078878901219689,23.518276247276248,0.5555270272714399,0.9636348426342011,15.228775097562274,9.5038653457829,12.217358236462278,23.7649355105945,5.965340584042604,0.5370340453956504,0.9594341874122619,1.0363858938217163,0.023181818181818182,0.0,4.03403309415586,97,0.0,0,nan,nan,nan,nan,283.5000002998863,-164.49999835296865,279.5000002998863
M8_scale,procedural,dlc_joint_transition,29,8,dlcD_M8_scale_n8_seed29,ok,7,2200,300,12.714716258188771,9.331729885492425,12.149798674948364,19.150547948278597,0.5406479236904813,0.9115917205810548,13.86334787693551,9.325345377800021,12.308601416298206,23.167582735569372,5.44681130033631,0.5505852653991844,0.9079849064350128,0.9528706073760986,0.0,0.0,2.838730453163912,433,0.0,0,nan,nan,nan,nan,294.0000081965509,-164.49999835296865,290.0000081965509
M8_scale,procedural,dlc_joint_transition_observer,29,8,dlcD_M8_scale_n8_seed29,ok,7,2200,300,13.256870746670531,10.601483958921488,12.750632078564376,17.42700340620323,0.3739917748039711,0.6095576822757721,14.719249038362925,10.674611025508362,12.930247897097466,24.18603881973601,4.786557311561504,0.3727113257816315,0.6137026488780976,0.7125123143196106,0.0,0.0,3.052762199817806,800,0.0,0,nan,nan,nan,nan,251.99999571291528,-164.49999835296865,247.99999571291528
M8_scale,procedural,ours_dnq_dlc_seed13,29,8,ours_M8_scale_n8_seed29,ok,7,2200,300,12.496732305497602,2.411362969268907,12.306890143503164,21.570752195196494,0.7547276713581461,1.0305069446563722,13.532417111127536,2.5082306442585574,15.211716143242914,22.47363910079097,7.183139816804419,0.7307133972306143,1.0165523290634155,2.3460752964019775,0.11227272727272727,0.09136363636363637,2.610537657201779,351,0.06,2200,3.0,0.041837198726693954,7.0,23.655913978494624,262.4999992730325,-164.49999835296865,258.4999992730325
M8_scale,procedural,ours_dnq_dlc_seed21,29,8,ours_M8_scale_n8_seed29,ok,7,2200,300,13.404179723854387,7.497965386021364,13.675966847673322,18.82637099736822,0.5271130597709518,0.9579447686672211,13.807503506066269,8.568902669207754,13.782560689675837,19.08706058108178,4.531677986119033,0.5498613657294762,0.9148955941200257,3.1038498878479004,0.08,0.053636363636363635,2.7104635079380563,985,0.055,2200,3.0,0.04047294224647567,7.0,24.444444444444443,231.00000411722795,-164.49999835296865,227.00000411722795
M8_scale,procedural,ours_dnq_dlc_seed47,29,8,ours_M8_scale_n8_seed29,ok,7,2200,300,16.07743794443724,10.955059745403878,16.11764075017321,22.499519780657284,0.6324769700173974,0.905561512708664,15.909401855660366,10.90322669615997,15.763233340301216,22.499519780657284,4.456465233759872,0.6263188491958532,0.9132894217967988,1.2613693475723267,0.05590909090909091,0.0,2.3980301045905446,626,0.12227272727272727,2200,2.6545454545454548,0.053660754888585724,7.0,18.48739495798319,307.99999892207643,-164.49999835296865,303.99999892207643
M8_scale,procedural,ours_dnq_dlc_seed71,29,8,ours_M8_scale_n8_seed29,ok,7,2200,300,6.196073519789057,1.3097905790105056,2.959602665570098,17.574834988983866,1.414896544999394,2.8804442167282107,7.850176752185123,1.4426290390092982,3.321694075266244,18.871480138055176,7.297673710063212,1.307382311953909,2.8343454360961915,3.0047078132629395,0.4672727272727273,0.4127272727272727,3.4237138089785266,1103,0.0659090909090909,2200,2.367272727272727,0.03819918144611187,7.0,25.88235294117647,20.999988967270838,-405.99999584205443,16.999988967270838
M8_scale,procedural,ours_dnq_dlc_seed99,29,8,ours_M8_scale_n8_seed29,ok,7,2200,300,13.823115616384142,9.796623994861838,12.610925326193112,18.980314667919416,0.6657870511376409,0.9102779567241671,14.27512657514553,10.157521877045584,12.84608825800482,19.769446541423306,4.32848089903748,0.6629032471703249,0.9213738083839417,1.276300072669983,0.07045454545454545,0.0,2.747233476410372,413,0.12363636363636364,2200,3.0,0.06184629376989541,7.0,16.05839416058394,265.9999968253351,-164.49999835296865,261.9999968253351
M8_scale,procedural,rule_expert_gate,30,8,rule_M8_scale_n8_seed30,ok,7,2200,300,20.262894701876114,9.67641718455806,22.330963962284045,26.397228895351077,1.298525082936538,4.491850948333741,20.335361944524852,9.656353174268657,22.349067699166874,26.79537954258987,6.002224679602171,1.1920548197126932,4.363950872421265,7.8365092277526855,0.25227272727272726,0.05545454545454546,2.679202012562829,402,0.0,0,nan,nan,nan,nan,406.0000016672748,-164.50000412246675,402.0000016672748
M8_scale,procedural,dlc_individual_transition,30,8,dlcA_M8_scale_n8_seed30,ok,7,2200,300,13.047724235012254,10.379049094930231,11.951102517156608,17.298800901454044,0.3747571111572516,0.547469413280487,14.246785637803551,10.535734368744567,12.085743806741842,23.3295886206798,4.7052829499300755,0.34381224661126575,0.5468989968299866,0.561507523059845,0.0,0.0,3.0699058110962754,84,0.0,0,nan,nan,nan,nan,255.50000955156725,-164.50000412246675,251.50000955156725
M8_scale,procedural,dlc_joint_transition,30,8,dlcA_M8_scale_n8_seed30,ok,7,2200,300,7.520786644175002,7.032002957724461,7.607050996204428,8.026171549588922,21.302441669890754,36.03014869689942,9.316788312980561,7.054840729520134,7.6718549405523015,9.685092363487756,5.5584496469106375,18.522824118814686,35.661960220336915,39.603912353515625,0.905,0.0,2.9083698810054526,1974,0.0,0,nan,nan,nan,nan,38.500002527953825,-419.9999988540139,34.500002527953825
M8_scale,procedural,dlc_joint_transition_observer,30,8,dlcA_M8_scale_n8_seed30,ok,7,2200,300,13.207924359226116,8.140195548318042,12.12677456062239,19.672357427295953,0.43040486114916443,0.9000238299369813,14.07207422454573,8.304777448202483,12.365177375867365,21.536060045428233,4.55964559121082,0.40690644960010763,0.8933599293231965,1.022706389427185,0.011363636363636364,0.0,2.3964859205251394,841,0.0,0,nan,nan,nan,nan,283.50000925804306,-164.50000412246675,279.50000925804306
M8_scale,procedural,dlc_individual_transition,30,8,dlcB_M8_scale_n8_seed30,ok,7,2200,300,14.04985574659823,9.851261778778047,11.238649754940688,23.526614164840886,0.6548452014860461,0.9732559502124787,15.348842415087358,9.95282739930909,11.660423598238705,23.644857918053447,6.193309719888914,0.6053102678468713,0.9647302210330964,1.0353134870529175,0.013636363636363636,0.0,4.076844260101587,7,0.0,0,nan,nan,nan,nan,287.0000067331416,-164.50000412246675,283.0000067331416
M8_scale,procedural,dlc_joint_transition,30,8,dlcB_M8_scale_n8_seed30,ok,7,2200,300,8.524218468470742,5.994376310897746,6.479946302154323,21.42294029680834,12.909623137555624,26.174104309082033,10.261730287769925,6.009917925077398,6.606240332766443,22.386253880995408,6.7784598425511104,11.237644580724565,25.902470016479494,29.5827693939209,0.7472727272727273,0.49954545454545457,2.941885109447097,1636,0.0,0,nan,nan,nan,nan,101.50000172155944,-409.4999969278987,97.50000172155944
M8_scale,procedural,dlc_joint_transition_observer,30,8,dlcB_M8_scale_n8_seed30,ok,7,2200,300,13.895537181953655,11.79273580313748,13.257835231593791,15.859682057632991,0.3397775253417632,0.5768033802509308,15.266152751051063,11.877405858554418,13.613783267776407,24.11456034088087,4.441484909725686,0.3429511468057965,0.6164138674736023,0.7105724811553955,0.0,0.0,2.6493853865238473,569,0.0,0,nan,nan,nan,nan,342.9999994468959,-164.50000412246675,338.9999994468959
M8_scale,procedural,dlc_individual_transition,30,8,dlcC_M8_scale_n8_seed30,ok,7,2200,300,13.047724235012254,10.379049094930231,11.951102517156608,17.298800901454044,0.3747571111572516,0.547469413280487,14.246785637803551,10.535734368744567,12.085743806741842,23.3295886206798,4.7052829499300755,0.34381224661126575,0.5468989968299866,0.561507523059845,0.0,0.0,3.0699058110962754,84,0.0,0,nan,nan,nan,nan,255.50000955156725,-164.50000412246675,251.50000955156725
M8_scale,procedural,dlc_joint_transition,30,8,dlcC_M8_scale_n8_seed30,ok,7,2200,300,8.524218468470742,5.994376310897746,6.479946302154323,21.42294029680834,12.909623137555624,26.174104309082033,10.261730287769925,6.009917925077398,6.606240332766443,22.386253880995408,6.7784598425511104,11.237644580724565,25.902470016479494,29.5827693939209,0.7472727272727273,0.49954545454545457,2.941885109447097,1636,0.0,0,nan,nan,nan,nan,101.50000172155944,-409.4999969278987,97.50000172155944
M8_scale,procedural,dlc_joint_transition_observer,30,8,dlcC_M8_scale_n8_seed30,ok,7,2200,300,13.207924359226116,8.140195548318042,12.12677456062239,19.672357427295953,0.43040486114916443,0.9000238299369813,14.07207422454573,8.304777448202483,12.365177375867365,21.536060045428233,4.55964559121082,0.40690644960010763,0.8933599293231965,1.022706389427185,0.011363636363636364,0.0,2.3964859205251394,841,0.0,0,nan,nan,nan,nan,283.50000925804306,-164.50000412246675,279.50000925804306
M8_scale,procedural,dlc_individual_transition,30,8,dlcD_M8_scale_n8_seed30,ok,7,2200,300,14.04985574659823,9.851261778778047,11.238649754940688,23.526614164840886,0.6548452014860461,0.9732559502124787,15.348842415087358,9.95282739930909,11.660423598238705,23.644857918053447,6.193309719888914,0.6053102678468713,0.9647302210330964,1.0353134870529175,0.013636363636363636,0.0,4.076844260101587,7,0.0,0,nan,nan,nan,nan,287.0000067331416,-164.50000412246675,283.0000067331416
M8_scale,procedural,dlc_joint_transition,30,8,dlcD_M8_scale_n8_seed30,ok,7,2200,300,7.520786644175002,7.032002957724461,7.607050996204428,8.026171549588922,21.302441669890754,36.03014869689942,9.316788312980561,7.054840729520134,7.6718549405523015,9.685092363487756,5.5584496469106375,18.522824118814686,35.661960220336915,39.603912353515625,0.905,0.0,2.9083698810054526,1974,0.0,0,nan,nan,nan,nan,38.500002527953825,-419.9999988540139,34.500002527953825
M8_scale,procedural,dlc_joint_transition_observer,30,8,dlcD_M8_scale_n8_seed30,ok,7,2200,300,13.895537181953655,11.79273580313748,13.257835231593791,15.859682057632991,0.3397775253417632,0.5768033802509308,15.266152751051063,11.877405858554418,13.613783267776407,24.11456034088087,4.441484909725686,0.3429511468057965,0.6164138674736023,0.7105724811553955,0.0,0.0,2.6493853865238473,569,0.0,0,nan,nan,nan,nan,342.9999994468959,-164.50000412246675,338.9999994468959
M8_scale,procedural,ours_dnq_dlc_seed13,30,8,ours_M8_scale_n8_seed30,ok,7,2200,300,9.607869664549753,2.440329477027101,9.918840727948451,19.240102078842135,1.540782124423667,3.8582055568695077,10.986836060055118,2.4403329090570582,11.500425863553737,20.99974417359577,7.479070641673726,1.4085506466369737,3.6501582384109508,5.270693302154541,0.3277272727272727,0.3040909090909091,2.844019768981998,219,0.05454545454545454,2200,2.6904545454545454,0.03865393360618463,7.0,25.58139534883721,192.49999628135583,-241.50000402805438,188.49999628135583
M8_scale,procedural,ours_dnq_dlc_seed21,30,8,ours_M8_scale_n8_seed30,ok,7,2200,300,11.256638617171014,3.922020461831666,10.461442680493764,19.18275638595992,4.738472396330908,12.993036365509035,11.85521954964184,4.09475073614353,11.274853561306845,19.208782839490407,5.752255855066841,4.186193472925489,12.79484453201294,14.439504623413086,0.4390909090909091,0.1040909090909091,2.813322111484991,1084,0.06545454545454546,2200,2.6845454545454546,0.030013642564802184,7.0,32.83582089552239,388.5000039619374,-437.50000109660834,384.5000039619374
M8_scale,procedural,ours_dnq_dlc_seed47,30,8,ours_M8_scale_n8_seed30,ok,7,2200,300,16.059993918006604,11.092634099240195,15.960736912361007,22.609793729406444,0.6678592119708436,0.9549562990665437,15.906434743679043,11.083711427193595,15.541283671404457,22.626860795806365,4.632212898860815,0.6444010313733121,0.953564316034317,1.3794496059417725,0.05818181818181818,0.0,2.7602383810784605,252,0.0959090909090909,2200,2.9022727272727273,0.059572532969531605,7.0,16.666666666666668,315.0000038590724,-168.0000004594816,311.0000038590724
M8_scale,procedural,ours_dnq_dlc_seed71,30,8,ours_M8_scale_n8_seed30,ok,7,2200,300,13.669558012079039,10.268774337391159,12.244014339055617,19.06886210921051,0.7487656243700583,1.0627302289009095,14.497128494225894,10.361299957522718,12.584995384154379,22.41170771114005,4.797662933408063,0.7248270321291321,1.0457466483116151,1.7098888158798218,0.11545454545454545,0.0,2.7569453206107144,143,0.14909090909090908,2200,3.0,0.04320145520691223,7.0,22.916666666666668,269.50000920449315,-164.50000412246675,265.50000920449315
M8_scale,procedural,ours_dnq_dlc_seed99,30,8,ours_M8_scale_n8_seed30,ok,7,2200,300,14.262137920579354,10.707757198363657,12.589073408054393,19.08139798573283,0.7596226725548407,1.003037929534912,14.35572526465598,10.703223224676838,12.60210857215247,19.280242302566332,3.918354833131646,0.7553514886190268,1.0135802388191224,1.3803576231002808,0.10909090909090909,0.0,4.5594760622781445,53,0.18363636363636363,2200,3.0,0.07139608913142337,7.0,13.924050632911392,269.50000920449315,-164.50000412246675,265.50000920449315
M8_scale,procedural,rule_expert_gate,31,8,rule_M8_scale_n8_seed31,ok,7,2200,300,14.498635902107655,8.195165262633832,11.799702355769945,24.252550530403507,0.5216820166316913,1.5582411289215097,15.294677954047753,8.543836293600364,12.257253964006264,25.83881814028414,6.511689135219346,0.5200080058535773,1.295088970661164,3.425314426422119,0.16727272727272727,0.05045454545454545,2.4212412929923013,1275,0.0,0,nan,nan,nan,nan,98.00000834414345,-160.9999980610853,94.00000834414345
M8_scale,procedural,dlc_individual_transition,31,8,dlcA_M8_scale_n8_seed31,ok,7,2200,300,15.233109341477109,11.105109753014242,13.690794664553916,22.80208052447157,0.6137748449077327,0.865885978937149,15.637320666855947,11.128540705252028,13.879088186905262,22.976271816477944,4.591187656049455,0.5562695909378552,0.8645779430866242,1.2358665466308594,0.011363636363636364,0.0,2.391793416358437,470,0.0,0,nan,nan,nan,nan,111.99999788555851,-160.9999980610853,107.99999788555851
M8_scale,procedural,dlc_joint_transition,31,8,dlcA_M8_scale_n8_seed31,ok,7,2200,300,13.262316306995517,10.579962661864878,11.824479686044171,20.24980085100857,0.3168262367905424,0.5398757815361024,14.313213937015869,10.56968700495203,11.946678841357041,21.85899642454521,5.0576430260821015,0.3463435348204009,0.61131352186203,1.0485810041427612,0.007272727272727273,0.0,2.8815941904426174,1406,0.0,0,nan,nan,nan,nan,101.50000678681386,-160.9999980610853,97.50000678681386
M8_scale,procedural,dlc_joint_transition_observer,31,8,dlcA_M8_scale_n8_seed31,ok,7,2200,300,6.257342696491647,1.1230140258657844,1.2918974951618911,15.597898200228748,1.378672126641399,2.0985374450683594,7.521460637416369,1.1235607691730407,1.3808160263526152,16.239966516468332,6.8972967223064146,1.2071153080776673,2.082003140449524,2.1467370986938477,0.5527272727272727,0.008181818181818182,3.6759216369070202,257,0.0,0,nan,nan,nan,nan,10.500010906463217,-399.0000016222807,6.500010906463217
M8_scale,procedural,dlc_individual_transition,31,8,dlcB_M8_scale_n8_seed31,ok,7,2200,300,8.029446629199107,6.101332113744789,7.8548865479739725,10.86957349725337,10.240914488199211,13.20571403503418,9.358662952819689,6.071358097709213,8.11596653731568,11.777120527279335,5.136369757477372,8.86104800376756,13.154825210571289,13.518119812011719,0.8,0.45136363636363636,3.930391256716108,209,0.0,0,nan,nan,nan,nan,35.000006715868494,-601.9999932038498,31.000006715868494
M8_scale,procedural,dlc_joint_transition,31,8,dlcB_M8_scale_n8_seed31,ok,7,2200,300,12.965558516602794,10.638001830041734,12.116303293011839,16.27360308293514,0.41153110293981676,1.000393283367157,14.379927823255143,10.733877099316127,12.350507579594954,24.347922818291728,4.990137722180251,0.39865531966921647,0.9963430523872375,1.5328238010406494,0.08181818181818182,0.0,2.89722794659624,1177,0.0,0,nan,nan,nan,nan,126.00000113503734,-160.9999980610853,122.00000113503734
M8_scale,procedural,dlc_joint_transition_observer,31,8,dlcB_M8_scale_n8_seed31,ok,7,2200,300,1.7182604030581388,0.07593143514081725,0.0806909014733421,8.270514915160508,0.7572892608275441,0.9030478477478028,4.124873047717723,0.07600288105686567,0.08315029897387025,19.110201999797727,6.9895768429366685,0.6932146264272954,0.9010552406311035,0.9493133425712585,0.0,0.649090909090909,3.3409201479432586,735,0.0,0,nan,nan,nan,nan,31.500001409282277,-524.9999967227504,27.500001409282277
M8_scale,procedural,dlc_individual_transition,31,8,dlcC_M8_scale_n8_seed31,ok,7,2200,300,15.233109341477109,11.105109753014242,13.690794664553916,22.80208052447157,0.6137748449077327,0.865885978937149,15.637320666855947,11.128540705252028,13.879088186905262,22.976271816477944,4.591187656049455,0.5562695909378552,0.8645779430866242,1.2358665466308594,0.011363636363636364,0.0,2.391793416358437,470,0.0,0,nan,nan,nan,nan,111.99999788555851,-160.9999980610853,107.99999788555851
M8_scale,procedural,dlc_joint_transition,31,8,dlcC_M8_scale_n8_seed31,ok,7,2200,300,12.965558516602794,10.638001830041734,12.116303293011839,16.27360308293514,0.41153110293981676,1.000393283367157,14.379927823255143,10.733877099316127,12.350507579594954,24.347922818291728,4.990137722180251,0.39865531966921647,0.9963430523872375,1.5328238010406494,0.08181818181818182,0.0,2.89722794659624,1177,0.0,0,nan,nan,nan,nan,126.00000113503734,-160.9999980610853,122.00000113503734
M8_scale,procedural,dlc_joint_transition_observer,31,8,dlcC_M8_scale_n8_seed31,ok,7,2200,300,6.257342696491647,1.1230140258657844,1.2918974951618911,15.597898200228748,1.378672126641399,2.0985374450683594,7.521460637416369,1.1235607691730407,1.3808160263526152,16.239966516468332,6.8972967223064146,1.2071153080776673,2.082003140449524,2.1467370986938477,0.5527272727272727,0.008181818181818182,3.6759216369070202,257,0.0,0,nan,nan,nan,nan,10.500010906463217,-399.0000016222807,6.500010906463217
M8_scale,procedural,dlc_individual_transition,31,8,dlcD_M8_scale_n8_seed31,ok,7,2200,300,8.029446629199107,6.101332113744789,7.8548865479739725,10.86957349725337,10.240914488199211,13.20571403503418,9.358662952819689,6.071358097709213,8.11596653731568,11.777120527279335,5.136369757477372,8.86104800376756,13.154825210571289,13.518119812011719,0.8,0.45136363636363636,3.930391256716108,209,0.0,0,nan,nan,nan,nan,35.000006715868494,-601.9999932038498,31.000006715868494
M8_scale,procedural,dlc_joint_transition,31,8,dlcD_M8_scale_n8_seed31,ok,7,2200,300,13.262316306995517,10.579962661864878,11.824479686044171,20.24980085100857,0.3168262367905424,0.5398757815361024,14.313213937015869,10.56968700495203,11.946678841357041,21.85899642454521,5.0576430260821015,0.3463435348204009,0.61131352186203,1.0485810041427612,0.007272727272727273,0.0,2.8815941904426174,1406,0.0,0,nan,nan,nan,nan,101.50000678681386,-160.9999980610853,97.50000678681386
M8_scale,procedural,dlc_joint_transition_observer,31,8,dlcD_M8_scale_n8_seed31,ok,7,2200,300,1.7182604030581388,0.07593143514081725,0.0806909014733421,8.270514915160508,0.7572892608275441,0.9030478477478028,4.124873047717723,0.07600288105686567,0.08315029897387025,19.110201999797727,6.9895768429366685,0.6932146264272954,0.9010552406311035,0.9493133425712585,0.0,0.649090909090909,3.3409201479432586,735,0.0,0,nan,nan,nan,nan,31.500001409282277,-524.9999967227504,27.500001409282277
M8_scale,procedural,ours_dnq_dlc_seed13,31,8,ours_M8_scale_n8_seed31,ok,7,2200,300,8.765653485454504,2.8712299392473493,6.747855741045715,18.621173175871665,1.1814997137430336,2.114400601387024,10.135281366886081,2.8889362342158242,9.261956030737036,22.38908655028963,7.154846901716794,1.080398765891326,2.0977509737014772,2.2476911544799805,0.4459090909090909,0.3986363636363636,2.379255440694008,1398,0.09181818181818181,2200,2.151818181818182,0.034106412005457026,7.0,28.94736842105263,31.499998628671733,-391.99999100275,27.499998628671733
M8_scale,procedural,ours_dnq_dlc_seed21,31,8,ours_M8_scale_n8_seed31,ok,7,2200,300,11.977325023380603,2.9999339785287913,12.832473623795945,19.365550777564426,1.686848883280656,4.961129045486451,12.547692207906529,3.0000024505396508,13.215366904614953,19.374178003149712,6.0224358523290755,1.5523085569360278,4.835979843139649,6.6249847412109375,0.28136363636363637,0.19818181818181818,2.3608655242253005,622,0.06318181818181819,2200,2.9040909090909093,0.05547976352887676,7.0,17.88617886178862,35.00000745981379,-241.4999980036871,31.000007459813787
M8_scale,procedural,ours_dnq_dlc_seed47,31,8,ours_M8_scale_n8_seed31,ok,7,2200,300,15.263604525414607,10.912248177331024,14.590065932685139,22.316718646829106,0.6026688403810228,0.9388371050357823,15.825179111499386,10.944181593678492,15.089013221450713,23.130739332889778,4.532524866039161,0.5647128160168524,0.9225198924541474,1.2455095052719116,0.046363636363636364,0.0,3.576913053993255,154,0.115,2200,2.84,0.08185538881309687,7.0,12.154696132596685,199.49999966232485,-160.9999980610853,195.49999966232485
M8_scale,procedural,ours_dnq_dlc_seed71,31,8,ours_M8_scale_n8_seed31,ok,7,2200,300,10.328562367249075,2.4386051337003094,10.167537523177863,21.50223091990502,1.5217445539534826,4.103832149505616,11.377161381278887,2.4386052400778797,11.263173727011306,22.883325843669347,7.253015169110654,1.3720821394156453,3.937503576278687,5.256636142730713,0.33954545454545454,0.28454545454545455,2.9204698645476848,506,0.04090909090909091,2200,2.778636363636364,0.1145975443383356,7.0,8.695652173913043,31.50001135667685,-290.4999975986548,27.50001135667685
M8_scale,procedural,ours_dnq_dlc_seed99,31,8,ours_M8_scale_n8_seed31,ok,7,2200,300,15.1868624998614,10.973338840799462,15.00277904975749,20.38630257864517,0.558938791122361,0.9267645955085755,15.821071256479733,11.036613750757741,15.33924481152464,22.528312951194696,4.3355554487678285,0.5373069564887026,0.9125082075595856,1.25374174118042,0.035,0.0,3.1886937727739086,382,0.0959090909090909,2200,2.6359090909090908,0.09322419281491587,7.0,10.679611650485437,178.5000015893752,-160.9999980610853,174.5000015893752
M8_scale,procedural,rule_expert_gate,32,8,rule_M8_scale_n8_seed32,ok,7,2200,300,12.631333506751146,8.567821441051791,13.095545815590231,14.515043750562752,1.9099532610491703,3.2792132854461675,13.609246888181367,8.611958450084135,13.187581584090731,15.722819372649735,4.3143956349445105,1.7351630547100847,2.973799753189088,4.45810079574585,0.889090909090909,0.3931818181818182,3.9266757791461275,325,0.0,0,nan,nan,nan,nan,35.00001079535741,-532.0000071933287,31.00001079535741
M8_scale,procedural,dlc_individual_transition,32,8,dlcA_M8_scale_n8_seed32,ok,7,2200,300,13.659356583733139,11.188691333626005,12.410166559644843,20.57394421638861,0.3320416028600946,0.46088892221450806,14.774601742976792,11.238239510711132,12.598788825703203,22.672950721972036,4.396647017921324,0.308918221734533,0.4591433256864548,0.5520485639572144,0.0,0.0,3.5996419447989174,220,0.0,0,nan,nan,nan,nan,203.0000021982653,-164.50000426082727,199.0000021982653
M8_scale,procedural,dlc_joint_transition,32,8,dlcA_M8_scale_n8_seed32,ok,7,2200,300,14.67136488412863,9.017795987590992,13.597447330485407,22.33723711073597,0.8731056438504081,2.8899758815765386,15.38324443477361,8.620298721026204,14.137998304930559,23.904069677156876,5.673746500546939,0.8689153791523793,2.7070481061935436,3.4769668579101562,0.2318181818181818,0.0,2.855537712556631,608,0.0,0,nan,nan,nan,nan,315.00000483047006,-164.50000426082727,311.00000483047006
M8_scale,procedural,dlc_joint_transition_observer,32,8,dlcA_M8_scale_n8_seed32,ok,7,2200,300,12.310998168429938,8.635307959874044,11.143616318254397,18.057471383018434,0.6076262728463074,0.9472170054912569,13.20251628534312,8.889257234905713,11.360613683060421,20.05243565068693,4.18910665782768,0.5717715167289927,0.8963187098503116,1.3602508306503296,0.07727272727272727,0.0,2.8571873202429376,1374,0.0,0,nan,nan,nan,nan,125.9999991111672,-164.50000426082727,121.9999991111672
M8_scale,procedural,dlc_individual_transition,32,8,dlcB_M8_scale_n8_seed32,ok,7,2200,300,8.336978342808447,0.9097462967259999,7.6227275457029915,19.57542241277668,0.8549581815931474,1.2966498255729675,10.4046920133629,0.9097921689360241,10.453827097235525,23.44772999851465,9.038749451774061,0.7723100302505322,1.290087628364563,1.3271886110305786,0.40954545454545455,0.0,2.8210301326266327,220,0.0,0,nan,nan,nan,nan,87.5000037056036,-245.00000009219207,83.5000037056036
M8_scale,procedural,dlc_joint_transition,32,8,dlcB_M8_scale_n8_seed32,ok,7,2200,300,13.153596532782501,6.7124132362714395,11.509392058296534,22.318769217369375,0.7477791942781646,1.0029377222061158,14.287285096269983,7.262041718804617,11.515771605732764,23.51423887672472,5.981644619852358,0.6698925706163176,1.002637255191803,1.1856569051742554,0.205,0.0,4.410725134792481,9,0.0,0,nan,nan,nan,nan,192.50000088684624,-164.50000426082727,188.50000088684624
M8_scale,procedural,dlc_joint_transition_observer,32,8,dlcB_M8_scale_n8_seed32,ok,7,2200,300,13.277377180097991,9.048001220530761,12.76061164558324,19.264203278963876,0.3113833019071669,0.4709162473678589,14.721615236741709,9.104562855691498,13.019652877126891,24.022784529398596,5.208409111642111,0.3155157628370613,0.5314472377300263,0.72420334815979,0.0,0.0,2.772122377583356,830,0.0,0,nan,nan,nan,nan,301.00000238994244,-164.50000426082727,297.00000238994244
M8_scale,procedural,dlc_individual_transition,32,8,dlcC_M8_scale_n8_seed32,ok,7,2200,300,13.659356583733139,11.188691333626005,12.410166559644843,20.57394421638861,0.3320416028600946,0.46088892221450806,14.774601742976792,11.238239510711132,12.598788825703203,22.672950721972036,4.396647017921324,0.308918221734533,0.4591433256864548,0.5520485639572144,0.0,0.0,3.5996419447989174,220,0.0,0,nan,nan,nan,nan,203.0000021982653,-164.50000426082727,199.0000021982653
M8_scale,procedural,dlc_joint_transition,32,8,dlcC_M8_scale_n8_seed32,ok,7,2200,300,13.153596532782501,6.7124132362714395,11.509392058296534,22.318769217369375,0.7477791942781646,1.0029377222061158,14.287285096269983,7.262041718804617,11.515771605732764,23.51423887672472,5.981644619852358,0.6698925706163176,1.002637255191803,1.1856569051742554,0.205,0.0,4.410725134792481,9,0.0,0,nan,nan,nan,nan,192.50000088684624,-164.50000426082727,188.50000088684624
M8_scale,procedural,dlc_joint_transition_observer,32,8,dlcC_M8_scale_n8_seed32,ok,7,2200,300,12.310998168429938,8.635307959874044,11.143616318254397,18.057471383018434,0.6076262728463074,0.9472170054912569,13.20251628534312,8.889257234905713,11.360613683060421,20.05243565068693,4.18910665782768,0.5717715167289927,0.8963187098503116,1.3602508306503296,0.07727272727272727,0.0,2.8571873202429376,1374,0.0,0,nan,nan,nan,nan,125.9999991111672,-164.50000426082727,121.9999991111672
M8_scale,procedural,dlc_individual_transition,32,8,dlcD_M8_scale_n8_seed32,ok,7,2200,300,8.336978342808447,0.9097462967259999,7.6227275457029915,19.57542241277668,0.8549581815931474,1.2966498255729675,10.4046920133629,0.9097921689360241,10.453827097235525,23.44772999851465,9.038749451774061,0.7723100302505322,1.290087628364563,1.3271886110305786,0.40954545454545455,0.0,2.8210301326266327,220,0.0,0,nan,nan,nan,nan,87.5000037056036,-245.00000009219207,83.5000037056036
M8_scale,procedural,dlc_joint_transition,32,8,dlcD_M8_scale_n8_seed32,ok,7,2200,300,14.67136488412863,9.017795987590992,13.597447330485407,22.33723711073597,0.8731056438504081,2.8899758815765386,15.38324443477361,8.620298721026204,14.137998304930559,23.904069677156876,5.673746500546939,0.8689153791523793,2.7070481061935436,3.4769668579101562,0.2318181818181818,0.0,2.855537712556631,608,0.0,0,nan,nan,nan,nan,315.00000483047006,-164.50000426082727,311.00000483047006
M8_scale,procedural,dlc_joint_transition_observer,32,8,dlcD_M8_scale_n8_seed32,ok,7,2200,300,13.277377180097991,9.048001220530761,12.76061164558324,19.264203278963876,0.3113833019071669,0.4709162473678589,14.721615236741709,9.104562855691498,13.019652877126891,24.022784529398596,5.208409111642111,0.3155157628370613,0.5314472377300263,0.72420334815979,0.0,0.0,2.772122377583356,830,0.0,0,nan,nan,nan,nan,301.00000238994244,-164.50000426082727,297.00000238994244
M8_scale,procedural,ours_dnq_dlc_seed13,32,8,ours_M8_scale_n8_seed32,ok,7,2200,300,14.710287265241197,10.58002633179222,12.826261233116497,19.607673761840175,0.7700445453509517,1.1001481652259828,15.399186849260024,10.665245134567119,15.752103261839405,21.60594505587612,4.447600529035327,0.743381256847272,1.0512151122093203,1.4204930067062378,0.11863636363636364,0.0,2.7549148803207273,173,0.16363636363636364,2200,3.0,0.05820827648931332,7.0,17.05426356589147,94.50000680287576,-164.50000426082727,90.50000680287576
M8_scale,procedural,ours_dnq_dlc_seed21,32,8,ours_M8_scale_n8_seed32,ok,7,2200,300,13.04621497241776,1.3258215617965292,12.387221989615053,20.150105836160424,0.688162274915682,0.9672740876674653,13.344244001771942,1.9109458807361281,12.618630712768475,19.806710575733533,6.392016328791712,0.6981241685881502,0.9482618927955627,1.4411996603012085,0.07136363636363637,0.08272727272727273,3.115328381434694,477,0.19954545454545455,2200,3.0,0.06457480673033197,7.0,15.384615384615385,139.9999975665287,-164.50000426082727,135.9999975665287
M8_scale,procedural,ours_dnq_dlc_seed47,32,8,ours_M8_scale_n8_seed32,ok,7,2200,300,14.378696061590944,3.1804246341031925,13.70157571922017,23.25543843252098,0.7639490822131445,1.7929307937622072,14.835570253261364,3.3314573063021196,14.981884778840417,23.278459863426352,6.653645571577875,0.739676956464735,1.7095598459243775,2.4898784160614014,0.17772727272727273,0.1190909090909091,2.7144505242499477,642,0.06636363636363636,2200,3.0,0.0572987721691678,7.0,17.322834645669293,276.5000021560934,-164.50000426082727,272.5000021560934
M8_scale,procedural,ours_dnq_dlc_seed71,32,8,ours_M8_scale_n8_seed32,ok,7,2200,300,16.083868042729787,11.189466079086143,16.65138667809379,22.23653263475389,0.6877584822240399,0.9262303352355958,16.614381010730575,11.281983340552385,17.145827090970826,22.857081503186194,4.124971481909343,0.6679307792521815,0.9117252409458161,1.18475341796875,0.04409090909090909,0.0,2.8830158410963986,30,0.10227272727272728,2200,2.663181818181818,0.06457480673033197,7.0,15.384615384615385,252.0000049984783,-164.50000426082727,248.0000049984783
M8_scale,procedural,ours_dnq_dlc_seed99,32,8,ours_M8_scale_n8_seed32,ok,7,2200,300,6.810637753341505,2.4501552771859103,3.4787550135754914,13.85046687078699,5.177172931097019,10.168834495544436,8.817177656519466,2.4528296896225332,3.4829303024104976,22.058717308272733,7.098533185388722,4.521386162802956,9.800062084197998,11.517511367797852,0.7077272727272728,0.5195454545454545,2.788824839787026,330,0.018636363636363635,2200,1.3218181818181818,0.03728967712596635,7.0,26.50602409638554,35.00000602154978,-378.0000016503343,31.00000602154978
M10_scale,procedural,rule_expert_gate,21,10,rule_M10_scale_n10_seed21,ok,9,2200,300,12.411592879230314,6.946590704810829,10.054446581423777,25.125412858831286,2.805085627362287,6.154793977737428,13.354830664432251,7.218159098834408,10.080383131766041,26.27348052881095,6.6597168548885435,2.460439085465175,6.023010015487672,7.088518142700195,0.6354545454545455,0.03727272727272727,2.802573890156196,1620,0.0,0,nan,nan,nan,nan,133.00000158440696,-269.5000036807887,129.00000158440696
M10_scale,procedural,dlc_individual_transition,21,10,dlcA_M10_scale_n10_seed21,ok,9,2200,300,16.827838933805975,9.606055368841439,18.509553898912152,23.070151850520187,0.5991029026029565,0.8864104211330416,17.335500697235098,9.665735210533919,20.122585712019188,23.04096031403678,5.391425698191546,0.5508785298638031,0.8658949315547944,0.9490336179733276,0.0,0.0,3.287361800018323,0,0.0,0,nan,nan,nan,nan,237.9999966332207,-217.00000080735924,233.9999966332207
M10_scale,procedural,dlc_joint_transition,21,10,dlcA_M10_scale_n10_seed21,ok,9,2200,300,16.203782549728853,11.6148357391001,14.389604468005913,22.980039260472175,0.6418292025123772,0.9895406484603883,16.540653741596373,11.671741650443478,15.816095612731644,22.94246454128403,4.541252594995492,0.6119535830274055,0.9867909371852875,1.0397816896438599,0.017272727272727273,0.0,3.07271884428305,449,0.0,0,nan,nan,nan,nan,196.000002400752,-217.00000080735924,192.000002400752
M10_scale,procedural,dlc_joint_transition_observer,21,10,dlcA_M10_scale_n10_seed21,ok,9,2200,300,13.334088670285519,11.830432293180866,12.69965743556711,16.345254303726243,0.4425361538060947,1.0175038695335388,13.08904320407712,11.52011408987421,12.619920117442152,16.312774549474387,2.0114568882720922,0.4383718395045699,1.005093252658844,1.256280541419983,0.10772727272727273,0.0,2.3940991993400647,1496,0.0,0,nan,nan,nan,nan,31.500002189260158,-220.5000043099633,27.500002189260158
M10_scale,procedural,dlc_individual_transition,21,10,dlcB_M10_scale_n10_seed21,ok,9,2200,300,22.721846246808227,21.430136620032492,23.631196483649152,25.272926599428533,0.7722643927934482,1.3585230469703677,22.23900697645754,19.291497941479843,22.877354904837944,25.264507371611007,3.280150398035232,0.6963669651902323,1.1021935582160958,1.786236047744751,0.10363636363636364,0.0,3.9213821831537903,0,0.0,0,nan,nan,nan,nan,444.50000165945767,-217.00000080735924,440.50000165945767
M10_scale,procedural,dlc_joint_transition,21,10,dlcB_M10_scale_n10_seed21,ok,9,2200,300,16.019701879558863,10.511238472285806,14.709008657116945,21.947024158310764,0.4746504040378367,0.7587070882320404,16.326774854212147,10.584565666091528,16.28908335421617,21.670403045892634,4.525993056755519,0.4415001479447206,0.7409060657024384,0.96462082862854,0.0,0.0,4.121413606485477,0,0.0,0,nan,nan,nan,nan,192.50000671742214,-217.00000080735924,188.50000671742214
M10_scale,procedural,dlc_joint_transition_observer,21,10,dlcB_M10_scale_n10_seed21,ok,9,2200,300,17.214459823279633,15.464771376005105,17.414753425517574,18.362172411989615,3.4025506099274283,8.024064350128176,17.291009606680625,15.464733791686129,17.701002642327936,18.886455319842533,1.634072229296236,3.043698620844886,7.31396541595459,13.558648109436035,0.9040909090909091,0.007727272727272728,3.545193647288191,4,0.0,0,nan,nan,nan,nan,413.00000182804115,-332.50000252696236,409.00000182804115
M10_scale,procedural,dlc_individual_transition,21,10,dlcC_M10_scale_n10_seed21,ok,9,2200,300,22.721846246808227,21.430136620032492,23.631196483649152,25.272926599428533,0.7722643927934482,1.3585230469703677,22.23900697645754,19.291497941479843,22.877354904837944,25.264507371611007,3.280150398035232,0.6963669651902323,1.1021935582160958,1.786236047744751,0.10363636363636364,0.0,3.9213821831537903,0,0.0,0,nan,nan,nan,nan,444.50000165945767,-217.00000080735924,440.50000165945767
M10_scale,procedural,dlc_joint_transition,21,10,dlcC_M10_scale_n10_seed21,ok,9,2200,300,16.203782549728853,11.6148357391001,14.389604468005913,22.980039260472175,0.6418292025123772,0.9895406484603883,16.540653741596373,11.671741650443478,15.816095612731644,22.94246454128403,4.541252594995492,0.6119535830274055,0.9867909371852875,1.0397816896438599,0.017272727272727273,0.0,3.07271884428305,449,0.0,0,nan,nan,nan,nan,196.000002400752,-217.00000080735924,192.000002400752
M10_scale,procedural,dlc_joint_transition_observer,21,10,dlcC_M10_scale_n10_seed21,ok,9,2200,300,17.214459823279633,15.464771376005105,17.414753425517574,18.362172411989615,3.4025506099274283,8.024064350128176,17.291009606680625,15.464733791686129,17.701002642327936,18.886455319842533,1.634072229296236,3.043698620844886,7.31396541595459,13.558648109436035,0.9040909090909091,0.007727272727272728,3.545193647288191,4,0.0,0,nan,nan,nan,nan,413.00000182804115,-332.50000252696236,409.00000182804115
M10_scale,procedural,dlc_individual_transition,21,10,dlcD_M10_scale_n10_seed21,ok,9,2200,300,16.827838933805975,9.606055368841439,18.509553898912152,23.070151850520187,0.5991029026029565,0.8864104211330416,17.335500697235098,9.665735210533919,20.122585712019188,23.04096031403678,5.391425698191546,0.5508785298638031,0.8658949315547944,0.9490336179733276,0.0,0.0,3.287361800018323,0,0.0,0,nan,nan,nan,nan,237.9999966332207,-217.00000080735924,233.9999966332207
M10_scale,procedural,dlc_joint_transition,21,10,dlcD_M10_scale_n10_seed21,ok,9,2200,300,16.019701879558863,10.511238472285806,14.709008657116945,21.947024158310764,0.4746504040378367,0.7587070882320404,16.326774854212147,10.584565666091528,16.28908335421617,21.670403045892634,4.525993056755519,0.4415001479447206,0.7409060657024384,0.96462082862854,0.0,0.0,4.121413606485477,0,0.0,0,nan,nan,nan,nan,192.50000671742214,-217.00000080735924,188.50000671742214
M10_scale,procedural,dlc_joint_transition_observer,21,10,dlcD_M10_scale_n10_seed21,ok,9,2200,300,13.334088670285519,11.830432293180866,12.69965743556711,16.345254303726243,0.4425361538060947,1.0175038695335388,13.08904320407712,11.52011408987421,12.619920117442152,16.312774549474387,2.0114568882720922,0.4383718395045699,1.005093252658844,1.256280541419983,0.10772727272727273,0.0,2.3940991993400647,1496,0.0,0,nan,nan,nan,nan,31.500002189260158,-220.5000043099633,27.500002189260158
M10_scale,procedural,ours_dnq_dlc_seed13,21,10,ours_M10_scale_n10_seed21,ok,9,2200,300,15.521959725125944,8.349329541085314,16.77223744488731,22.773189066148912,0.9365333225181032,1.3371554970741302,15.159735368517401,6.759291653726421,16.760039635766894,22.749436404490247,5.962624734137897,0.871924041126516,1.2755770683288574,5.062304973602295,0.15318181818181817,0.024545454545454544,2.9897924460626517,354,0.08318181818181818,2200,3.0,0.10140973169622555,9.0,9.821428571428571,147.00000518544812,-231.00000160165678,143.00000518544812
M10_scale,procedural,ours_dnq_dlc_seed21,21,10,ours_M10_scale_n10_seed21,ok,9,2200,300,12.895708537156128,6.262661097416976,11.818658934674827,19.69765696784766,0.9488334453606972,2.122773432731629,12.639172707173653,6.048905406810978,11.778203917276784,19.518247833594142,4.97906299042011,0.9016730282270344,2.0693345546722415,3.0941576957702637,0.28545454545454546,0.0,4.387075601424375,711,0.09,2200,2.4222727272727274,0.01227830832196453,5.0,78.57142857142857,59.499998708548446,-276.5000047534404,55.499998708548446
M10_scale,procedural,ours_dnq_dlc_seed47,21,10,ours_M10_scale_n10_seed21,ok,9,2200,300,15.031305558399058,10.855623952827624,13.173576973963883,21.128728548602798,0.6691698994496867,0.8955530464649201,15.181213749722042,10.722435836161578,13.91961974776468,22.428431916859584,4.72068791666059,0.6487355228764963,0.8846749246120453,1.2078146934509277,0.02909090909090909,0.0,2.826316179237815,259,0.14863636363636365,2200,3.0,0.0482037289677126,8.0,20.560747663551403,133.00000424316795,-224.00000234083336,129.00000424316795
M10_scale,procedural,ours_dnq_dlc_seed71,21,10,ours_M10_scale_n10_seed21,ok,9,2200,300,15.75645870749204,8.592552075865092,15.432097936921656,23.461975352240742,0.511875974241754,0.9322232604026798,14.984314393436447,7.5759267935719725,14.514811637019672,23.341982476390843,5.958417239436488,0.5212821156208041,0.9623700201511384,2.6331255435943604,0.07454545454545454,0.0,2.8862054416080922,576,0.07045454545454545,2200,2.8004545454545453,0.020463847203274217,8.0,47.82608695652174,154.00000511317467,-231.0000058373471,150.00000511317467
M10_scale,procedural,ours_dnq_dlc_seed99,21,10,ours_M10_scale_n10_seed21,ok,9,2200,300,15.554242152461757,10.928309855906775,15.40017063509648,22.718934615148864,0.7079043273374095,0.9427697062492373,16.022656750006842,10.965589674188667,16.114397779196256,23.317690915649006,4.7957540188402055,0.6791519702777309,0.9691007316112519,1.45763099193573,0.07590909090909091,0.0,2.807154819586664,108,0.16090909090909092,2200,3.0,0.058663028649386086,9.0,16.923076923076923,161.00000391419871,-217.00000080735924,157.00000391419871
M10_scale,procedural,rule_expert_gate,22,10,rule_M10_scale_n10_seed22,ok,9,2200,300,15.972531872128066,12.39084603321303,14.534310288757622,22.243256898888863,0.794119236166834,1.848812353610993,17.01502461109539,12.505487573897376,14.816477367208513,26.51041326018738,5.0179435986908345,0.7222964878227371,1.7938076734542847,2.858883857727051,0.3322727272727273,0.11409090909090909,2.578048649676959,945,0.0,0,nan,nan,nan,nan,150.5000082959566,-213.50000217183674,146.5000082959566
M10_scale,procedural,dlc_individual_transition,22,10,dlcA_M10_scale_n10_seed22,ok,9,2200,300,6.685057806116063,0.48324943851842045,1.0461870766628458,21.578698842782924,1.4110445568906633,2.1948481082916262,8.34906394911494,0.4911885173692845,1.4754196707389957,21.40745647857309,9.124082155080384,1.2577019547111228,2.1716549396514893,2.2645533084869385,0.5804545454545454,0.3245454545454545,3.0211006178240973,1371,0.0,0,nan,nan,nan,nan,136.5000048681194,-398.99999972413366,132.5000048681194
M10_scale,procedural,dlc_joint_transition,22,10,dlcA_M10_scale_n10_seed22,ok,9,2200,300,17.04857544686351,11.52254760512042,19.149533079447174,21.47810615293173,0.7411852277162191,0.9919540286064148,17.39639577944199,11.929920650999822,19.830823360135568,21.44909793049724,4.243611195105363,0.7020454272569623,0.9904209911823273,1.0644822120666504,0.038636363636363635,0.0,2.7109793222581864,40,0.0,0,nan,nan,nan,nan,248.5000021105643,-213.50000217183674,244.5000021105643
M10_scale,procedural,dlc_joint_transition_observer,22,10,dlcA_M10_scale_n10_seed22,ok,9,2200,300,17.475877149176302,12.693156044601015,17.938823797797237,21.862465819264322,4.227389583394933,10.275144386291505,17.680841773083483,12.773037575077922,18.229426968814206,21.29580456658782,3.274020293126561,3.755722916359651,10.149203968048097,10.849276542663574,0.5768181818181818,0.15318181818181817,3.013890804381932,120,0.0,0,nan,nan,nan,nan,245.0000037518671,-213.50000217183674,241.0000037518671
M10_scale,procedural,dlc_individual_transition,22,10,dlcB_M10_scale_n10_seed22,ok,9,2200,300,11.357338033396962,5.383128355368603,11.813875691774728,18.576521830513506,1.0172158537646387,2.9799921751022342,12.195419566051353,5.383677883231818,12.307633659519768,19.330740804891636,4.818236512027704,0.942935682459184,2.773258733749391,3.7777624130249023,0.2290909090909091,0.017727272727272727,3.365306357969169,229,0.0,0,nan,nan,nan,nan,63.0000038304554,-276.5000035449402,59.0000038304554
M10_scale,procedural,dlc_joint_transition,22,10,dlcB_M10_scale_n10_seed22,ok,9,2200,300,13.425553556619443,3.5759284077112254,11.044448230508406,23.576690484965166,0.9730789288800014,1.6845615267753609,14.026892780606346,4.476099961261063,12.443059713813096,22.542397039669538,6.677352651082988,0.8790524031322142,1.649391078948975,2.3759114742279053,0.21727272727272728,0.06181818181818182,2.865695685854739,399,0.0,0,nan,nan,nan,nan,133.0000046873546,-213.50000217183674,129.0000046873546
M10_scale,procedural,dlc_joint_transition_observer,22,10,dlcB_M10_scale_n10_seed22,ok,9,2200,300,18.963053400217632,18.380202613349503,18.760772266610953,20.06303880605395,2.5802541389590816,5.69028644561768,18.78481440463294,17.407474933161172,18.76362953426291,20.050088913709597,1.587702247729754,2.284265108768278,4.794793987274174,9.745938301086426,0.7981818181818182,0.005,2.6777698637985594,13,0.0,0,nan,nan,nan,nan,398.9999973845288,-213.50000217183674,394.9999973845288
M10_scale,procedural,dlc_individual_transition,22,10,dlcC_M10_scale_n10_seed22,ok,9,2200,300,11.357338033396962,5.383128355368603,11.813875691774728,18.576521830513506,1.0172158537646387,2.9799921751022342,12.195419566051353,5.383677883231818,12.307633659519768,19.330740804891636,4.818236512027704,0.942935682459184,2.773258733749391,3.7777624130249023,0.2290909090909091,0.017727272727272727,3.365306357969169,229,0.0,0,nan,nan,nan,nan,63.0000038304554,-276.5000035449402,59.0000038304554
M10_scale,procedural,dlc_joint_transition,22,10,dlcC_M10_scale_n10_seed22,ok,9,2200,300,17.04857544686351,11.52254760512042,19.149533079447174,21.47810615293173,0.7411852277162191,0.9919540286064148,17.39639577944199,11.929920650999822,19.830823360135568,21.44909793049724,4.243611195105363,0.7020454272569623,0.9904209911823273,1.0644822120666504,0.038636363636363635,0.0,2.7109793222581864,40,0.0,0,nan,nan,nan,nan,248.5000021105643,-213.50000217183674,244.5000021105643
M10_scale,procedural,dlc_joint_transition_observer,22,10,dlcC_M10_scale_n10_seed22,ok,9,2200,300,18.963053400217632,18.380202613349503,18.760772266610953,20.06303880605395,2.5802541389590816,5.69028644561768,18.78481440463294,17.407474933161172,18.76362953426291,20.050088913709597,1.587702247729754,2.284265108768278,4.794793987274174,9.745938301086426,0.7981818181818182,0.005,2.6777698637985594,13,0.0,0,nan,nan,nan,nan,398.9999973845288,-213.50000217183674,394.9999973845288
M10_scale,procedural,dlc_individual_transition,22,10,dlcD_M10_scale_n10_seed22,ok,9,2200,300,6.685057806116063,0.48324943851842045,1.0461870766628458,21.578698842782924,1.4110445568906633,2.1948481082916262,8.34906394911494,0.4911885173692845,1.4754196707389957,21.40745647857309,9.124082155080384,1.2577019547111228,2.1716549396514893,2.2645533084869385,0.5804545454545454,0.3245454545454545,3.0211006178240973,1371,0.0,0,nan,nan,nan,nan,136.5000048681194,-398.99999972413366,132.5000048681194
M10_scale,procedural,dlc_joint_transition,22,10,dlcD_M10_scale_n10_seed22,ok,9,2200,300,13.425553556619443,3.5759284077112254,11.044448230508406,23.576690484965166,0.9730789288800014,1.6845615267753609,14.026892780606346,4.476099961261063,12.443059713813096,22.542397039669538,6.677352651082988,0.8790524031322142,1.649391078948975,2.3759114742279053,0.21727272727272728,0.06181818181818182,2.865695685854739,399,0.0,0,nan,nan,nan,nan,133.0000046873546,-213.50000217183674,129.0000046873546
M10_scale,procedural,dlc_joint_transition_observer,22,10,dlcD_M10_scale_n10_seed22,ok,9,2200,300,17.475877149176302,12.693156044601015,17.938823797797237,21.862465819264322,4.227389583394933,10.275144386291505,17.680841773083483,12.773037575077922,18.229426968814206,21.29580456658782,3.274020293126561,3.755722916359651,10.149203968048097,10.849276542663574,0.5768181818181818,0.15318181818181817,3.013890804381932,120,0.0,0,nan,nan,nan,nan,245.0000037518671,-213.50000217183674,241.0000037518671
M10_scale,procedural,ours_dnq_dlc_seed13,22,10,ours_M10_scale_n10_seed22,ok,9,2200,300,17.19449909444443,11.148104035944082,18.040001046414652,23.022539900296128,0.5600732089704099,0.7608773529529574,17.519216295653894,11.170122949215985,18.38818434312922,23.10140457971238,5.099661333111869,0.5600435200780207,0.7418579280376435,0.8543903827667236,0.0,0.0,2.6098529551432192,158,0.045454545454545456,2200,3.0,0.058663028649386086,9.0,16.923076923076923,206.50000242461851,-213.50000217183674,202.50000242461851
M10_scale,procedural,ours_dnq_dlc_seed21,22,10,ours_M10_scale_n10_seed22,ok,9,2200,300,15.73357728903324,10.674556760272846,14.957704853731975,22.605660648102003,0.5053824669840795,0.8362315714359285,15.446550832001646,10.61782075050249,14.653064038445377,22.35801502124928,4.468615834131952,0.5418092650524341,0.8377471625804901,0.9512901306152344,0.0,0.0,3.9473732381579616,632,0.07681818181818181,2200,3.0,0.05184174624829468,9.0,19.130434782608695,112.0000018432745,-213.50000217183674,108.0000018432745
M10_scale,procedural,ours_dnq_dlc_seed47,22,10,ours_M10_scale_n10_seed22,ok,9,2200,300,7.7372867529304825,2.453201908473786,8.734183169319767,11.964808064647391,3.64145185583026,9.134362888336183,9.37808600510188,2.4532029799388,9.950882338250537,19.251957609906967,6.123307789070501,3.198801600789388,8.737055969238282,10.650406837463379,0.4909090909090909,0.32272727272727275,5.004672257809291,698,0.02181818181818182,2200,1.8877272727272727,0.02501136880400182,7.0,39.285714285714285,49.00000314652539,-430.50000068657437,45.00000314652539
M10_scale,procedural,ours_dnq_dlc_seed71,22,10,ours_M10_scale_n10_seed22,ok,9,2200,300,17.4239075110185,11.387910090485665,17.98969909363378,23.276603868432282,0.5352791967806958,0.8387635648250581,17.57042118029818,11.379081419028289,18.286093578740328,23.349083607281674,4.64580752153805,0.5485238040962775,0.8403528451919556,1.1422079801559448,0.021363636363636362,0.0,3.279272119533806,256,0.07863636363636364,2200,3.0,0.04638472032742155,9.0,21.359223300970875,196.0000032392727,-213.50000217183674,192.0000032392727
M10_scale,procedural,ours_dnq_dlc_seed99,22,10,ours_M10_scale_n10_seed22,ok,9,2200,300,7.667721972715806,1.2159434839264998,2.1659759936612204,22.44229033893285,2.053991700550434,5.271699476242066,9.199206317711841,1.2688280719167677,2.6271932403231615,22.78250215947756,8.885382291211505,1.8529958708164287,5.095402717590333,6.402497291564941,0.4022727272727273,0.5045454545454545,3.067864111033727,1295,0.03272727272727273,2200,3.0,0.04047294224647567,7.0,24.444444444444443,119.00000325676626,-427.0000049858427,115.00000325676626
M10_scale,procedural,rule_expert_gate,23,10,rule_M10_scale_n10_seed23,ok,9,2200,300,11.72271993396296,7.992831908091237,11.631694066470157,14.688128291156112,1.924737418293953,2.6508821487426766,12.675536296010712,8.222698754186409,11.68532486122535,15.747244124841515,4.583117593003202,1.7093578426960052,2.5581398725509645,3.399832010269165,0.8472727272727273,0.5109090909090909,4.143631098320521,415,0.0,0,nan,nan,nan,nan,52.49999847951153,-612.4999965534539,48.49999847951153
M10_scale,procedural,dlc_individual_transition,23,10,dlcA_M10_scale_n10_seed23,ok,9,2200,300,21.538496461414997,18.748390825035745,22.54193086517491,23.78191448078887,0.8931414511171706,0.9882275819778442,21.135121664815955,18.357704347758744,21.39212505870206,23.775108128678188,2.5899798114452985,0.8091180657101623,0.9860866367816925,3.398465394973755,0.07181818181818182,0.0,2.889087774774859,12,0.0,0,nan,nan,nan,nan,346.4999986707294,-213.5000068647097,342.4999986707294
M10_scale,procedural,dlc_joint_transition,23,10,dlcA_M10_scale_n10_seed23,ok,9,2200,300,18.349027476635126,14.04007203398736,15.524427608139021,28.469660854884825,0.8232057498043134,0.9996274411678314,18.401259970001462,14.099913044786005,16.165280774835345,28.317543430798946,5.401435744728705,0.7746312346307043,0.999006587266922,1.031659722328186,0.07818181818181819,0.0,2.93059280332748,15,0.0,0,nan,nan,nan,nan,290.5000003516832,-213.5000068647097,286.5000003516832
M10_scale,procedural,dlc_joint_transition_observer,23,10,dlcA_M10_scale_n10_seed23,ok,9,2200,300,14.479653839078757,7.896003094521862,15.245624978495519,19.119778191611566,1.0152103023792505,3.0508214473724378,15.038271643932953,8.208653913117015,15.476161727783936,19.4737701119332,3.9834039928815064,0.9966103580503246,2.9069969177246104,4.663999080657959,0.35909090909090907,0.0,2.669606146571753,1386,0.0,0,nan,nan,nan,nan,192.50000075701905,-213.5000068647097,188.50000075701905
M10_scale,procedural,dlc_individual_transition,23,10,dlcB_M10_scale_n10_seed23,ok,9,2200,300,15.509907527470025,9.571223108048349,16.615325406440526,21.49764426336779,0.5055871207441248,0.8257948696613312,15.887337701220085,9.960220038419282,17.07782384850657,21.593679193588297,3.976682877623853,0.5000060627455142,0.816358631849289,0.9709043502807617,0.0,0.0,3.3072546387800235,486,0.0,0,nan,nan,nan,nan,167.9999985467091,-213.5000068647097,163.9999985467091
M10_scale,procedural,dlc_joint_transition,23,10,dlcB_M10_scale_n10_seed23,ok,9,2200,300,16.919774835598844,11.990297430226988,15.09936162064202,25.187537082940167,0.35618110374326967,0.908720535039902,16.969209106293466,12.189608988537332,15.227657297308266,25.105872519704825,4.48987712029106,0.3436730582997552,0.8566339790821076,1.056895136833191,0.01090909090909091,0.0,3.859949872896261,152,0.0,0,nan,nan,nan,nan,223.99999785477348,-213.5000068647097,219.99999785477348
M10_scale,procedural,dlc_joint_transition_observer,23,10,dlcB_M10_scale_n10_seed23,ok,9,2200,300,15.008205703254944,8.828859442638091,16.112560231195758,19.627201621652016,1.248941705774908,1.7080214858055116,15.372740849802451,8.830909402104227,16.119660429814793,19.79935534842177,4.123884063646459,1.1328433060584675,1.6731934905052186,1.9429783821105957,0.6890909090909091,0.0,5.044805823635273,28,0.0,0,nan,nan,nan,nan,185.4999996970662,-213.50000730920704,181.4999996970662
M10_scale,procedural,dlc_individual_transition,23,10,dlcC_M10_scale_n10_seed23,ok,9,2200,300,15.509907527470025,9.571223108048349,16.615325406440526,21.49764426336779,0.5055871207441248,0.8257948696613312,15.887337701220085,9.960220038419282,17.07782384850657,21.593679193588297,3.976682877623853,0.5000060627455142,0.816358631849289,0.9709043502807617,0.0,0.0,3.3072546387800235,486,0.0,0,nan,nan,nan,nan,167.9999985467091,-213.5000068647097,163.9999985467091
M10_scale,procedural,dlc_joint_transition,23,10,dlcC_M10_scale_n10_seed23,ok,9,2200,300,18.349027476635126,14.04007203398736,15.524427608139021,28.469660854884825,0.8232057498043134,0.9996274411678314,18.401259970001462,14.099913044786005,16.165280774835345,28.317543430798946,5.401435744728705,0.7746312346307043,0.999006587266922,1.031659722328186,0.07818181818181819,0.0,2.93059280332748,15,0.0,0,nan,nan,nan,nan,290.5000003516832,-213.5000068647097,286.5000003516832
M10_scale,procedural,dlc_joint_transition_observer,23,10,dlcC_M10_scale_n10_seed23,ok,9,2200,300,15.008205703254944,8.828859442638091,16.112560231195758,19.627201621652016,1.248941705774908,1.7080214858055116,15.372740849802451,8.830909402104227,16.119660429814793,19.79935534842177,4.123884063646459,1.1328433060584675,1.6731934905052186,1.9429783821105957,0.6890909090909091,0.0,5.044805823635273,28,0.0,0,nan,nan,nan,nan,185.4999996970662,-213.50000730920704,181.4999996970662
M10_scale,procedural,dlc_individual_transition,23,10,dlcD_M10_scale_n10_seed23,ok,9,2200,300,21.538496461414997,18.748390825035745,22.54193086517491,23.78191448078887,0.8931414511171706,0.9882275819778442,21.135121664815955,18.357704347758744,21.39212505870206,23.775108128678188,2.5899798114452985,0.8091180657101623,0.9860866367816925,3.398465394973755,0.07181818181818182,0.0,2.889087774774859,12,0.0,0,nan,nan,nan,nan,346.4999986707294,-213.5000068647097,342.4999986707294
M10_scale,procedural,dlc_joint_transition,23,10,dlcD_M10_scale_n10_seed23,ok,9,2200,300,16.919774835598844,11.990297430226988,15.09936162064202,25.187537082940167,0.35618110374326967,0.908720535039902,16.969209106293466,12.189608988537332,15.227657297308266,25.105872519704825,4.48987712029106,0.3436730582997552,0.8566339790821076,1.056895136833191,0.01090909090909091,0.0,3.859949872896261,152,0.0,0,nan,nan,nan,nan,223.99999785477348,-213.5000068647097,219.99999785477348
M10_scale,procedural,dlc_joint_transition_observer,23,10,dlcD_M10_scale_n10_seed23,ok,9,2200,300,14.479653839078757,7.896003094521862,15.245624978495519,19.119778191611566,1.0152103023792505,3.0508214473724378,15.038271643932953,8.208653913117015,15.476161727783936,19.4737701119332,3.9834039928815064,0.9966103580503246,2.9069969177246104,4.663999080657959,0.35909090909090907,0.0,2.669606146571753,1386,0.0,0,nan,nan,nan,nan,192.50000075701905,-213.5000068647097,188.50000075701905
M10_scale,procedural,ours_dnq_dlc_seed13,23,10,ours_M10_scale_n10_seed23,ok,9,2200,300,14.771085967626378,3.7269361602833198,16.29233822787461,22.911355793160364,0.8802268274783235,2.3674710035324127,15.517000221671058,5.397543837362449,17.09404624791346,23.17299782902393,6.332173218777278,0.8312122911908393,1.7222063899040245,4.371777057647705,0.15045454545454545,0.06909090909090909,3.2724174078775996,200,0.04318181818181818,2200,3.0,0.04729422464756708,9.0,20.952380952380953,154.0000003716043,-213.5000068647097,150.0000003716043
M10_scale,procedural,ours_dnq_dlc_seed21,23,10,ours_M10_scale_n10_seed23,ok,9,2200,300,12.896861705058603,10.020424733871684,11.784082231995352,18.83227449439558,0.8602973871363486,1.978017401695254,13.316518535256426,10.174414357283315,11.978475646626919,18.908509291666235,4.042295785805214,0.8438980634949985,1.5847965121269245,3.6949281692504883,0.1668181818181818,0.0,2.7650885558014515,577,0.12863636363636363,2200,2.519090909090909,0.030013642564802184,6.0,32.83582089552239,42.0000112951077,-227.4999987413238,38.0000112951077
M10_scale,procedural,ours_dnq_dlc_seed47,23,10,ours_M10_scale_n10_seed23,ok,9,2200,300,6.981922386627108,2.798129023457383,3.3418532471485562,18.31692725328735,1.2887381319633546,2.0808150053024295,8.833046796853509,2.8233417591451127,3.4696679088070717,22.790716950510426,7.60066015462271,1.1485375004036078,2.066374325752258,2.3888139724731445,0.5472727272727272,0.5527272727272727,3.310371901952311,1623,0.04363636363636364,2200,2.2477272727272726,0.02592087312414734,7.0,37.93103448275862,94.5000034253145,-510.9999972912111,90.5000034253145
M10_scale,procedural,ours_dnq_dlc_seed71,23,10,ours_M10_scale_n10_seed23,ok,9,2200,300,13.64885564352627,7.141356202859051,12.229717022717544,22.43746153024013,0.3281556955731235,0.8119640052318575,14.417541415053421,7.318536519973226,12.863342531646408,23.15052040134908,5.896517573246868,0.3299662200834692,0.7670080125331882,1.0394325256347656,0.01,0.0,2.634674542096522,916,0.03363636363636364,2200,2.7486363636363635,0.041837198726693954,8.0,23.655913978494624,94.4999974736113,-216.99999673518198,90.4999974736113
M10_scale,procedural,ours_dnq_dlc_seed99,23,10,ours_M10_scale_n10_seed23,ok,9,2200,300,15.107887390483796,10.183151073093283,13.753594370018021,22.77380614314096,0.6304014709865748,1.042822539806366,15.961053290120478,10.393818809612656,15.991988563576793,23.333897974409183,5.405869915824617,0.5923053045807385,1.0121747732162476,1.5585241317749023,0.09272727272727273,0.0,3.33311772191692,94,0.07681818181818181,2200,3.0,0.07503410641200546,9.0,13.25301204819277,136.499999785829,-213.5000068647097,132.499999785829
M10_scale,procedural,rule_expert_gate,24,10,rule_M10_scale_n10_seed24,ok,9,2200,300,11.940656099199336,10.002140360689292,12.151185125700465,13.033432312461926,3.036855552886662,4.16587142944336,12.63250439347557,9.243325984207091,12.190706531717755,15.141202225782367,3.7159650915123352,2.6716799482779408,4.102555990219116,4.937307834625244,0.85,0.45454545454545453,3.386435517597146,338,0.0,0,nan,nan,nan,nan,38.50000248671972,-720.9999971581504,34.50000248671972
M10_scale,procedural,dlc_individual_transition,24,10,dlcA_M10_scale_n10_seed24,ok,9,2200,300,13.880732229905165,5.592275448469533,12.243302890378093,23.22314082913463,0.8984634623749451,2.197937059402467,14.015894678682715,5.703413819980552,12.690743955795412,22.274294672550052,6.633991201099613,0.8435574016545963,2.0215600013732917,3.321790933609009,0.27045454545454545,0.02090909090909091,2.8537459677053367,487,0.0,0,nan,nan,nan,nan,143.49999277858979,-364.00000063757943,139.49999277858979
M10_scale,procedural,dlc_joint_transition,24,10,dlcA_M10_scale_n10_seed24,ok,9,2200,300,14.171949195299064,6.1385286827643055,14.32416146328476,19.708407354904,1.4248838533696375,4.179339075088502,14.147169240075854,6.140405521284264,14.329433291698233,19.71636782706531,5.008661082581971,1.2901589734852315,4.00370216369629,5.504689693450928,0.2381818181818182,0.0,2.902944928756354,320,0.0,0,nan,nan,nan,nan,392.0000023605637,-213.50000731867067,388.0000023605637
M10_scale,procedural,dlc_joint_transition_observer,24,10,dlcA_M10_scale_n10_seed24,ok,9,2200,300,19.11716730472087,16.84040865440634,20.16445753071265,21.106663582982073,1.5719818943207255,3.277166295051575,18.897858780042828,15.988543193093616,20.15140375494248,21.048467569958767,2.431488937833201,1.4678909959591295,3.153757476806642,4.788479328155518,0.5245454545454545,0.004090909090909091,5.180990918583773,37,0.0,0,nan,nan,nan,nan,430.50000542344674,-213.5000052061223,426.50000542344674
M10_scale,procedural,dlc_individual_transition,24,10,dlcB_M10_scale_n10_seed24,ok,9,2200,300,18.995778958030527,6.258627891738207,23.73743818378742,24.754611091960673,0.7045134333664809,2.102059864997865,18.422909640850396,6.342402066764894,23.491230576400717,24.666074111346546,7.502558945411888,0.673550206377642,1.891536653041841,3.056333303451538,0.1740909090909091,0.04681818181818182,2.982797122831961,529,0.0,0,nan,nan,nan,nan,514.4999931918051,-353.50000169857935,510.49999319180506
M10_scale,procedural,dlc_joint_transition,24,10,dlcB_M10_scale_n10_seed24,ok,9,2200,300,15.608580207300005,6.846047856414098,12.821290958409573,28.910497900380374,0.81217794103021,0.9966677188873291,15.361084240957094,6.767157249743264,12.86141334062278,28.82382923574722,7.965427665240658,0.762422213716623,0.9943786144256592,1.057326078414917,0.05818181818181818,0.0,3.480972341895043,54,0.0,0,nan,nan,nan,nan,374.50000128798274,-223.99999955324438,370.50000128798274
M10_scale,procedural,dlc_joint_transition_observer,24,10,dlcB_M10_scale_n10_seed24,ok,9,2200,300,10.141909719815935,9.394218053146586,9.516815491705502,11.50426831316316,1.9084103895694409,3.2046588420867925,10.689215769405918,9.394458666269013,9.621818101133648,14.60646679637998,2.2265805194245636,1.717281022001566,3.077126002311707,4.057094573974609,0.7536363636363637,0.019090909090909092,4.576541701326382,23,0.0,0,nan,nan,nan,nan,269.50000489241734,-213.50000731867067,265.50000489241734
M10_scale,procedural,dlc_individual_transition,24,10,dlcC_M10_scale_n10_seed24,ok,9,2200,300,18.995778958030527,6.258627891738207,23.73743818378742,24.754611091960673,0.7045134333664809,2.102059864997865,18.422909640850396,6.342402066764894,23.491230576400717,24.666074111346546,7.502558945411888,0.673550206377642,1.891536653041841,3.056333303451538,0.1740909090909091,0.04681818181818182,2.982797122831961,529,0.0,0,nan,nan,nan,nan,514.4999931918051,-353.50000169857935,510.49999319180506
M10_scale,procedural,dlc_joint_transition,24,10,dlcC_M10_scale_n10_seed24,ok,9,2200,300,14.171949195299064,6.1385286827643055,14.32416146328476,19.708407354904,1.4248838533696375,4.179339075088502,14.147169240075854,6.140405521284264,14.329433291698233,19.71636782706531,5.008661082581971,1.2901589734852315,4.00370216369629,5.504689693450928,0.2381818181818182,0.0,2.902944928756354,320,0.0,0,nan,nan,nan,nan,392.0000023605637,-213.50000731867067,388.0000023605637
M10_scale,procedural,dlc_joint_transition_observer,24,10,dlcC_M10_scale_n10_seed24,ok,9,2200,300,10.141909719815935,9.394218053146586,9.516815491705502,11.50426831316316,1.9084103895694409,3.2046588420867925,10.689215769405918,9.394458666269013,9.621818101133648,14.60646679637998,2.2265805194245636,1.717281022001566,3.077126002311707,4.057094573974609,0.7536363636363637,0.019090909090909092,4.576541701326382,23,0.0,0,nan,nan,nan,nan,269.50000489241734,-213.50000731867067,265.50000489241734
M10_scale,procedural,dlc_individual_transition,24,10,dlcD_M10_scale_n10_seed24,ok,9,2200,300,13.880732229905165,5.592275448469533,12.243302890378093,23.22314082913463,0.8984634623749451,2.197937059402467,14.015894678682715,5.703413819980552,12.690743955795412,22.274294672550052,6.633991201099613,0.8435574016545963,2.0215600013732917,3.321790933609009,0.27045454545454545,0.02090909090909091,2.8537459677053367,487,0.0,0,nan,nan,nan,nan,143.49999277858979,-364.00000063757943,139.49999277858979
M10_scale,procedural,dlc_joint_transition,24,10,dlcD_M10_scale_n10_seed24,ok,9,2200,300,15.608580207300005,6.846047856414098,12.821290958409573,28.910497900380374,0.81217794103021,0.9966677188873291,15.361084240957094,6.767157249743264,12.86141334062278,28.82382923574722,7.965427665240658,0.762422213716623,0.9943786144256592,1.057326078414917,0.05818181818181818,0.0,3.480972341895043,54,0.0,0,nan,nan,nan,nan,374.50000128798274,-223.99999955324438,370.50000128798274
M10_scale,procedural,dlc_joint_transition_observer,24,10,dlcD_M10_scale_n10_seed24,ok,9,2200,300,19.11716730472087,16.84040865440634,20.16445753071265,21.106663582982073,1.5719818943207255,3.277166295051575,18.897858780042828,15.988543193093616,20.15140375494248,21.048467569958767,2.431488937833201,1.4678909959591295,3.153757476806642,4.788479328155518,0.5245454545454545,0.004090909090909091,5.180990918583773,37,0.0,0,nan,nan,nan,nan,430.50000542344674,-213.5000052061223,426.50000542344674
M10_scale,procedural,ours_dnq_dlc_seed13,24,10,ours_M10_scale_n10_seed24,ok,9,2200,300,14.576615190984219,4.384782344483626,15.806944376307253,22.676738582551756,0.512075012415574,0.7631268441677095,15.10501187348183,5.540686711668193,16.673180677473326,22.692548349022836,6.379846178141674,0.5046891805433287,0.7665491878986359,1.1252137422561646,0.011363636363636364,0.0,3.070315514692751,240,0.038636363636363635,2200,3.0,0.09913597089586175,9.0,10.045662100456621,220.5000050357478,-213.50000457135093,216.5000050357478
M10_scale,procedural,ours_dnq_dlc_seed21,24,10,ours_M10_scale_n10_seed24,ok,9,2200,300,16.606957458840796,10.787545692455861,16.61040287806201,23.162501433340132,0.4876682148875681,0.7775936961174013,16.80621329607733,10.905751861834444,17.094022044511206,23.14871787783068,4.820530768460132,0.4965545100766922,0.7927685916423798,0.9091750979423523,0.0,0.0,2.7711161190560794,519,0.055,2200,3.0,0.06184629376989541,9.0,16.05839416058394,287.0000028424083,-213.50000457135093,283.0000028424083
M10_scale,procedural,ours_dnq_dlc_seed47,24,10,ours_M10_scale_n10_seed24,ok,9,2200,300,16.343569810977392,10.812104111039325,16.720205663364567,23.14769723316391,0.6725634063755187,0.9374335229396821,16.18397142719586,10.868632005779745,16.3287639196454,23.06740459062669,4.665458913102651,0.6646205086633034,0.9307662010192872,1.5831239223480225,0.0659090909090909,0.0,2.821727459420009,130,0.13,2200,3.0,0.046839472487494316,9.0,21.153846153846153,266.0000031612435,-213.50000457135093,262.0000031612435
M10_scale,procedural,ours_dnq_dlc_seed71,24,10,ours_M10_scale_n10_seed24,ok,9,2200,300,16.23928806139029,11.123459511641709,16.964119561629644,22.21259072657434,0.6737413257715832,0.903664267063141,16.36097068266033,11.097138642341081,16.95531537407485,22.63854452906221,4.371996647269033,0.6495213477851146,0.9055165588855744,1.255348801612854,0.05818181818181818,0.0,4.034700308399718,35,0.12090909090909091,2200,3.0,0.0927694406548431,9.0,10.731707317073171,272.99999968495126,-213.50000457135093,268.99999968495126
M10_scale,procedural,ours_dnq_dlc_seed99,24,10,ours_M10_scale_n10_seed24,ok,9,2200,300,17.234806635478357,11.181355511965466,17.845786404627297,23.421320101583333,0.5777062804472486,0.8624213397502901,16.613238318585505,11.038105373148113,17.082739879416287,23.33267763449754,4.780150415466561,0.6050604766586118,0.9110674679279328,1.2324492931365967,0.05181818181818182,0.0,2.8314313112714187,82,0.10954545454545454,2200,3.0,0.06775807185084129,9.0,14.666666666666666,290.4999960255893,-213.50000457135093,286.4999960255893
M10_scale,procedural,rule_expert_gate,25,10,rule_M10_scale_n10_seed25,ok,9,2200,300,21.298600982008026,13.129042848400871,22.64280721468633,26.315921782420745,0.19569881964996702,0.3615630805492402,21.58794602109099,13.246946183719317,22.73837598906787,26.6816775262712,4.745677154909775,0.20451639746970138,0.36055915951728834,2.204191207885742,0.02909090909090909,0.0,3.165873584432443,376,0.0,0,nan,nan,nan,nan,378.0000035903106,-213.50000710439826,374.0000035903106
M10_scale,procedural,dlc_individual_transition,25,10,dlcA_M10_scale_n10_seed25,ok,9,2200,300,14.907785690318438,6.113037103540702,13.227762574881925,21.80002244838303,0.7083160486542864,1.0007047653198242,15.318014504986223,8.130456065628577,14.686739561998277,21.78559014213181,5.195044797154903,0.6543085563664367,0.9993508517742157,1.2457162141799927,0.09636363636363636,0.0,3.152937828697877,123,0.0,0,nan,nan,nan,nan,363.9999984838655,-217.00000331278375,359.9999984838655
M10_scale,procedural,dlc_joint_transition,25,10,dlcA_M10_scale_n10_seed25,ok,9,2200,300,12.407895007926134,9.120523715267856,11.142974844022188,19.781146161792172,0.8196975914310468,0.9982103765010834,13.394030593943398,9.159226911346172,11.520557387388312,20.886243430034995,4.481720508678632,0.7773556687150531,0.9975860893726349,1.0222526788711548,0.04181818181818182,0.0,3.7913053497139657,0,0.0,0,nan,nan,nan,nan,248.5000043241439,-213.50000710439826,244.5000043241439
M10_scale,procedural,dlc_joint_transition_observer,25,10,dlcA_M10_scale_n10_seed25,ok,9,2200,300,20.294633635049863,13.42801756758321,19.186309706511963,27.17960506247118,6.483335754828233,11.309892559051514,20.083830532336375,13.542126873381731,19.577959260405592,27.14298224748287,4.777011752173796,5.71434298936574,11.244940948486327,11.741924285888672,0.8213636363636364,0.2290909090909091,5.595509490338771,0,0.0,0,nan,nan,nan,nan,574.0000055752266,-213.50000710439826,570.0000055752266
M10_scale,procedural,dlc_individual_transition,25,10,dlcB_M10_scale_n10_seed25,ok,9,2200,300,13.504070715315141,8.498484924467117,12.675664764103455,20.250744192124685,0.6843769845116492,0.9876783013343811,13.876967809989862,8.613559558120706,12.868788288164954,20.232827644724562,3.9853037380458978,0.6743856531436639,0.9846138954162598,1.0426913499832153,0.01090909090909091,0.0,3.907546080126231,117,0.0,0,nan,nan,nan,nan,266.0000049930393,-217.00000508427172,262.0000049930393
M10_scale,procedural,dlc_joint_transition,25,10,dlcB_M10_scale_n10_seed25,ok,9,2200,300,16.544121535126724,12.356503438664701,15.878983312219923,22.22546438759693,0.6756380248007267,0.9872048079967499,16.769345626300655,12.432678498114328,16.15506304724877,22.18750421921458,3.6282461421241616,0.6203253505526862,0.9833586513996124,1.0309505462646484,0.014090909090909091,0.0,5.286649821956012,21,0.0,0,nan,nan,nan,nan,258.99999825133045,-213.50000710439826,254.99999825133045
M10_scale,procedural,dlc_joint_transition_observer,25,10,dlcB_M10_scale_n10_seed25,ok,9,2200,300,19.022435102105316,17.184629324637186,19.095233995109567,21.874488704080303,3.374987811806955,8.311534404754642,18.839951952877687,17.130361240139486,18.993614505454463,21.860563430304953,1.9214774116130902,2.9637824535929727,7.559334611892703,12.308585166931152,0.7622727272727273,0.02090909090909091,6.497859721487714,0,0.0,0,nan,nan,nan,nan,1001.0000144325431,-213.50000710439826,997.0000144325431
M10_scale,procedural,dlc_individual_transition,25,10,dlcC_M10_scale_n10_seed25,ok,9,2200,300,13.504070715315141,8.498484924467117,12.675664764103455,20.250744192124685,0.6843769845116492,0.9876783013343811,13.876967809989862,8.613559558120706,12.868788288164954,20.232827644724562,3.9853037380458978,0.6743856531436639,0.9846138954162598,1.0426913499832153,0.01090909090909091,0.0,3.907546080126231,117,0.0,0,nan,nan,nan,nan,266.0000049930393,-217.00000508427172,262.0000049930393
M10_scale,procedural,dlc_joint_transition,25,10,dlcC_M10_scale_n10_seed25,ok,9,2200,300,12.407895007926134,9.120523715267856,11.142974844022188,19.781146161792172,0.8196975914310468,0.9982103765010834,13.394030593943398,9.159226911346172,11.520557387388312,20.886243430034995,4.481720508678632,0.7773556687150531,0.9975860893726349,1.0222526788711548,0.04181818181818182,0.0,3.7913053497139657,0,0.0,0,nan,nan,nan,nan,248.5000043241439,-213.50000710439826,244.5000043241439
M10_scale,procedural,dlc_joint_transition_observer,25,10,dlcC_M10_scale_n10_seed25,ok,9,2200,300,19.022435102105316,17.184629324637186,19.095233995109567,21.874488704080303,3.374987811806955,8.311534404754642,18.839951952877687,17.130361240139486,18.993614505454463,21.860563430304953,1.9214774116130902,2.9637824535929727,7.559334611892703,12.308585166931152,0.7622727272727273,0.02090909090909091,6.497859721487714,0,0.0,0,nan,nan,nan,nan,1001.0000144325431,-213.50000710439826,997.0000144325431
M10_scale,procedural,dlc_individual_transition,25,10,dlcD_M10_scale_n10_seed25,ok,9,2200,300,14.907785690318438,6.113037103540702,13.227762574881925,21.80002244838303,0.7083160486542864,1.0007047653198242,15.318014504986223,8.130456065628577,14.686739561998277,21.78559014213181,5.195044797154903,0.6543085563664367,0.9993508517742157,1.2457162141799927,0.09636363636363636,0.0,3.152937828697877,123,0.0,0,nan,nan,nan,nan,363.9999984838655,-217.00000331278375,359.9999984838655
M10_scale,procedural,dlc_joint_transition,25,10,dlcD_M10_scale_n10_seed25,ok,9,2200,300,16.544121535126724,12.356503438664701,15.878983312219923,22.22546438759693,0.6756380248007267,0.9872048079967499,16.769345626300655,12.432678498114328,16.15506304724877,22.18750421921458,3.6282461421241616,0.6203253505526862,0.9833586513996124,1.0309505462646484,0.014090909090909091,0.0,5.286649821956012,21,0.0,0,nan,nan,nan,nan,258.99999825133045,-213.50000710439826,254.99999825133045
M10_scale,procedural,dlc_joint_transition_observer,25,10,dlcD_M10_scale_n10_seed25,ok,9,2200,300,20.294633635049863,13.42801756758321,19.186309706511963,27.17960506247118,6.483335754828233,11.309892559051514,20.083830532336375,13.542126873381731,19.577959260405592,27.14298224748287,4.777011752173796,5.71434298936574,11.244940948486327,11.741924285888672,0.8213636363636364,0.2290909090909091,5.595509490338771,0,0.0,0,nan,nan,nan,nan,574.0000055752266,-213.50000710439826,570.0000055752266
M10_scale,procedural,ours_dnq_dlc_seed13,25,10,ours_M10_scale_n10_seed25,ok,9,2200,300,16.712361228059837,11.13925431658884,17.459254530166987,23.277777099099293,0.591274096506248,0.8568358898162842,17.31095360348904,11.205264454893948,18.013311530899287,23.485320627793516,4.875462948315224,0.5684714957100103,0.8510464310646058,1.211103081703186,0.024545454545454544,0.0,2.7608964283314417,319,0.11454545454545455,2200,2.995,0.02364711232378354,9.0,41.509433962264154,405.9999949375044,-213.50000710439826,401.9999949375044
M10_scale,procedural,ours_dnq_dlc_seed21,25,10,ours_M10_scale_n10_seed25,ok,9,2200,300,17.22611837994907,11.28825436679321,18.203800354971072,22.950457530407924,0.5817514464162492,0.8302362382411957,17.223532073263208,11.325398791460678,18.23983289018004,22.80334551432941,4.522202801500556,0.5992631313798615,0.8269657611846924,1.1628605127334595,0.004090909090909091,0.0,2.804594269522239,245,0.0890909090909091,2200,2.9472727272727273,0.031832651205093224,9.0,30.985915492957748,360.4999991945963,-213.50000710439826,356.4999991945963
M10_scale,procedural,ours_dnq_dlc_seed47,25,10,ours_M10_scale_n10_seed25,ok,9,2200,300,15.511239522324663,10.366076742621214,13.265370412300921,23.312847160089948,0.4663057807202619,0.7191777706146242,16.13491264028588,10.502280388299031,14.276694536978074,23.38318247526702,5.495573542115758,0.4444822492617285,0.692031854391098,2.3798675537109375,0.07454545454545454,0.0,2.842070761887882,820,0.016363636363636365,2200,2.796818181818182,0.047748976807639835,9.0,20.754716981132077,210.000002270403,-217.00000762165644,206.000002270403
M10_scale,procedural,ours_dnq_dlc_seed71,25,10,ours_M10_scale_n10_seed25,ok,9,2200,300,16.994044851826345,11.418487011486617,17.18408189849017,23.223665074882362,0.4923064590152353,0.8630100965499881,17.4007149068631,11.50162895058792,17.655032320702546,23.301215382717253,4.388731602692585,0.5035311868807978,0.8481441974639893,1.2232387065887451,0.03,0.0,2.7535373608501357,530,0.08363636363636363,2200,2.8677272727272727,0.031832651205093224,9.0,30.985915492957748,423.4999936452034,-213.50000710439826,419.4999936452034
M10_scale,procedural,ours_dnq_dlc_seed99,25,10,ours_M10_scale_n10_seed25,ok,9,2200,300,4.37840953496084,2.4392354722679808,3.00701101704775,10.620165163094157,3.2301606268020913,5.960909175872803,6.460331396177024,2.4392356021437522,3.0071540040429223,17.6721658306998,6.188406684991077,2.856737945352162,5.832631635665893,7.532016277313232,0.7581818181818182,0.6768181818181818,4.980180629672034,258,0.01090909090909091,2200,1.2945454545454544,0.022737608003638016,7.0,43.13725490196079,49.00000320422862,-609.0000009238419,45.00000320422862
M10_scale,procedural,rule_expert_gate,26,10,rule_M10_scale_n10_seed26,ok,9,2200,300,16.182992562499216,10.350649505798014,13.636680604210802,25.509010972127804,0.22476018776620837,0.41092888712883013,15.884509902374756,10.003046691356454,13.658356231418246,24.7304459707625,5.681893006388259,0.3076974568157113,0.8284188747406006,2.115992546081543,0.07954545454545454,0.041363636363636366,2.9018001685345514,1333,0.0,0,nan,nan,nan,nan,136.50000359625483,-245.00000341329542,132.50000359625483
M10_scale,procedural,dlc_individual_transition,26,10,dlcA_M10_scale_n10_seed26,ok,9,2200,300,15.212150361079487,4.690739367042178,18.156078491505227,21.67947788309243,1.1863381578281864,3.1149070024490366,14.214407093843647,4.702374892690949,16.604553026868025,21.48597450170491,6.2043573310796285,1.1009080086226195,2.94256525039673,3.7718966007232666,0.25727272727272726,0.05545454545454546,2.884591040870389,590,0.0,0,nan,nan,nan,nan,164.50000017639218,-280.00000171706097,160.50000017639218
M10_scale,procedural,dlc_joint_transition,26,10,dlcA_M10_scale_n10_seed26,ok,9,2200,300,7.845015745194578,4.510638008457002,8.095628284228262,11.162755655918993,1.3233777571126426,3.7323808431625367,8.106419354011587,4.512565023804981,8.530799941475227,11.191469593096391,2.6542013424420112,1.1816619515225864,3.6518168926239016,4.027500629425049,0.3522727272727273,0.05954545454545455,4.858090432363806,1417,0.0,0,nan,nan,nan,nan,3.5000045956228405,-402.50000059208605,-0.4999954043771595
M10_scale,procedural,dlc_joint_transition_observer,26,10,dlcA_M10_scale_n10_seed26,ok,9,2200,300,12.614619004450207,9.73200426169337,11.206301554269366,18.12802229838595,0.406177467593926,1.0074433088302612,12.215100521578481,9.283565759812564,10.986795739265444,17.851724174040694,3.0677997729467377,0.3947532555083874,0.9936629474163056,1.1064876317977905,0.09272727272727273,0.0,4.797779403905102,1323,0.0,0,nan,nan,nan,nan,48.99999896576719,-231.00000344384011,44.99999896576719
M10_scale,procedural,dlc_individual_transition,26,10,dlcB_M10_scale_n10_seed26,ok,9,2200,300,16.365151019306246,8.148899823440505,19.00737004407292,21.898861961322766,1.4200386954613617,3.145385551452637,15.351880874891993,8.112417064888714,18.35741495011343,21.846326464612744,5.790986035691943,1.243801139432683,2.961746573448181,7.089354038238525,0.3004545454545455,0.034545454545454546,3.051959106997902,766,0.0,0,nan,nan,nan,nan,227.50000486729778,-231.00000344384011,223.50000486729778
M10_scale,procedural,dlc_joint_transition,26,10,dlcB_M10_scale_n10_seed26,ok,9,2200,300,15.689260125495403,11.457699994850136,13.648427836885157,25.72153725630994,0.44449827138904335,0.719583159685135,15.490139403852385,10.537646925119146,13.631687744581876,25.766375995641006,5.664964209562515,0.4288269889695485,0.6857104957103731,0.8460515737533569,0.0,0.0,2.3966211440028378,1356,0.0,0,nan,nan,nan,nan,206.50000052812106,-234.50000121438745,202.50000052812106
M10_scale,procedural,dlc_joint_transition_observer,26,10,dlcB_M10_scale_n10_seed26,ok,9,2200,300,16.60103474271882,12.446669781799553,17.924151878961002,19.5370959736183,2.9536772545701577,7.900584793090824,15.720437902520978,11.38029122168487,17.74584013348455,19.531215707115248,3.6198971901123267,2.6157594419336236,6.991040372848515,10.219148635864258,0.8309090909090909,0.0009090909090909091,5.0165662114314955,199,0.0,0,nan,nan,nan,nan,448.0000000731761,-227.50000372833972,444.0000000731761
M10_scale,procedural,dlc_individual_transition,26,10,dlcC_M10_scale_n10_seed26,ok,9,2200,300,16.365151019306246,8.148899823440505,19.00737004407292,21.898861961322766,1.4200386954613617,3.145385551452637,15.351880874891993,8.112417064888714,18.35741495011343,21.846326464612744,5.790986035691943,1.243801139432683,2.961746573448181,7.089354038238525,0.3004545454545455,0.034545454545454546,3.051959106997902,766,0.0,0,nan,nan,nan,nan,227.50000486729778,-231.00000344384011,223.50000486729778
M10_scale,procedural,dlc_joint_transition,26,10,dlcC_M10_scale_n10_seed26,ok,9,2200,300,7.845015745194578,4.510638008457002,8.095628284228262,11.162755655918993,1.3233777571126426,3.7323808431625367,8.106419354011587,4.512565023804981,8.530799941475227,11.191469593096391,2.6542013424420112,1.1816619515225864,3.6518168926239016,4.027500629425049,0.3522727272727273,0.05954545454545455,4.858090432363806,1417,0.0,0,nan,nan,nan,nan,3.5000045956228405,-402.50000059208605,-0.4999954043771595
M10_scale,procedural,dlc_joint_transition_observer,26,10,dlcC_M10_scale_n10_seed26,ok,9,2200,300,16.60103474271882,12.446669781799553,17.924151878961002,19.5370959736183,2.9536772545701577,7.900584793090824,15.720437902520978,11.38029122168487,17.74584013348455,19.531215707115248,3.6198971901123267,2.6157594419336236,6.991040372848515,10.219148635864258,0.8309090909090909,0.0009090909090909091,5.0165662114314955,199,0.0,0,nan,nan,nan,nan,448.0000000731761,-227.50000372833972,444.0000000731761
M10_scale,procedural,dlc_individual_transition,26,10,dlcD_M10_scale_n10_seed26,ok,9,2200,300,15.212150361079487,4.690739367042178,18.156078491505227,21.67947788309243,1.1863381578281864,3.1149070024490366,14.214407093843647,4.702374892690949,16.604553026868025,21.48597450170491,6.2043573310796285,1.1009080086226195,2.94256525039673,3.7718966007232666,0.25727272727272726,0.05545454545454546,2.884591040870389,590,0.0,0,nan,nan,nan,nan,164.50000017639218,-280.00000171706097,160.50000017639218
M10_scale,procedural,dlc_joint_transition,26,10,dlcD_M10_scale_n10_seed26,ok,9,2200,300,15.689260125495403,11.457699994850136,13.648427836885157,25.72153725630994,0.44449827138904335,0.719583159685135,15.490139403852385,10.537646925119146,13.631687744581876,25.766375995641006,5.664964209562515,0.4288269889695485,0.6857104957103731,0.8460515737533569,0.0,0.0,2.3966211440028378,1356,0.0,0,nan,nan,nan,nan,206.50000052812106,-234.50000121438745,202.50000052812106
M10_scale,procedural,dlc_joint_transition_observer,26,10,dlcD_M10_scale_n10_seed26,ok,9,2200,300,12.614619004450207,9.73200426169337,11.206301554269366,18.12802229838595,0.406177467593926,1.0074433088302612,12.215100521578481,9.283565759812564,10.986795739265444,17.851724174040694,3.0677997729467377,0.3947532555083874,0.9936629474163056,1.1064876317977905,0.09272727272727273,0.0,4.797779403905102,1323,0.0,0,nan,nan,nan,nan,48.99999896576719,-231.00000344384011,44.99999896576719
M10_scale,procedural,ours_dnq_dlc_seed13,26,10,ours_M10_scale_n10_seed26,ok,9,2200,300,14.841791203774495,9.12400522931062,13.851750129585156,22.832217953748213,0.5765177021916699,0.9752180159091954,15.58229624130734,9.48315669792675,14.590774165531128,23.06010283147313,5.307674458771334,0.5524790891962899,0.9400246798992157,1.2823095321655273,0.07090909090909091,0.0013636363636363637,2.7165677486336133,862,0.06363636363636363,2200,3.0,0.06184629376989541,9.0,16.05839416058394,157.50000053959957,-220.50000382729877,153.50000053959957
M10_scale,procedural,ours_dnq_dlc_seed21,26,10,ours_M10_scale_n10_seed26,ok,9,2200,300,15.751964020566897,10.795944738096324,15.97703958614779,22.366670491625527,0.5588374472197029,0.8837116241455079,15.455065103919644,10.566345924988122,15.684844062248349,21.84368285757159,4.617299293433826,0.5666878136884638,0.891386079788208,1.1010714769363403,0.01681818181818182,0.0,2.801631580366895,173,0.10045454545454545,2200,2.960909090909091,0.06502955889040472,9.0,15.277777777777779,136.50000344135196,-224.00000278809557,132.50000344135196
M10_scale,procedural,ours_dnq_dlc_seed47,26,10,ours_M10_scale_n10_seed26,ok,9,2200,300,16.400232543288475,10.838107978641274,16.98014000939323,22.98056133128412,0.5441084597525984,0.8608337461948395,15.94088600612798,8.93529415451778,16.65472904589794,23.075957172225703,5.501538696115624,0.5231136258833434,0.8510262608528137,1.1325281858444214,0.0,0.0,2.671670832685502,309,0.105,2200,2.8713636363636366,0.08594815825375171,9.0,11.578947368421053,213.50000078248922,-234.50000226304655,209.50000078248922
M10_scale,procedural,ours_dnq_dlc_seed71,26,10,ours_M10_scale_n10_seed26,ok,9,2200,300,3.1438920890607935,2.438617797773994,3.000344610479906,3.858756716865521,3.4240918564039595,5.972018051147461,3.8854389314301114,2.4386178868749706,3.006439968829455,7.750443358453434,2.8540177773975355,3.1470504585562926,5.84319682121277,7.015120506286621,0.8495454545454545,0.87,2.6681523428128613,155,0.01090909090909091,2200,1.9081818181818182,0.020009095043201454,9.0,48.888888888888886,185.49999395698921,-413.0000020733986,181.49999395698921
M10_scale,procedural,ours_dnq_dlc_seed99,26,10,ours_M10_scale_n10_seed26,ok,9,2200,300,9.999660278468575,2.4375250027914865,10.292040184679989,18.84855110048766,2.4846782826154348,6.106982612609866,10.841656992672853,2.437525180339297,11.124482630879147,19.304189563736713,6.480778122648332,2.217422028975032,5.807649564743043,7.391037464141846,0.4395454545454546,0.2809090909090909,2.6696006371774708,589,0.07363636363636364,2200,2.7086363636363635,0.0482037289677126,8.0,20.560747663551403,384.9999987001331,-672.0000003367593,380.9999987001331
M10_scale,procedural,rule_expert_gate,27,10,rule_M10_scale_n10_seed27,ok,9,2200,300,17.29294513885601,10.485490391974897,15.366242110494266,26.462035413056967,0.4211778368377418,1.2282166004180919,18.067253288945604,10.748506571725766,16.67804256272408,26.767738836430475,6.354046835412329,0.39563828722663114,1.1220251202583322,2.2622461318969727,0.11090909090909092,0.05272727272727273,2.463409013736675,1021,0.0,0,nan,nan,nan,nan,213.5000039735728,-213.4999983805925,209.5000039735728
M10_scale,procedural,dlc_individual_transition,27,10,dlcA_M10_scale_n10_seed27,ok,9,2200,300,7.539803129356618,4.705855356534692,6.533935304922716,11.897454488255294,1.7768234143469874,3.830355763435364,9.116328478623364,4.715537769426162,8.077345726213556,17.28953326143323,4.995056184909897,1.5583746856974638,3.802211308479309,4.470366477966309,0.4781818181818182,0.04909090909090909,3.848957917166126,899,0.0,0,nan,nan,nan,nan,48.99999797437749,-434.0000075108708,44.99999797437749
M10_scale,procedural,dlc_joint_transition,27,10,dlcA_M10_scale_n10_seed27,ok,9,2200,300,16.6433008100714,7.138575441181036,19.093094752828982,22.562785362244394,0.6053620981212742,0.8230118453502655,16.942951450042994,7.301507893953572,19.875504967872736,22.557525567301596,5.649267098953505,0.5821390537437401,0.821977299451828,1.5012288093566895,0.01818181818181818,0.0,2.8617797911931664,351,0.0,0,nan,nan,nan,nan,255.50000354181225,-213.50000149948278,251.50000354181225
M10_scale,procedural,dlc_joint_transition_observer,27,10,dlcA_M10_scale_n10_seed27,ok,9,2200,300,14.721050073493222,7.37678210607268,18.875124312727777,20.914681953998155,1.1872159720787405,1.938823938369751,15.181522568556554,7.394445046345882,18.934155959610298,20.7536661607265,5.986309339482342,1.1613707823108812,1.9581317424774172,3.722627878189087,0.6518181818181819,0.0022727272727272726,6.2910655630491945,0,0.0,0,nan,nan,nan,nan,262.5000024632866,-213.50000149948278,258.5000024632866
M10_scale,procedural,dlc_individual_transition,27,10,dlcB_M10_scale_n10_seed27,ok,9,2200,300,11.596012000693431,10.415872211696817,11.38982928790302,12.674618358433843,0.6333655922860826,1.0010191798210144,12.537706772402146,10.49223518082324,11.556687767600286,18.793698006900552,2.943972692106125,0.6127890885994632,1.0003485798835754,1.005898356437683,0.105,0.0,4.999313463219474,877,0.0,0,nan,nan,nan,nan,48.99999797437749,-213.50000278045889,44.99999797437749
M10_scale,procedural,dlc_joint_transition,27,10,dlcB_M10_scale_n10_seed27,ok,9,2200,300,6.788553662560224,1.4178973175919671,1.586168280501778,19.919996369534836,3.104547461322754,5.883894300460816,8.301914449691878,1.4217755081238297,2.1007813280307612,20.054956664439587,8.070589017148032,2.71887475447757,5.843622446060181,6.094723701477051,0.5954545454545455,0.5868181818181818,2.576461858604969,1664,0.0,0,nan,nan,nan,nan,108.50000460509955,-518.000000356796,104.50000460509955
M10_scale,procedural,dlc_joint_transition_observer,27,10,dlcB_M10_scale_n10_seed27,ok,9,2200,300,13.014136649122241,3.0479405743248846,18.433398343171035,20.850349464798484,1.692579071302163,2.4621591091156008,13.662025894088014,3.056574590369667,18.46770538249793,20.845971820665778,7.976384260858468,1.5719193574249088,2.440925264358521,3.601740598678589,0.8131818181818182,0.0,5.70802867167074,0,0.0,0,nan,nan,nan,nan,283.50000538885433,-213.50000278045889,279.50000538885433
M10_scale,procedural,dlc_individual_transition,27,10,dlcC_M10_scale_n10_seed27,ok,9,2200,300,11.596012000693431,10.415872211696817,11.38982928790302,12.674618358433843,0.6333655922860826,1.0010191798210144,12.537706772402146,10.49223518082324,11.556687767600286,18.793698006900552,2.943972692106125,0.6127890885994632,1.0003485798835754,1.005898356437683,0.105,0.0,4.999313463219474,877,0.0,0,nan,nan,nan,nan,48.99999797437749,-213.50000278045889,44.99999797437749
M10_scale,procedural,dlc_joint_transition,27,10,dlcC_M10_scale_n10_seed27,ok,9,2200,300,16.6433008100714,7.138575441181036,19.093094752828982,22.562785362244394,0.6053620981212742,0.8230118453502655,16.942951450042994,7.301507893953572,19.875504967872736,22.557525567301596,5.649267098953505,0.5821390537437401,0.821977299451828,1.5012288093566895,0.01818181818181818,0.0,2.8617797911931664,351,0.0,0,nan,nan,nan,nan,255.50000354181225,-213.50000149948278,251.50000354181225
M10_scale,procedural,dlc_joint_transition_observer,27,10,dlcC_M10_scale_n10_seed27,ok,9,2200,300,13.014136649122241,3.0479405743248846,18.433398343171035,20.850349464798484,1.692579071302163,2.4621591091156008,13.662025894088014,3.056574590369667,18.46770538249793,20.845971820665778,7.976384260858468,1.5719193574249088,2.440925264358521,3.601740598678589,0.8131818181818182,0.0,5.70802867167074,0,0.0,0,nan,nan,nan,nan,283.50000538885433,-213.50000278045889,279.50000538885433
M10_scale,procedural,dlc_individual_transition,27,10,dlcD_M10_scale_n10_seed27,ok,9,2200,300,7.539803129356618,4.705855356534692,6.533935304922716,11.897454488255294,1.7768234143469874,3.830355763435364,9.116328478623364,4.715537769426162,8.077345726213556,17.28953326143323,4.995056184909897,1.5583746856974638,3.802211308479309,4.470366477966309,0.4781818181818182,0.04909090909090909,3.848957917166126,899,0.0,0,nan,nan,nan,nan,48.99999797437749,-434.0000075108708,44.99999797437749
M10_scale,procedural,dlc_joint_transition,27,10,dlcD_M10_scale_n10_seed27,ok,9,2200,300,6.788553662560224,1.4178973175919671,1.586168280501778,19.919996369534836,3.104547461322754,5.883894300460816,8.301914449691878,1.4217755081238297,2.1007813280307612,20.054956664439587,8.070589017148032,2.71887475447757,5.843622446060181,6.094723701477051,0.5954545454545455,0.5868181818181818,2.576461858604969,1664,0.0,0,nan,nan,nan,nan,108.50000460509955,-518.000000356796,104.50000460509955
M10_scale,procedural,dlc_joint_transition_observer,27,10,dlcD_M10_scale_n10_seed27,ok,9,2200,300,14.721050073493222,7.37678210607268,18.875124312727777,20.914681953998155,1.1872159720787405,1.938823938369751,15.181522568556554,7.394445046345882,18.934155959610298,20.7536661607265,5.986309339482342,1.1613707823108812,1.9581317424774172,3.722627878189087,0.6518181818181819,0.0022727272727272726,6.2910655630491945,0,0.0,0,nan,nan,nan,nan,262.5000024632866,-213.50000149948278,258.5000024632866
M10_scale,procedural,ours_dnq_dlc_seed13,27,10,ours_M10_scale_n10_seed27,ok,9,2200,300,13.686716204497161,3.4228440018118027,14.049652547346955,20.955413229072093,0.8318620154072262,1.7969245433807381,14.527158902153877,5.140018878041392,14.25924777641136,22.43751671340073,5.591550251576823,0.7767442311445484,1.6857581138610844,2.2681119441986084,0.15136363636363637,0.09818181818181818,3.346235744110789,1364,0.04409090909090909,2200,3.0,0.03819918144611187,9.0,25.88235294117647,147.0000011132065,-213.4999983805925,143.0000011132065
M10_scale,procedural,ours_dnq_dlc_seed21,27,10,ours_M10_scale_n10_seed27,ok,9,2200,300,16.585585051448458,11.085307457714972,17.28227212736588,23.054379509238398,0.5145398359881763,0.8260708868503571,16.381459917451014,11.005867364287711,17.03329553684449,23.049251150532378,4.832608950066539,0.5405784345154693,0.8726766347885132,1.1791050434112549,0.011363636363636364,0.023181818181818182,2.816106657907197,262,0.10136363636363636,2200,3.0,0.05138699408822192,9.0,19.29824561403509,175.00000124868438,-213.4999983805925,171.00000124868438
M10_scale,procedural,ours_dnq_dlc_seed47,27,10,ours_M10_scale_n10_seed27,ok,9,2200,300,15.31224034273703,10.71712636107281,14.82229653027536,21.742531549010078,0.6258410180314739,0.8811088204383851,15.687761646466193,10.779344973461786,15.472121060360632,22.77533935153417,4.535400395341308,0.6094571680235888,0.8898226737976075,1.3726040124893188,0.038636363636363635,0.0,2.8717112592796448,162,0.1640909090909091,2200,3.0,0.057753524329240566,9.0,17.1875,140.00000417583533,-213.4999983805925,136.00000417583533
M10_scale,procedural,ours_dnq_dlc_seed71,27,10,ours_M10_scale_n10_seed27,ok,9,2200,300,16.956194291510887,11.038832029313491,17.77217626570355,23.354383847178752,0.5896405801578964,0.9265980601310733,17.53628779286529,11.115034356574675,18.48554462857917,23.472759831252787,5.342646120084883,0.5478938423332874,0.9093550682067872,1.1764371395111084,0.034545454545454546,0.0,3.2116774982269956,209,0.06909090909090909,2200,3.0,0.058663028649386086,9.0,16.923076923076923,224.00000256131966,-213.4999983805925,220.00000256131966
M10_scale,procedural,ours_dnq_dlc_seed99,27,10,ours_M10_scale_n10_seed27,ok,9,2200,300,14.580926829004516,10.885073917694804,14.003085255553746,18.87343943134048,0.6644714019685297,0.8487844347953797,15.263676886233853,10.940561181890606,14.348108108475023,22.17509054160171,4.024397308973535,0.6174570291352575,0.8487844347953797,1.1563794612884521,0.03227272727272727,0.0,2.3585774545767637,1245,0.12409090909090909,2200,3.0,0.04138244656662119,9.0,23.91304347826087,126.00000449665094,-213.4999983805925,122.00000449665094
M10_scale,procedural,rule_expert_gate,28,10,rule_M10_scale_n10_seed28,ok,9,2200,300,13.813316571635909,5.72023654875766,10.466178238958385,26.329761123192807,1.967048166597432,5.843111228942872,15.084278214626776,5.847245724411602,11.704770786120697,26.624942408350407,8.21197528671053,1.732213381126818,5.633124208450318,6.687379837036133,0.3836363636363636,0.08272727272727273,3.3594876100429762,1310,0.0,0,nan,nan,nan,nan,213.50000281309076,-213.50000070939745,209.50000281309076
M10_scale,procedural,dlc_individual_transition,28,10,dlcA_M10_scale_n10_seed28,ok,9,2200,300,7.4215685397227436,4.333064919743429,5.227244387379201,11.975363904472692,1.7806405682699435,3.806950616836549,9.02209831631902,4.336488690290085,7.537611658316006,18.82367593648486,5.347883783515396,1.5635221983272773,3.640387678146362,4.323546886444092,0.49818181818181817,0.049545454545454545,3.3771175686597656,739,0.0,0,nan,nan,nan,nan,49.00000606937931,-433.99999833700053,45.00000606937931
M10_scale,procedural,dlc_joint_transition,28,10,dlcA_M10_scale_n10_seed28,ok,9,2200,300,15.755705890857538,10.563788880437924,14.384014420138831,22.157049227931438,0.7498921548509603,0.9983945369720459,16.273881757188654,10.858535380826464,14.516771858413,21.525916587447554,4.5413336216181115,0.7076719815163233,0.9973841488361359,1.101244330406189,0.04681818181818182,0.0,2.519152391812977,158,0.0,0,nan,nan,nan,nan,272.99999915678154,-213.50000070939745,268.99999915678154
M10_scale,procedural,dlc_joint_transition_observer,28,10,dlcA_M10_scale_n10_seed28,ok,9,2200,300,18.033774627823774,15.307965086125769,17.81966517445542,20.65075431936341,1.2347843318815668,2.456289005279541,18.126887349934254,15.510252379922296,17.902021732776074,20.482254891267818,1.9533486931171111,1.1804055785591614,2.4333055496215823,3.511521816253662,0.5740909090909091,0.0018181818181818182,5.327947869989644,0,0.0,0,nan,nan,nan,nan,416.50000349785387,-213.50000070939745,412.50000349785387
M10_scale,procedural,dlc_individual_transition,28,10,dlcB_M10_scale_n10_seed28,ok,9,2200,300,11.091403962310178,5.392583108641907,10.838713429178991,17.28093821978058,1.0405285452974988,2.940093183517457,12.058278789152418,5.393168006399231,10.942124587386104,20.49501254945631,5.076756275109142,0.9659252257985992,2.73288700580597,3.7792301177978516,0.22590909090909092,0.005909090909090909,3.362311538521523,288,0.0,0,nan,nan,nan,nan,56.0000110259416,-279.9999983168051,52.0000110259416
M10_scale,procedural,dlc_joint_transition,28,10,dlcB_M10_scale_n10_seed28,ok,9,2200,300,16.34851864103782,8.354046366078792,19.308641092584246,21.47150844882624,0.7799469542758245,0.9998662292957305,16.60373923057021,9.086269363206025,19.30547809548586,21.4528115896419,5.107871860704402,0.7052067401020957,0.998957359790802,1.3355019092559814,0.09136363636363637,0.0,3.7397053242096283,321,0.0,0,nan,nan,nan,nan,266.0000016647746,-213.50000070939745,262.0000016647746
M10_scale,procedural,dlc_joint_transition_observer,28,10,dlcB_M10_scale_n10_seed28,ok,9,2200,300,17.859485882253274,10.859135486495894,18.112811346909794,21.940350758700916,2.5341653147810383,7.364631938934326,17.84346361817921,10.859264387382028,18.12553104823504,21.929294422392655,4.1256642441574565,2.2659430369632108,7.330871438980104,9.449764251708984,0.8013636363636364,0.022727272727272728,5.144634474710652,13,0.0,0,nan,nan,nan,nan,462.00000356690134,-762.9999935918644,458.00000356690134
M10_scale,procedural,dlc_individual_transition,28,10,dlcC_M10_scale_n10_seed28,ok,9,2200,300,11.091403962310178,5.392583108641907,10.838713429178991,17.28093821978058,1.0405285452974988,2.940093183517457,12.058278789152418,5.393168006399231,10.942124587386104,20.49501254945631,5.076756275109142,0.9659252257985992,2.73288700580597,3.7792301177978516,0.22590909090909092,0.005909090909090909,3.362311538521523,288,0.0,0,nan,nan,nan,nan,56.0000110259416,-279.9999983168051,52.0000110259416
M10_scale,procedural,dlc_joint_transition,28,10,dlcC_M10_scale_n10_seed28,ok,9,2200,300,15.755705890857538,10.563788880437924,14.384014420138831,22.157049227931438,0.7498921548509603,0.9983945369720459,16.273881757188654,10.858535380826464,14.516771858413,21.525916587447554,4.5413336216181115,0.7076719815163233,0.9973841488361359,1.101244330406189,0.04681818181818182,0.0,2.519152391812977,158,0.0,0,nan,nan,nan,nan,272.99999915678154,-213.50000070939745,268.99999915678154
M10_scale,procedural,dlc_joint_transition_observer,28,10,dlcC_M10_scale_n10_seed28,ok,9,2200,300,17.859485882253274,10.859135486495894,18.112811346909794,21.940350758700916,2.5341653147810383,7.364631938934326,17.84346361817921,10.859264387382028,18.12553104823504,21.929294422392655,4.1256642441574565,2.2659430369632108,7.330871438980104,9.449764251708984,0.8013636363636364,0.022727272727272728,5.144634474710652,13,0.0,0,nan,nan,nan,nan,462.00000356690134,-762.9999935918644,458.00000356690134
M10_scale,procedural,dlc_individual_transition,28,10,dlcD_M10_scale_n10_seed28,ok,9,2200,300,7.4215685397227436,4.333064919743429,5.227244387379201,11.975363904472692,1.7806405682699435,3.806950616836549,9.02209831631902,4.336488690290085,7.537611658316006,18.82367593648486,5.347883783515396,1.5635221983272773,3.640387678146362,4.323546886444092,0.49818181818181817,0.049545454545454545,3.3771175686597656,739,0.0,0,nan,nan,nan,nan,49.00000606937931,-433.99999833700053,45.00000606937931
M10_scale,procedural,dlc_joint_transition,28,10,dlcD_M10_scale_n10_seed28,ok,9,2200,300,16.34851864103782,8.354046366078792,19.308641092584246,21.47150844882624,0.7799469542758245,0.9998662292957305,16.60373923057021,9.086269363206025,19.30547809548586,21.4528115896419,5.107871860704402,0.7052067401020957,0.998957359790802,1.3355019092559814,0.09136363636363637,0.0,3.7397053242096283,321,0.0,0,nan,nan,nan,nan,266.0000016647746,-213.50000070939745,262.0000016647746
M10_scale,procedural,dlc_joint_transition_observer,28,10,dlcD_M10_scale_n10_seed28,ok,9,2200,300,18.033774627823774,15.307965086125769,17.81966517445542,20.65075431936341,1.2347843318815668,2.456289005279541,18.126887349934254,15.510252379922296,17.902021732776074,20.482254891267818,1.9533486931171111,1.1804055785591614,2.4333055496215823,3.511521816253662,0.5740909090909091,0.0018181818181818182,5.327947869989644,0,0.0,0,nan,nan,nan,nan,416.50000349785387,-213.50000070939745,412.50000349785387
M10_scale,procedural,ours_dnq_dlc_seed13,28,10,ours_M10_scale_n10_seed28,ok,9,2200,300,12.099818356464024,2.927104840371315,13.789884182888485,20.793371205651066,0.8778512589415339,1.720650637149811,13.27825749598355,2.9702750685880095,14.826817201885653,22.529367863251554,7.264462177663485,0.8115594511879185,1.6813662052154543,2.0731077194213867,0.2159090909090909,0.25545454545454543,2.9539912780760704,911,0.07136363636363637,2200,2.9963636363636366,0.02501136880400182,8.0,39.285714285714285,147.00000011915154,-262.4999993551712,143.00000011915154
M10_scale,procedural,ours_dnq_dlc_seed21,28,10,ours_M10_scale_n10_seed28,ok,9,2200,300,15.478586835030557,10.436087143597284,15.778429055889495,22.568974708481264,0.5347613873962607,0.8937490344047546,15.753402273143736,10.632363850584081,16.20088580841224,22.71666414779344,4.949923505565631,0.552089266970288,0.8790354132652283,1.0826833248138428,0.029545454545454545,0.0,2.8210442835713403,139,0.0740909090909091,2200,3.0,0.03956343792633015,9.0,25.0,199.49999948872664,-213.50000070939745,195.49999948872664
M10_scale,procedural,ours_dnq_dlc_seed47,28,10,ours_M10_scale_n10_seed28,ok,9,2200,300,15.10884522305489,9.749128190317387,14.347205151926385,23.104624690226874,0.7480014283899953,1.4016331672668472,15.11648816821496,10.24654340867284,14.327105826248367,23.10121371031215,5.4464670870474325,0.738892927497456,1.079156541824342,2.404991865158081,0.12181818181818181,0.06227272727272727,2.6400454151164383,756,0.1368181818181818,2200,3.0,0.04911323328785812,9.0,20.18348623853211,206.5000032642206,-213.50000070939745,202.5000032642206
M10_scale,procedural,ours_dnq_dlc_seed71,28,10,ours_M10_scale_n10_seed28,ok,9,2200,300,15.814274760264464,11.154395630143165,15.982434057332775,21.345024717731064,0.63977954066334,0.898727947473526,16.28814863036384,11.238350153317144,16.535402314820196,22.551967259097054,4.074103764898059,0.6134725128201006,0.8908794283866882,1.1002941131591797,0.014545454545454545,0.0,2.766574516839135,266,0.10227272727272728,2200,3.0,0.04229195088676671,8.0,23.404255319148938,241.50000313345845,-213.50000070939745,237.50000313345845
M10_scale,procedural,ours_dnq_dlc_seed99,28,10,ours_M10_scale_n10_seed28,ok,9,2200,300,12.528614952820158,0.00010897825660921855,12.452946696472788,21.16114433210718,0.6733517635328309,0.9508366465568543,13.582669983540688,0.00011187163335788406,13.950022444749921,23.182219906029037,7.224176116150882,0.6284257267250558,0.9310991346836092,2.2079272270202637,0.07636363636363637,0.0,2.8003693746575324,283,0.09954545454545455,2200,2.736818181818182,0.04138244656662119,9.0,23.91304347826087,108.50000259075364,-213.50000070939745,104.50000259075364
M10_scale,procedural,rule_expert_gate,29,10,rule_M10_scale_n10_seed29,ok,9,2200,300,9.501864262584618,5.573651983633004,10.108022517625459,12.513312603184804,1.2866236470463743,3.653958106040955,10.711405216972116,5.654368552273844,10.403810075362928,13.116692478344795,4.949462490533453,1.1593957333198375,3.5111427545547484,5.042924404144287,0.3527272727272727,0.08272727272727273,4.8369787650632405,2001,0.0,0,nan,nan,nan,nan,52.500008162046015,-280.0000007736103,48.500008162046015
M10_scale,procedural,dlc_individual_transition,29,10,dlcA_M10_scale_n10_seed29,ok,9,2200,300,16.327479548853375,8.981128468536536,13.13910277865331,25.014536616930176,0.3663080068868677,0.6713820397853852,16.89741009429438,9.068043534548071,17.57844775968421,24.69502546865356,6.295259356312385,0.3638599502175533,0.6522323548793795,0.8886760473251343,0.0,0.0,2.863843841474812,472,0.0,0,nan,nan,nan,nan,318.49999881859003,-213.49999812251247,314.49999881859003
M10_scale,procedural,dlc_joint_transition,29,10,dlcA_M10_scale_n10_seed29,ok,9,2169,300,24.348195376946972,22.588289560618936,24.26896820094259,27.45490899703808,0.49479069146498345,0.815208625793457,23.481740583214506,17.942059092160143,24.24217439960086,27.3524673662276,3.761039709122051,0.49061681445873284,0.804827606678009,1.019805908203125,0.00599354541263255,0.0,3.140143958838425,0,0.0,0,nan,nan,nan,nan,594.9999955510307,-213.49999812251247,590.9999955510307
M10_scale,procedural,dlc_joint_transition_observer,29,10,dlcA_M10_scale_n10_seed29,ok,9,2200,300,20.012485951348758,15.856045212299232,20.572933735784318,22.39993041295198,3.6352015067139445,10.053416824340822,19.744305275553092,15.925976825505852,19.67043681507095,22.370375217686302,2.550571374235924,3.2170508157344804,9.889212799072267,11.012032508850098,0.5840909090909091,0.07,2.8055691788499892,3,0.0,0,nan,nan,nan,nan,430.49999926326745,-213.49999812251247,426.49999926326745
M10_scale,procedural,dlc_individual_transition,29,10,dlcB_M10_scale_n10_seed29,ok,9,2200,300,12.24838614690932,6.075242453459939,11.051857796254026,20.66390985315837,0.9822180237469575,2.8635852098464984,13.163494922923665,6.077012226331904,11.348401833934627,21.56536663001602,5.539606364458946,0.8887784941348813,2.6280409336090105,3.8022122383117676,0.22772727272727272,0.03318181818181818,3.400255054173885,472,0.0,0,nan,nan,nan,nan,101.49999268268812,-224.0000045192786,97.49999268268812
M10_scale,procedural,dlc_joint_transition,29,10,dlcB_M10_scale_n10_seed29,ok,9,2200,300,15.932936385081899,11.152108224355487,15.352854901047705,20.69670386391706,0.5328650529604209,0.9432785749435425,16.07562128460622,11.287512356043809,15.648582028976941,21.110419619698195,4.204971677730849,0.4835418070604051,0.9377881348133088,1.0076826810836792,0.013181818181818182,0.0,2.623794616851781,29,0.0,0,nan,nan,nan,nan,286.9999993702668,-213.49999812251247,282.9999993702668
M10_scale,procedural,dlc_joint_transition_observer,29,10,dlcB_M10_scale_n10_seed29,ok,9,2200,300,11.161383684645685,8.926336196933887,11.318759030706524,12.472780657489244,0.7632799475951623,1.0337928652763366,10.992348941976724,8.373879380609447,11.238233425060782,12.8057414286472,1.8454331780316489,0.7162742834570236,1.0253061175346376,1.0622464418411255,0.12318181818181818,0.0,2.8489416084697243,1861,0.0,0,nan,nan,nan,nan,77.00000896927213,-224.0000027555118,73.00000896927213
M10_scale,procedural,dlc_individual_transition,29,10,dlcC_M10_scale_n10_seed29,ok,9,2200,300,12.24838614690932,6.075242453459939,11.051857796254026,20.66390985315837,0.9822180237469575,2.8635852098464984,13.163494922923665,6.077012226331904,11.348401833934627,21.56536663001602,5.539606364458946,0.8887784941348813,2.6280409336090105,3.8022122383117676,0.22772727272727272,0.03318181818181818,3.400255054173885,472,0.0,0,nan,nan,nan,nan,101.49999268268812,-224.0000045192786,97.49999268268812
M10_scale,procedural,dlc_joint_transition,29,10,dlcC_M10_scale_n10_seed29,ok,9,2169,300,24.348195376946972,22.588289560618936,24.26896820094259,27.45490899703808,0.49479069146498345,0.815208625793457,23.481740583214506,17.942059092160143,24.24217439960086,27.3524673662276,3.761039709122051,0.49061681445873284,0.804827606678009,1.019805908203125,0.00599354541263255,0.0,3.140143958838425,0,0.0,0,nan,nan,nan,nan,594.9999955510307,-213.49999812251247,590.9999955510307
M10_scale,procedural,dlc_joint_transition_observer,29,10,dlcC_M10_scale_n10_seed29,ok,9,2200,300,11.161383684645685,8.926336196933887,11.318759030706524,12.472780657489244,0.7632799475951623,1.0337928652763366,10.992348941976724,8.373879380609447,11.238233425060782,12.8057414286472,1.8454331780316489,0.7162742834570236,1.0253061175346376,1.0622464418411255,0.12318181818181818,0.0,2.8489416084697243,1861,0.0,0,nan,nan,nan,nan,77.00000896927213,-224.0000027555118,73.00000896927213
M10_scale,procedural,dlc_individual_transition,29,10,dlcD_M10_scale_n10_seed29,ok,9,2200,300,16.327479548853375,8.981128468536536,13.13910277865331,25.014536616930176,0.3663080068868677,0.6713820397853852,16.89741009429438,9.068043534548071,17.57844775968421,24.69502546865356,6.295259356312385,0.3638599502175533,0.6522323548793795,0.8886760473251343,0.0,0.0,2.863843841474812,472,0.0,0,nan,nan,nan,nan,318.49999881859003,-213.49999812251247,314.49999881859003
M10_scale,procedural,dlc_joint_transition,29,10,dlcD_M10_scale_n10_seed29,ok,9,2200,300,15.932936385081899,11.152108224355487,15.352854901047705,20.69670386391706,0.5328650529604209,0.9432785749435425,16.07562128460622,11.287512356043809,15.648582028976941,21.110419619698195,4.204971677730849,0.4835418070604051,0.9377881348133088,1.0076826810836792,0.013181818181818182,0.0,2.623794616851781,29,0.0,0,nan,nan,nan,nan,286.9999993702668,-213.49999812251247,282.9999993702668
M10_scale,procedural,dlc_joint_transition_observer,29,10,dlcD_M10_scale_n10_seed29,ok,9,2200,300,20.012485951348758,15.856045212299232,20.572933735784318,22.39993041295198,3.6352015067139445,10.053416824340822,19.744305275553092,15.925976825505852,19.67043681507095,22.370375217686302,2.550571374235924,3.2170508157344804,9.889212799072267,11.012032508850098,0.5840909090909091,0.07,2.8055691788499892,3,0.0,0,nan,nan,nan,nan,430.49999926326745,-213.49999812251247,426.49999926326745
M10_scale,procedural,ours_dnq_dlc_seed13,29,10,ours_M10_scale_n10_seed29,ok,9,2200,300,12.070103268614059,2.2349705065932106,11.757130384630441,22.7128258362892,0.4669806442013616,0.6776192963123322,13.271473934842081,2.2349707861520156,14.024093134224946,23.115780234491766,7.961207695146479,0.46155826312444664,0.6694346487522125,0.9714511632919312,0.0,0.19454545454545455,2.8828520233655905,371,0.026818181818181817,2200,3.0,0.07321509777171442,9.0,13.580246913580247,227.50000890551155,-213.49999812251247,223.50000890551155
M10_scale,procedural,ours_dnq_dlc_seed21,29,10,ours_M10_scale_n10_seed29,ok,9,2200,300,14.552748376024995,9.591813444053756,14.150922921366226,19.59601462200527,0.5861842727327817,0.92136749625206,14.736354872885643,10.03003130746011,14.226433636123337,19.890096384756774,4.3259136790922925,0.6014112690480595,0.8836061894893646,1.998073697090149,0.08363636363636363,0.0,3.9433337680685523,565,0.08545454545454545,2200,3.0,0.0504774897680764,9.0,19.642857142857142,213.50000604285788,-213.49999812251247,209.50000604285788
M10_scale,procedural,ours_dnq_dlc_seed47,29,10,ours_M10_scale_n10_seed29,ok,9,2200,300,14.862216945813271,10.75846743162755,12.769669408543912,22.268963116579364,0.7710235510272048,1.1684857845306398,15.362227379057135,10.826278887375828,13.94288027275076,22.848746795980382,4.536642911803389,0.7419171552724649,1.1419148564338686,2.3442797660827637,0.15772727272727272,0.0,2.789394203800358,172,0.13363636363636364,2200,3.0,0.07366984993178717,9.0,13.496932515337424,227.50000563458843,-213.49999812251247,223.50000563458843
M10_scale,procedural,ours_dnq_dlc_seed71,29,10,ours_M10_scale_n10_seed29,ok,9,2200,300,14.653253691573841,10.864336085228949,12.583338556542241,19.99169762132284,0.7253570248692689,0.9714531660079957,14.880489359896812,10.860616919694639,12.802762906560988,21.017476447771493,4.110792580841203,0.7142007477238606,0.9555812478065492,1.255492925643921,0.06227272727272727,0.0,4.559300067320545,102,0.15181818181818182,2200,3.0,0.08958617553433379,9.0,11.11111111111111,216.99999639197767,-213.49999812251247,212.99999639197767
M10_scale,procedural,ours_dnq_dlc_seed99,29,10,ours_M10_scale_n10_seed29,ok,9,2200,300,15.925808024120155,10.01161406823864,17.2999563479812,23.09211149400849,0.5602267312706222,0.8427554607391358,16.490806837720275,10.219170900766633,17.68788623508311,23.447269315634166,5.533342136553466,0.534915464024459,0.8373246967792511,1.0206142663955688,0.007727272727272728,0.0,2.874306123188011,184,0.09363636363636364,2200,2.8495454545454546,0.03956343792633015,9.0,25.0,266.0000008390539,-213.49999812251247,262.0000008390539
M10_scale,procedural,rule_expert_gate,30,10,rule_M10_scale_n10_seed30,ok,9,2153,300,21.1780995511218,15.210860567207325,22.520099861970422,26.310595794570546,0.13258617564009129,0.345841771364212,21.58826956138638,15.849571568551378,22.675598090970464,26.7772588689859,4.278030960627466,0.1530120421719912,0.354201340675354,1.0173094272613525,0.004644681839294009,0.0,2.7165405343637055,544,0.0,0,nan,nan,nan,nan,504.0000051449331,-213.5000026056814,500.0000051449331
M10_scale,procedural,dlc_individual_transition,30,10,dlcA_M10_scale_n10_seed30,ok,9,2200,300,7.6098202833772515,4.501439293596714,6.3212423726960125,12.078748389148313,1.6489502410597734,3.6405956268310558,9.143275734180973,4.502559035083493,8.237395228704774,19.624662758265796,5.12568151564615,1.4442457404816609,3.4414160251617445,4.333164215087891,0.4690909090909091,0.04,4.966961966047877,772,0.0,0,nan,nan,nan,nan,45.500009425036296,-349.999998993752,41.500009425036296
M10_scale,procedural,dlc_joint_transition,30,10,dlcA_M10_scale_n10_seed30,ok,9,2052,300,23.02545533570969,22.230574557284324,23.348695551113053,26.06155630680664,0.5503998840883955,0.8029149770736694,22.443967051555582,18.96381030025807,22.729275061628087,25.803828401754135,3.1720315434421535,0.5388166075184321,0.7946088731288911,0.8666186928749084,0.0,0.0,3.6518305365974624,0,0.0,0,nan,nan,nan,nan,486.50000173818125,-213.5000026056814,482.50000173818125
M10_scale,procedural,dlc_joint_transition_observer,30,10,dlcA_M10_scale_n10_seed30,ok,9,2200,300,20.239217815341828,16.680031349093827,21.46568916008208,22.346016651056516,2.8569244117760344,8.26053409576416,20.044827766252475,16.680031349093827,20.476413866481636,22.318247568108784,2.433457708858532,2.5331211286471014,7.993707990646364,10.953577995300293,0.5977272727272728,0.05272727272727273,2.8616213481846797,9,0.0,0,nan,nan,nan,nan,370.9999956496604,-213.5000026056814,366.9999956496604
M10_scale,procedural,dlc_individual_transition,30,10,dlcB_M10_scale_n10_seed30,ok,9,2200,300,14.442791719166566,4.305535474371231,19.427118227770073,21.913396826696378,1.204792392693263,2.8494884729385386,15.029061196895867,4.308101997019897,19.54596529568203,21.82045905787794,7.168078843536771,1.0646161454902077,2.699857020378113,3.3732221126556396,0.2690909090909091,0.02181818181818182,3.284713440074032,290,0.0,0,nan,nan,nan,nan,143.5000068887125,-245.0000012922883,139.5000068887125
M10_scale,procedural,dlc_joint_transition,30,10,dlcB_M10_scale_n10_seed30,ok,9,2200,300,14.723879469795957,9.451911183375392,12.92688570794437,23.548317667197512,0.4745135582206422,0.803068494796753,15.20572758149687,9.78272136618104,13.506357732692262,23.3425042080063,4.793794425183727,0.45974289676067365,0.7988479495048523,0.887972354888916,0.0,0.0,2.6732756598298,46,0.0,0,nan,nan,nan,nan,224.00000885993427,-213.5000026056814,220.00000885993427
M10_scale,procedural,dlc_joint_transition_observer,30,10,dlcB_M10_scale_n10_seed30,ok,9,2200,300,15.151414823603488,5.534904518859828,17.289934244042932,18.085678662917314,1.1805994109573255,2.000223159790039,14.565306165412961,5.404101538086522,17.227792247280338,18.08559300839117,5.288795609237226,1.0701476204745912,1.903766334056855,2.944547176361084,0.5840909090909091,0.0,2.855332982812552,79,0.0,0,nan,nan,nan,nan,276.5000075868993,-231.00000359530804,272.5000075868993
M10_scale,procedural,dlc_individual_transition,30,10,dlcC_M10_scale_n10_seed30,ok,9,2200,300,14.442791719166566,4.305535474371231,19.427118227770073,21.913396826696378,1.204792392693263,2.8494884729385386,15.029061196895867,4.308101997019897,19.54596529568203,21.82045905787794,7.168078843536771,1.0646161454902077,2.699857020378113,3.3732221126556396,0.2690909090909091,0.02181818181818182,3.284713440074032,290,0.0,0,nan,nan,nan,nan,143.5000068887125,-245.0000012922883,139.5000068887125
M10_scale,procedural,dlc_joint_transition,30,10,dlcC_M10_scale_n10_seed30,ok,9,2052,300,23.02545533570969,22.230574557284324,23.348695551113053,26.06155630680664,0.5503998840883955,0.8029149770736694,22.443967051555582,18.96381030025807,22.729275061628087,25.803828401754135,3.1720315434421535,0.5388166075184321,0.7946088731288911,0.8666186928749084,0.0,0.0,3.6518305365974624,0,0.0,0,nan,nan,nan,nan,486.50000173818125,-213.5000026056814,482.50000173818125
M10_scale,procedural,dlc_joint_transition_observer,30,10,dlcC_M10_scale_n10_seed30,ok,9,2200,300,15.151414823603488,5.534904518859828,17.289934244042932,18.085678662917314,1.1805994109573255,2.000223159790039,14.565306165412961,5.404101538086522,17.227792247280338,18.08559300839117,5.288795609237226,1.0701476204745912,1.903766334056855,2.944547176361084,0.5840909090909091,0.0,2.855332982812552,79,0.0,0,nan,nan,nan,nan,276.5000075868993,-231.00000359530804,272.5000075868993
M10_scale,procedural,dlc_individual_transition,30,10,dlcD_M10_scale_n10_seed30,ok,9,2200,300,7.6098202833772515,4.501439293596714,6.3212423726960125,12.078748389148313,1.6489502410597734,3.6405956268310558,9.143275734180973,4.502559035083493,8.237395228704774,19.624662758265796,5.12568151564615,1.4442457404816609,3.4414160251617445,4.333164215087891,0.4690909090909091,0.04,4.966961966047877,772,0.0,0,nan,nan,nan,nan,45.500009425036296,-349.999998993752,41.500009425036296
M10_scale,procedural,dlc_joint_transition,30,10,dlcD_M10_scale_n10_seed30,ok,9,2200,300,14.723879469795957,9.451911183375392,12.92688570794437,23.548317667197512,0.4745135582206422,0.803068494796753,15.20572758149687,9.78272136618104,13.506357732692262,23.3425042080063,4.793794425183727,0.45974289676067365,0.7988479495048523,0.887972354888916,0.0,0.0,2.6732756598298,46,0.0,0,nan,nan,nan,nan,224.00000885993427,-213.5000026056814,220.00000885993427
M10_scale,procedural,dlc_joint_transition_observer,30,10,dlcD_M10_scale_n10_seed30,ok,9,2200,300,20.239217815341828,16.680031349093827,21.46568916008208,22.346016651056516,2.8569244117760344,8.26053409576416,20.044827766252475,16.680031349093827,20.476413866481636,22.318247568108784,2.433457708858532,2.5331211286471014,7.993707990646364,10.953577995300293,0.5977272727272728,0.05272727272727273,2.8616213481846797,9,0.0,0,nan,nan,nan,nan,370.9999956496604,-213.5000026056814,366.9999956496604
M10_scale,procedural,ours_dnq_dlc_seed13,30,10,ours_M10_scale_n10_seed30,ok,9,2200,300,18.68099461885366,11.458490818119651,19.465396419895377,23.373027946077773,0.5078139423967973,0.777379059791565,18.64413204382511,11.462054649192629,19.421412405086386,23.352603480554723,4.518516475058401,0.5159242310011376,0.7800483703613281,0.937913715839386,0.0,0.0,3.650699772367922,109,0.0659090909090909,2200,2.149090909090909,0.03728967712596635,9.0,26.50602409638554,311.50000321162065,-213.5000026056814,307.50000321162065
M10_scale,procedural,ours_dnq_dlc_seed21,30,10,ours_M10_scale_n10_seed30,ok,9,2200,300,15.143649359816902,11.074779257190466,15.298195125334843,19.268948010852288,0.8022301543790749,1.0376116752624513,15.117480403864803,11.027948224823682,15.333770930450228,19.207572326696422,3.5692157321503553,0.7941723480221646,0.9895656228065492,1.9733061790466309,0.09363636363636364,0.0,2.5813424920788384,114,0.17272727272727273,2200,3.0,0.045929968167348796,9.0,21.568627450980394,175.00000624715767,-213.5000026056814,171.00000624715767
M10_scale,procedural,ours_dnq_dlc_seed47,30,10,ours_M10_scale_n10_seed30,ok,9,2200,300,14.923327735474038,10.612578270220828,13.353114362145707,22.049898226269235,0.6537619565209177,0.9234001517295838,15.230818016825777,10.639122732762637,14.023680959041132,22.635965764945293,4.6362511949762695,0.6393901247190397,0.9101669907569885,1.2279772758483887,0.053636363636363635,0.0,3.2643200490378814,127,0.16045454545454546,2200,3.0,0.08867667121418826,9.0,11.224489795918368,203.0000034979662,-213.5000026056814,199.0000034979662
M10_scale,procedural,ours_dnq_dlc_seed71,30,10,ours_M10_scale_n10_seed30,ok,9,2200,300,12.973959381947314,10.171059112922302,12.015161743710733,18.43319971496212,0.7413207836646133,1.0545487046241762,13.789996209786342,10.352928781536386,12.18675242176246,20.49491229903247,4.5372761250634905,0.703066457439378,1.0151185989379883,1.322610855102539,0.09545454545454546,0.018636363636363635,3.762619482685158,193,0.14181818181818182,2200,3.0,0.06412005457025921,9.0,15.492957746478874,153.99999814835473,-213.5000026056814,149.99999814835473
M10_scale,procedural,ours_dnq_dlc_seed99,30,10,ours_M10_scale_n10_seed30,ok,9,2200,300,14.99358978418361,10.377019587054875,13.286793610601542,22.082719490095375,0.6403458654797195,0.9147793591022492,15.67036206278622,10.519410259012357,16.51208228279103,22.860243580442685,4.9326754865716556,0.6104863006152234,0.8850763797760012,1.4436672925949097,0.056818181818181816,0.0,3.009702600154446,461,0.09545454545454546,2200,3.0,0.04365620736698499,9.0,22.68041237113402,199.5000005520876,-213.5000026056814,195.5000005520876
M10_scale,procedural,rule_expert_gate,31,10,rule_M10_scale_n10_seed31,ok,9,2200,300,13.240105623000066,6.305913999525849,12.261707253388433,24.984926874997033,1.1328890411788597,3.1932526350021373,14.873598832352549,6.4311285080395475,12.729018830116555,26.62830632119226,7.010161775031652,1.0097845875739055,2.9136327743530295,4.550966262817383,0.31772727272727275,0.05409090909090909,2.7663802536158655,1448,0.0,0,nan,nan,nan,nan,157.5000102975048,-216.9999997977916,153.5000102975048
M10_scale,procedural,dlc_individual_transition,31,10,dlcA_M10_scale_n10_seed31,ok,9,2200,300,16.0101894775762,8.574986836655103,16.533131147230606,22.87279950559643,0.4961860643390039,0.8032710492610932,16.43482044227055,8.874938666967147,18.095608477823923,22.86379278264928,5.6689795996163355,0.45524399275380845,0.7853823482990266,0.8947087526321411,0.0,0.0,2.866862335341677,146,0.0,0,nan,nan,nan,nan,213.5000046020109,-217.0000017323971,209.5000046020109
M10_scale,procedural,dlc_joint_transition,31,10,dlcA_M10_scale_n10_seed31,ok,9,2200,300,15.973717802811874,13.807792446560295,15.577735687649767,18.272777347747443,0.774485371013656,0.9931645393371582,16.487199679380186,13.868131918998005,15.922277644386973,21.08318653171725,2.8315910445421015,0.730979529910705,0.9920738935470581,1.0099557638168335,0.009545454545454546,0.0,4.284655620694368,0,0.0,0,nan,nan,nan,nan,223.99999898568876,-216.9999997977916,219.99999898568876
M10_scale,procedural,dlc_joint_transition_observer,31,10,dlcA_M10_scale_n10_seed31,ok,9,2200,300,14.82517079236471,9.083840568312159,10.56643761226467,20.588666524151584,3.7954871555942256,10.117005825042725,15.321919722593924,9.16283904530816,18.830703004886843,20.565385329773836,5.079177187437762,3.409019270226021,9.900769519805909,10.806233406066895,0.7559090909090909,0.12045454545454545,4.405562827512637,0,0.0,0,nan,nan,nan,nan,238.0000058814819,-216.9999997977916,234.0000058814819
M10_scale,procedural,dlc_individual_transition,31,10,dlcB_M10_scale_n10_seed31,ok,9,2200,300,12.117163775880218,5.443175344359517,12.473300169175442,19.969644175772387,1.0178815336618496,3.046074295043947,12.93497692558359,5.443521238850854,12.7496725252218,20.210859345603904,5.374298254935747,0.9361447402712061,2.8359246015548716,3.844465494155884,0.24136363636363636,0.02090909090909091,4.431204618146952,332,0.0,0,nan,nan,nan,nan,94.50000157616114,-269.5000086793499,90.50000157616114
M10_scale,procedural,dlc_joint_transition,31,10,dlcB_M10_scale_n10_seed31,ok,9,2200,300,11.856390442619645,2.123956259182079,13.516700536786605,17.464816164469266,0.8988816736011128,1.5105788946151735,12.747025540472281,2.126042148405472,14.16722199178905,20.163842320550145,6.226363600816013,0.8148530971850481,1.4627997279167178,1.669634222984314,0.19727272727272727,0.0,3.78971730413207,72,0.0,0,nan,nan,nan,nan,129.50000166449604,-216.9999997977916,125.50000166449604
M10_scale,procedural,dlc_joint_transition_observer,31,10,dlcB_M10_scale_n10_seed31,ok,9,2200,300,18.18060447533811,16.377311384979837,18.39011028414255,19.884330650859322,3.469148299317611,8.779652786254887,18.397345734541826,16.37737395469344,19.10232649031996,20.60953391538172,1.780928348498094,3.1489255811012646,8.17599201202393,11.293953895568848,0.9145454545454546,0.023636363636363636,5.631507610230221,0,0.0,0,nan,nan,nan,nan,959.0000008109089,-216.9999997977916,955.0000008109089
M10_scale,procedural,dlc_individual_transition,31,10,dlcC_M10_scale_n10_seed31,ok,9,2200,300,12.117163775880218,5.443175344359517,12.473300169175442,19.969644175772387,1.0178815336618496,3.046074295043947,12.93497692558359,5.443521238850854,12.7496725252218,20.210859345603904,5.374298254935747,0.9361447402712061,2.8359246015548716,3.844465494155884,0.24136363636363636,0.02090909090909091,4.431204618146952,332,0.0,0,nan,nan,nan,nan,94.50000157616114,-269.5000086793499,90.50000157616114
M10_scale,procedural,dlc_joint_transition,31,10,dlcC_M10_scale_n10_seed31,ok,9,2200,300,15.973717802811874,13.807792446560295,15.577735687649767,18.272777347747443,0.774485371013656,0.9931645393371582,16.487199679380186,13.868131918998005,15.922277644386973,21.08318653171725,2.8315910445421015,0.730979529910705,0.9920738935470581,1.0099557638168335,0.009545454545454546,0.0,4.284655620694368,0,0.0,0,nan,nan,nan,nan,223.99999898568876,-216.9999997977916,219.99999898568876
M10_scale,procedural,dlc_joint_transition_observer,31,10,dlcC_M10_scale_n10_seed31,ok,9,2200,300,18.18060447533811,16.377311384979837,18.39011028414255,19.884330650859322,3.469148299317611,8.779652786254887,18.397345734541826,16.37737395469344,19.10232649031996,20.60953391538172,1.780928348498094,3.1489255811012646,8.17599201202393,11.293953895568848,0.9145454545454546,0.023636363636363636,5.631507610230221,0,0.0,0,nan,nan,nan,nan,959.0000008109089,-216.9999997977916,955.0000008109089
M10_scale,procedural,dlc_individual_transition,31,10,dlcD_M10_scale_n10_seed31,ok,9,2200,300,16.0101894775762,8.574986836655103,16.533131147230606,22.87279950559643,0.4961860643390039,0.8032710492610932,16.43482044227055,8.874938666967147,18.095608477823923,22.86379278264928,5.6689795996163355,0.45524399275380845,0.7853823482990266,0.8947087526321411,0.0,0.0,2.866862335341677,146,0.0,0,nan,nan,nan,nan,213.5000046020109,-217.0000017323971,209.5000046020109
M10_scale,procedural,dlc_joint_transition,31,10,dlcD_M10_scale_n10_seed31,ok,9,2200,300,11.856390442619645,2.123956259182079,13.516700536786605,17.464816164469266,0.8988816736011128,1.5105788946151735,12.747025540472281,2.126042148405472,14.16722199178905,20.163842320550145,6.226363600816013,0.8148530971850481,1.4627997279167178,1.669634222984314,0.19727272727272727,0.0,3.78971730413207,72,0.0,0,nan,nan,nan,nan,129.50000166449604,-216.9999997977916,125.50000166449604
M10_scale,procedural,dlc_joint_transition_observer,31,10,dlcD_M10_scale_n10_seed31,ok,9,2200,300,14.82517079236471,9.083840568312159,10.56643761226467,20.588666524151584,3.7954871555942256,10.117005825042725,15.321919722593924,9.16283904530816,18.830703004886843,20.565385329773836,5.079177187437762,3.409019270226021,9.900769519805909,10.806233406066895,0.7559090909090909,0.12045454545454545,4.405562827512637,0,0.0,0,nan,nan,nan,nan,238.0000058814819,-216.9999997977916,234.0000058814819
M10_scale,procedural,ours_dnq_dlc_seed13,31,10,ours_M10_scale_n10_seed31,ok,9,2200,300,14.43241929630711,8.254342439347042,13.219486168395264,23.179810193899627,0.6870250124312741,1.2099913835525515,14.706561140232163,7.967371414112771,13.89631717398628,23.229979200676247,5.792758880036962,0.6464266509207929,1.0982320189476014,2.1714138984680176,0.1572727272727273,0.0,2.404708904409178,760,0.04409090909090909,2200,3.0,0.040927694406548434,8.0,24.175824175824175,119.00000418122613,-227.5000015046479,115.00000418122613
M10_scale,procedural,ours_dnq_dlc_seed21,31,10,ours_M10_scale_n10_seed31,ok,9,2200,300,12.783028546122157,2.915209890265436,12.28448381529358,22.85481923041928,0.8851960894671318,1.7143963932991038,13.094352136639289,2.9602272915849883,12.375834495009773,22.9710966332126,7.0292362252381455,0.8464165421128697,1.6500781416893011,3.0364882946014404,0.25545454545454543,0.16363636363636364,2.6661109835758645,860,0.05863636363636364,2200,3.0,0.046839472487494316,8.0,21.153846153846153,122.49999814607077,-244.9999985530094,118.49999814607077
M10_scale,procedural,ours_dnq_dlc_seed47,31,10,ours_M10_scale_n10_seed31,ok,9,2200,300,14.432993341047668,10.70766814838597,12.5094563681565,20.885470632934684,0.7264331729049675,0.9367210447788239,14.786599500893972,10.585324396918676,12.665387397569837,22.96840231648225,4.683151424939089,0.6932266728509157,0.9245478272438049,1.4344298839569092,0.04318181818181818,0.0,4.541637447919689,91,0.1731818181818182,2200,3.0,0.0482037289677126,9.0,20.560747663551403,112.00000137474353,-220.5000017526345,108.00000137474353
M10_scale,procedural,ours_dnq_dlc_seed71,31,10,ours_M10_scale_n10_seed31,ok,9,2200,300,15.538810048158878,11.199579052484047,15.133130532220404,21.28629243266218,0.6848425186979339,0.9315069437026978,15.204057682325239,10.93978332268352,15.091881735473766,21.352567913683362,4.5023824328073205,0.6685897695815022,0.9163232743740083,1.6672732830047607,0.05409090909090909,0.0,2.5125222486961127,427,0.12,2200,2.951363636363636,0.06912232833105958,9.0,14.379084967320262,140.00000460288675,-227.49999983672433,136.00000460288675
M10_scale,procedural,ours_dnq_dlc_seed99,31,10,ours_M10_scale_n10_seed31,ok,9,2200,300,14.222401444073656,10.295621827607567,13.738825232829448,19.44597442760513,0.44883159869558814,0.9224142968654634,15.132985672246214,10.516613231900049,14.18202253766231,22.244496423677013,4.498699367191217,0.42801882400006763,0.9016937971115113,1.267045021057129,0.05590909090909091,0.0,2.800838274168895,622,0.056363636363636366,2200,3.0,0.07412460209185993,9.0,13.414634146341463,126.00000150262144,-216.9999997977916,122.00000150262144
M10_scale,procedural,rule_expert_gate,32,10,rule_M10_scale_n10_seed32,ok,9,2200,300,11.662145122729289,3.456440851028217,9.439810440924589,26.19023058962498,3.214519741474712,6.293831729888916,12.573287417309562,3.63792456384679,9.67962654970156,26.569540789552917,7.48444557956236,2.8162949349951867,6.2454848289489755,7.5264434814453125,0.5904545454545455,0.2922727272727273,2.7904239577401246,1650,0.0,0,nan,nan,nan,nan,136.5000076755607,-322.000000334676,132.5000076755607
M10_scale,procedural,dlc_individual_transition,32,10,dlcA_M10_scale_n10_seed32,ok,9,2200,300,8.129741063488124,1.4959462122479938,5.859522365946141,21.27672578583489,1.484087776006207,3.0128803014755268,9.729707898210254,1.5013727875782494,5.921995937099274,22.835136749521986,7.81533402130458,1.3288235613663577,2.7847463607788088,3.8805110454559326,0.5713636363636364,0.0,2.8877928501172834,1403,0.0,0,nan,nan,nan,nan,122.5000134960303,-290.50000232889295,118.5000134960303
M10_scale,procedural,dlc_joint_transition,32,10,dlcA_M10_scale_n10_seed32,ok,9,2200,300,13.774748571541304,3.696298581558915,14.663359632048593,21.897354887636997,0.8349378456739023,1.9730766654014595,14.408957671137,3.7197100405199968,14.745906479760855,21.774318150666133,5.45582426278529,0.7782141687081259,1.843710124492646,2.3619205951690674,0.14772727272727273,0.0,3.006319591209206,351,0.0,0,nan,nan,nan,nan,210.00000252792415,-213.50000386062413,206.00000252792415
M10_scale,procedural,dlc_joint_transition_observer,32,10,dlcA_M10_scale_n10_seed32,ok,9,2200,300,15.539960763673887,5.000803012846111,20.311539945746755,23.51908345144942,0.9138419580655662,1.8342613697052004,15.866666287708858,5.00379951080384,18.919859659567067,23.425948659705274,7.719889268921454,0.87199535662647,1.7784960985183715,2.1617801189422607,0.42272727272727273,0.0,2.887066013237055,157,0.0,0,nan,nan,nan,nan,259.0000074781103,-213.50000386062413,255.00000747811032
M10_scale,procedural,dlc_individual_transition,32,10,dlcB_M10_scale_n10_seed32,ok,9,2200,300,17.052790637229847,6.148407274192078,21.16772680285648,23.6361548230773,0.49580136828017296,0.8011131703853609,17.192484874242634,6.245545359322225,21.17050826044298,23.601893776082154,7.013472558296164,0.46732289425242923,0.7766433477401734,0.9030448794364929,0.0,0.0,3.5809990556326388,0,0.0,0,nan,nan,nan,nan,297.5000036211693,-213.50000386062413,293.5000036211693
M10_scale,procedural,dlc_joint_transition,32,10,dlcB_M10_scale_n10_seed32,ok,9,2200,300,13.20862900972743,4.525257304013084,14.902879046575737,20.98904002923722,1.5649577063153879,4.048915433883668,13.974234258565012,4.533588256584702,15.783745581035227,21.1568234000865,7.065330269150086,1.3695953070588374,3.8842528581619264,4.680579662322998,0.32727272727272727,0.05227272727272727,4.235331417663065,350,0.0,0,nan,nan,nan,nan,119.00000099608087,-294.00000851209904,115.00000099608087
M10_scale,procedural,dlc_joint_transition_observer,32,10,dlcB_M10_scale_n10_seed32,ok,9,2200,300,13.908619138493211,0.08568044695598735,18.022606293089268,18.858916617774003,1.2244623235338612,2.168606233596803,14.283986227241193,0.227482245349128,18.030462343908678,19.418156878659037,6.948486076951109,1.134023958039576,2.033508253097535,3.608180284500122,0.6036363636363636,0.005909090909090909,4.586211733140891,72,0.0,0,nan,nan,nan,nan,259.0000074781103,-213.50000429532815,255.00000747811032
M10_scale,procedural,dlc_individual_transition,32,10,dlcC_M10_scale_n10_seed32,ok,9,2200,300,17.052790637229847,6.148407274192078,21.16772680285648,23.6361548230773,0.49580136828017296,0.8011131703853609,17.192484874242634,6.245545359322225,21.17050826044298,23.601893776082154,7.013472558296164,0.46732289425242923,0.7766433477401734,0.9030448794364929,0.0,0.0,3.5809990556326388,0,0.0,0,nan,nan,nan,nan,297.5000036211693,-213.50000386062413,293.5000036211693
M10_scale,procedural,dlc_joint_transition,32,10,dlcC_M10_scale_n10_seed32,ok,9,2200,300,13.774748571541304,3.696298581558915,14.663359632048593,21.897354887636997,0.8349378456739023,1.9730766654014595,14.408957671137,3.7197100405199968,14.745906479760855,21.774318150666133,5.45582426278529,0.7782141687081259,1.843710124492646,2.3619205951690674,0.14772727272727273,0.0,3.006319591209206,351,0.0,0,nan,nan,nan,nan,210.00000252792415,-213.50000386062413,206.00000252792415
M10_scale,procedural,dlc_joint_transition_observer,32,10,dlcC_M10_scale_n10_seed32,ok,9,2200,300,13.908619138493211,0.08568044695598735,18.022606293089268,18.858916617774003,1.2244623235338612,2.168606233596803,14.283986227241193,0.227482245349128,18.030462343908678,19.418156878659037,6.948486076951109,1.134023958039576,2.033508253097535,3.608180284500122,0.6036363636363636,0.005909090909090909,4.586211733140891,72,0.0,0,nan,nan,nan,nan,259.0000074781103,-213.50000429532815,255.00000747811032
M10_scale,procedural,dlc_individual_transition,32,10,dlcD_M10_scale_n10_seed32,ok,9,2200,300,8.129741063488124,1.4959462122479938,5.859522365946141,21.27672578583489,1.484087776006207,3.0128803014755268,9.729707898210254,1.5013727875782494,5.921995937099274,22.835136749521986,7.81533402130458,1.3288235613663577,2.7847463607788088,3.8805110454559326,0.5713636363636364,0.0,2.8877928501172834,1403,0.0,0,nan,nan,nan,nan,122.5000134960303,-290.50000232889295,118.5000134960303
M10_scale,procedural,dlc_joint_transition,32,10,dlcD_M10_scale_n10_seed32,ok,9,2200,300,13.20862900972743,4.525257304013084,14.902879046575737,20.98904002923722,1.5649577063153879,4.048915433883668,13.974234258565012,4.533588256584702,15.783745581035227,21.1568234000865,7.065330269150086,1.3695953070588374,3.8842528581619264,4.680579662322998,0.32727272727272727,0.05227272727272727,4.235331417663065,350,0.0,0,nan,nan,nan,nan,119.00000099608087,-294.00000851209904,115.00000099608087
M10_scale,procedural,dlc_joint_transition_observer,32,10,dlcD_M10_scale_n10_seed32,ok,9,2200,300,15.539960763673887,5.000803012846111,20.311539945746755,23.51908345144942,0.9138419580655662,1.8342613697052004,15.866666287708858,5.00379951080384,18.919859659567067,23.425948659705274,7.719889268921454,0.87199535662647,1.7784960985183715,2.1617801189422607,0.42272727272727273,0.0,2.887066013237055,157,0.0,0,nan,nan,nan,nan,259.0000074781103,-213.50000386062413,255.00000747811032
M10_scale,procedural,ours_dnq_dlc_seed13,32,10,ours_M10_scale_n10_seed32,ok,9,2200,300,15.23592796369115,8.295865259499696,15.875259458421302,23.275459417103715,0.6952652105120452,1.429690444469452,15.835600765735014,8.44554705125055,17.310762192248916,23.265756023941876,5.888131432023002,0.6738154457289387,1.3256394505500795,2.0805726051330566,0.135,0.03772727272727273,3.5897060639135834,565,0.07136363636363637,2200,3.0,0.027285129604365622,9.0,36.0655737704918,178.50000162727906,-213.50000386062413,174.50000162727906
M10_scale,procedural,ours_dnq_dlc_seed21,32,10,ours_M10_scale_n10_seed32,ok,9,2200,300,12.177626307453052,8.685650894434572,11.859184907805712,16.68196867699587,0.28975613422911395,0.8045371353626254,12.53929275617145,8.932637104492477,11.928598748585852,17.800113726254978,3.626256503062775,0.35000376234867336,0.8730272591114047,1.2104790210723877,0.017727272727272727,0.0,3.316686771433923,984,0.08954545454545454,2200,2.885,0.07867212369258754,7.0,12.64367816091954,48.999998964482984,-213.50000386062413,44.999998964482984
M10_scale,procedural,ours_dnq_dlc_seed47,32,10,ours_M10_scale_n10_seed32,ok,9,2200,300,16.15293584770636,11.047320333936801,16.033181212755473,23.301106263015885,0.6948151842011516,0.9895267188549046,16.19315744643859,11.037985488028685,16.32563390901133,23.29354597282529,4.599615864258635,0.6881755285102099,0.9587582767009736,1.4032052755355835,0.06727272727272728,0.0,2.9280461723623796,7,0.15363636363636363,2200,2.9872727272727273,0.12187357889949978,9.0,8.178438661710038,168.00000291395804,-213.50000386062413,164.00000291395804
M10_scale,procedural,ours_dnq_dlc_seed71,32,10,ours_M10_scale_n10_seed32,ok,9,2200,300,14.986030930609148,10.888331990564232,13.7443479762332,22.794479977702235,0.5122949145489838,0.9647121846675873,15.357484377374846,10.921476217089058,13.90405816270194,23.22122296395714,4.448254091337456,0.5128742115369427,0.9309021890163423,1.87345552444458,0.07227272727272727,0.0,2.3877467047446,671,0.08,2200,3.0,0.0904956798544793,9.0,11.0,154.00000530327748,-213.50000386062413,150.00000530327748
M10_scale,procedural,ours_dnq_dlc_seed99,32,10,ours_M10_scale_n10_seed32,ok,9,2200,300,15.283382934471833,8.919700095977646,15.675233175442205,22.645096743557097,0.5503466737093894,0.8348669886589051,15.947568246599106,9.626005359627916,16.349831331806254,23.2935331626371,5.355890277921423,0.5261531474978917,0.8222277104854584,0.974994421005249,0.0,0.0,3.3458916296607697,110,0.07681818181818181,2200,3.0,0.053660754888585724,9.0,18.48739495798319,203.0000002426475,-213.50000386062413,199.0000002426475
